Food Product,Main Ingredient,Sweetener,Fat/Oil,Seasoning,Allergens,Prediction
Almond Cookies,Almonds,Sugar,Butter,Flour,"Almonds, Wheat, Dairy",Contains
Almond Cookies,Almonds,Sugar,Butter,Flour,"Almonds, Wheat, Dairy",Contains
Chicken Noodle Soup,Chicken broth,None,None,Salt,"Chicken, Wheat, Celery",Contains
Chicken Noodle Soup,Chicken broth,None,None,Salt,"Chicken, Wheat, Celery",Contains
Cheddar Cheese,Cheese,None,None,Salt,Dairy,Contains
Ranch Dressing,Buttermilk,Sugar,Vegetable oil,"Garlic, herbs",Dairy,Contains
Caramel Popcorn,Popcorn,Sugar,Butter,Salt,Dairy,Contains
Caesar Salad,Romaine lettuce,None,Olive oil,Parmesan cheese,Dairy,Contains
Caesar Wrap,Grilled chicken,None,Caesar dressing,"Lettuce, Parmesan cheese",Dairy,Contains
Strawberry Smoothie,Strawberries,Honey,"Yogurt (milk, cultures)",None,Dairy,Contains
Cheese Pizza,Cheese,None,None,Tomato sauce,Dairy,Contains
Margherita Pizza,Cheese,None,None,"Tomato sauce, basil",Dairy,Contains
Mashed Potatoes,Potatoes,None,Butter,"Salt, Pepper",Dairy,Contains
Greek Yogurt,"Yogurt (milk, cultures)",None,None,None,Dairy,Contains
Caesar Salad Wrap,Grilled chicken,None,Caesar dressing,"Lettuce, Parmesan cheese",Dairy,Contains
Caprese Salad,Tomatoes,None,Olive oil,"Mozzarella cheese, basil",Dairy,Contains
Berry Smoothie,Mixed berries,Sugar,"Yogurt (milk, cultures)",None,Dairy,Contains
Caesar Salad,Romaine lettuce,None,Olive oil,Caesar dressing,Dairy,Contains
Berry Parfait,Mixed berries,Sugar,"Yogurt (milk, cultures)",Granola,Dairy,Contains
Chicken Alfredo,Chicken,None,Butter,"Cream, Parmesan cheese",Dairy,Contains
Pesto Pizza,Pesto sauce,None,None,"Mozzarella cheese, basil",Dairy,Contains
Beef Stroganoff,Beef,None,Sour cream,"Mushroom, onion",Dairy,Contains
Banana Smoothie,Bananas,Honey,"Yogurt (milk, cultures)",None,Dairy,Contains
Watermelon Salad,Watermelon,None,None,"Feta cheese, mint",Dairy,Contains
Chicken Parmesan,Chicken,None,"Bread crumbs, Parmesan cheese",Marinara sauce,Dairy,Contains
Mango Lassi,Mango,Sugar,"Yogurt (milk, cultures)",Cardamom,Dairy,Contains
Greek Salad,Cucumbers,None,Olive oil,"Feta cheese, olives",Dairy,Contains
Butternut Squash Soup,Butternut squash,None,Butter,Vegetable broth,Dairy,Contains
Margherita Pasta,Pasta,None,Olive oil,"Fresh tomatoes, mozzarella",Dairy,Contains
Greek Gyro Wrap,Lamb,None,None,"Tzatziki sauce, tomatoes, onions",Dairy,Contains
Spinach and Feta Stuffed Chicken,Chicken,None,Olive oil,"Spinach, feta cheese",Dairy,Contains
Chicken Fettuccine Alfredo,Chicken,None,Butter,"Cream, Parmesan cheese",Dairy,Contains
Caprese Sandwich,Tomatoes,None,Olive oil,"Mozzarella cheese, basil",Dairy,Contains
Mushroom Risotto,Mushrooms,None,Butter,"Arborio rice, Parmesan cheese",Dairy,Contains
Greek Yogurt Parfait,Greek yogurt,Honey,None,"Granola, mixed berries",Dairy,Contains
Eggplant Parmesan,Eggplant,None,Olive oil,"Marinara sauce, cheese",Dairy,Contains
Banana Pudding,Bananas,Sugar,Milk,"Vanilla pudding mix, cookies",Dairy,Contains
Margherita Pizza,Pizza dough,None,Olive oil,"Mozzarella cheese, tomatoes, basil",Dairy,Contains
Chicken Caesar Wrap,Chicken,None,Caesar dressing,"Romaine lettuce, Parmesan cheese",Dairy,Contains
Greek Spanakopita,Spinach,None,Olive oil,"Feta cheese, phyllo dough",Dairy,Contains
Mushroom Soup,Mushrooms,None,Butter,Vegetable broth,Dairy,Contains
Greek Yogurt,"Yogurt (milk, cultures)",Honey,None,None,Dairy,Contains
Spinach Artichoke Dip,Spinach,None,"Cream cheese, sour cream","Parmesan cheese, garlic",Dairy,Contains
Chocolate Mousse,Chocolate,Sugar,Heavy cream,Vanilla extract,Dairy,Contains
Stuffed Portobello Mushrooms,Portobello mushrooms,None,None,"Cheese, breadcrumbs",Dairy,Contains
Caprese Salad,Tomatoes,None,Olive oil,"Mozzarella cheese, basil",Dairy,Contains
Tandoori Chicken,Chicken,None,Yogurt,Tandoori spices,Dairy,Contains
Beef Stroganoff,Beef,None,Sour cream,"Mushrooms, onions",Dairy,Contains
Strawberry Smoothie,Strawberries,Sugar,Yogurt,Milk,Dairy,Contains
Baked Garlic Parmesan Chicken,Chicken,None,Butter,"Parmesan cheese, garlic",Dairy,Contains
Mushroom and Goat Cheese Flatbread,Mushrooms,None,Olive oil,"Goat cheese, herbs",Dairy,Contains
Margherita Pasta,Pasta,None,Olive oil,"Mozzarella cheese, tomatoes, basil",Dairy,Contains
Pumpkin Soup,Pumpkin,None,Butter,"Nutmeg, cream",Dairy,Contains
Butternut Squash Soup,Butternut squash,None,Butter,"Nutmeg, cream",Dairy,Contains
Caprese Skewers,Tomatoes,None,Olive oil,"Mozzarella cheese, basil",Dairy,Contains
Chicken Piccata,Chicken,None,Butter,"Lemon, capers",Dairy,Contains
Berry Parfait,Berries,Honey,Yogurt,Granola,Dairy,Contains
Stuffed Mushrooms,Mushrooms,None,None,"Cheese, breadcrumbs",Dairy,Contains
Spinach Artichoke Dip,Spinach,None,"Cream cheese, sour cream","Parmesan cheese, garlic",Dairy,Contains
Chocolate Mousse,Chocolate,Sugar,Heavy cream,Vanilla extract,Dairy,Contains
Stuffed Portobello Mushrooms,Portobello mushrooms,None,None,"Cheese, breadcrumbs",Dairy,Contains
Caprese Salad,Tomatoes,None,Olive oil,"Mozzarella cheese, basil",Dairy,Contains
Tandoori Chicken,Chicken,None,Yogurt,Tandoori spices,Dairy,Contains
Beef Stroganoff,Beef,None,Sour cream,"Mushrooms, onions",Dairy,Contains
Strawberry Smoothie,Strawberries,Sugar,Yogurt,Milk,Dairy,Contains
Baked Garlic Parmesan Chicken,Chicken,None,Butter,"Parmesan cheese, garlic",Dairy,Contains
Butter Chicken,Chicken,Sugar,Butter,"Tomato sauce, cream",Dairy,Contains
Palak Paneer,Spinach,None,Ghee,"Paneer, spices",Dairy,Contains
Tandoori Chicken,Chicken,None,Yogurt,Tandoori spices,Dairy,Contains
Rogan Josh,Lamb,None,Ghee,"Yogurt, Kashmiri red chili",Dairy,Contains
Paneer Tikka,Paneer,None,Oil,"Tikka masala, spices",Dairy,Contains
Dal Makhani,Lentils,None,Ghee,"Cream, spices",Dairy,Contains
Malai Kofta,Cottage cheese,None,Ghee,Creamy tomato sauce,Dairy,Contains
Chicken Tikka Masala,Chicken,Sugar,Ghee,"Tomato sauce, cream",Dairy,Contains
Gulab Jamun,Milk solids,Sugar,Ghee,Cardamom syrup,Dairy,Contains
Chicken Korma,Chicken,None,Ghee,"Creamy sauce, spices",Dairy,Contains
Malai Chicken Tikka,Chicken,None,Cream,Spices,Dairy,Contains
Dahi Vada,Lentil dumplings,None,Yogurt,"Tamarind chutney, spices",Dairy,Contains
Chicken Malai Tikka,Chicken,None,Cream,Spices,Dairy,Contains
Matar Paneer,Paneer,None,Ghee,"Peas, spices",Dairy,Contains
Rasgulla,Paneer,Sugar,None,"Rose water, syrup",Dairy,Contains
Rabri,Milk,Sugar,Ghee,"Cardamom, nuts",Dairy,Contains
Chicken Korma,Chicken,None,Ghee,"Creamy sauce, spices",Dairy,Contains
Gulab Jamun,Milk solids,Sugar,Ghee,Cardamom syrup,Dairy,Contains
Rogan Josh,Lamb,None,Ghee,"Yogurt, Kashmiri red chili",Dairy,Contains
Kheer,Rice,Sugar,Ghee,"Cardamom, nuts",Dairy,Contains
Rasmalai,Paneer,Sugar,"Milk, Ghee","Cardamom, nuts",Dairy,Contains
Chicken Caesar Salad,Chicken breast,None,Olive oil,Parmesan cheese,"Dairy, Anchovies",Contains
Chocolate Mousse,Chocolate,Sugar,Heavy cream,Vanilla extract,"Dairy, Cocoa",Contains
Quiche Lorraine,Bacon,None,Heavy cream,"Cheese, eggs","Dairy, Eggs",Contains
Chicken Piccata,Chicken,None,Butter,"Lemon, capers","Dairy, Fish",Contains
Chicken Tikka Masala,Chicken,None,Ghee,Tikka masala sauce,"Dairy, Ghee",Contains
Sweet Potato Casserole,Sweet potatoes,Brown sugar,Butter,"Cinnamon, nutmeg","Dairy, Nuts",Contains
Baked Brie,Brie cheese,None,None,"Herbs, nuts","Dairy, Nuts",Contains
French Onion Soup,Onions,None,Butter,"Beef broth, cheese, bread","Dairy, Wheat",Contains
Greek Gyro,Lamb/Chicken,None,None,"Tzatziki sauce, vegetables","Dairy, Wheat",Contains
French Onion Soup,Onions,None,Butter,"Beef broth, cheese, bread","Dairy, Wheat",Contains
Omelette,Eggs,None,Butter,"Salt, pepper",Eggs,Contains
Egg Salad,Eggs,Mayonnaise,None,"Celery, onion",Eggs,Contains
Egg Salad,Eggs,Mayonnaise,None,"Celery, onion",Eggs,Contains
Quiche,Eggs,None,Cheese,Vegetables,"Eggs, Dairy",Contains
Egg Salad Sandwich,Eggs,Mayonnaise,None,"Celery, mustard","Eggs, Mustard",Contains
Egg Fried Rice,Eggs,None,Sesame oil,Soy sauce,"Eggs, Soybeans",Contains
Fish Sticks,Fish fillets,None,Vegetable oil,Salt,Fish,Contains
Fish Sticks,Fish fillets,None,Vegetable oil,Salt,Fish,Contains
Baked Salmon,Salmon fillet,None,Olive oil,"Lemon, herbs",Fish,Contains
Teriyaki Salmon,Salmon,None,Vegetable oil,Teriyaki sauce,Fish,Contains
Baked Salmon,Salmon,None,Olive oil,"Lemon, herbs",Fish,Contains
Lemon Dill Salmon,Salmon,None,Olive oil,"Lemon, dill",Fish,Contains
Baked Salmon,Salmon,None,Olive oil,"Lemon, herbs",Fish,Contains
Malabar Fish Curry,Fish,None,Coconut oil,"Tamarind, spices","Fish, Coconut",Contains
Baked Cod,Cod,None,Butter,"Lemon, herbs","Fish, Dairy",Contains
Baked Cod,Cod,None,Butter,"Lemon, herbs","Fish, Dairy",Contains
Tuna Sandwich,Tuna,Mayonnaise,None,"Salt, Pepper","Fish, Eggs",Contains
Tuna Salad,Tuna,Mayonnaise,None,"Celery, onion","Fish, Eggs",Contains
Sushi,"Fish (salmon, tuna)",Rice vinegar,Sesame oil,Soy sauce,"Fish, Soybeans",Contains
Teriyaki Salmon,Salmon fillet,Sugar,Soy sauce,"Ginger, garlic","Fish, Soybeans",Contains
Sushi Bowl,Sushi rice,None,Soy sauce,"Raw fish, vegetables","Fish, Soybeans",Contains
Honey Soy Glazed Salmon,Salmon,Honey,Soy sauce,"Garlic, ginger","Fish, Soybeans",Contains
Sushi Bowl,Sushi rice,None,Soy sauce,"Raw fish, vegetables","Fish, Soybeans",Contains
Honey Soy Glazed Salmon,Salmon,Honey,Soy sauce,"Garlic, ginger","Fish, Soybeans",Contains
Milk Chocolate,Sugar,Cocoa butter,Milk powder,Vanilla extract,Milk,Contains
Milk Chocolate,Sugar,Cocoa butter,Milk powder,Vanilla extract,Milk,Contains
Vanilla Ice Cream,Milk,Sugar,Cream,Vanilla extract,Milk,Contains
Vanilla Yogurt,"Yogurt (milk, cultures)",Sugar,None,Vanilla extract,Milk,Contains
Strawberry Yogurt,"Yogurt (milk, cultures)",Sugar,None,Pectin,"Milk, Strawberries",Contains
Strawberry Yogurt,"Yogurt (milk, cultures)",Sugar,None,Pectin,"Milk, Strawberries",Contains
Tomato Soup,Tomatoes,None,None,"Salt, Sugar",None,Does not contain
Apple,Apples,None,None,None,None,Does not contain
Tomato Soup,Tomatoes,None,None,"Salt, Sugar",None,Does not contain
Apple,Apples,None,None,None,None,Does not contain
Orange Juice,Oranges,Sugar,None,None,None,Does not contain
Greek Salad,Cucumber,None,Olive oil,Lemon juice,None,Does not contain
Spaghetti Bolognese,Ground beef,Sugar,Olive oil,Tomato sauce,None,Contains
Honey Mustard Chicken,Chicken breast,Honey,Mustard,Vegetable oil,None,Contains
BBQ Ribs,Pork ribs,Brown sugar,Vegetable oil,BBQ sauce,None,Contains
Quinoa Salad,Quinoa,None,Olive oil,"Lemon juice, herbs",None,Does not contain
Vegetable Stir-Fry,Mixed vegetables,None,Vegetable oil,Soy sauce,None,Does not contain
Beef Burger,Ground beef,None,Vegetable oil,"Salt, Pepper",None,Does not contain
French Fries,Potatoes,None,Vegetable oil,Salt,None,Does not contain
Lemonade,Lemon juice,Sugar,Water,None,None,Does not contain
Gazpacho,Tomatoes,None,Olive oil,"Garlic, herbs",None,Does not contain
Beef Tacos,Ground beef,None,Vegetable oil,Taco seasoning,None,Does not contain
Lentil Soup,Lentils,None,Olive oil,Vegetables,None,Does not contain
Chicken Curry,Chicken,None,Vegetable oil,Curry powder,None,Does not contain
Ratatouille,Eggplant,None,Olive oil,Tomatoes,None,Does not contain
Pesto Pasta,Pasta,None,Olive oil,"Basil, garlic",None,Does not contain
Chicken Stir-Fry,Chicken,None,Vegetable oil,Soy sauce,None,Does not contain
Veggie Burger,Mixed vegetables,None,Vegetable oil,Seasonings,None,Does not contain
Vegetable Soup,Mixed vegetables,None,Olive oil,Seasonings,None,Does not contain
Spinach Salad,Spinach,None,Olive oil,Balsamic vinegar,None,Does not contain
Chicken Enchiladas,Chicken,None,Vegetable oil,Enchilada sauce,None,Does not contain
Minestrone Soup,Vegetables,None,Olive oil,Tomato broth,None,Does not contain
Salsa,Tomatoes,None,None,"Onion, cilantro",None,Does not contain
Lemon Garlic Chicken,Chicken,None,Olive oil,"Lemon juice, garlic",None,Does not contain
Pancetta Pasta,Pasta,None,Pancetta,"Garlic, herbs",None,Does not contain
Chicken Teriyaki,Chicken,None,Vegetable oil,Teriyaki sauce,None,Does not contain
Spinach Stuffed Chicken,Chicken,None,Olive oil,"Spinach, garlic",None,Does not contain
Coconut Curry,Chicken,None,Coconut milk,Curry paste,None,Does not contain
Apple Cider,Apples,Sugar,None,Cinnamon,None,Does not contain
Ratatouille,Eggplant,None,Olive oil,"Tomatoes, zucchini",None,Does not contain
Avocado Toast,Avocado,None,Olive oil,"Salt, pepper",None,Does not contain
Beef Stir-Fry,Beef,None,Vegetable oil,Soy sauce,None,Does not contain
Black Bean Soup,Black beans,None,Olive oil,Vegetables,None,Does not contain
Beef Tacos,Ground beef,None,Vegetable oil,Taco seasoning,None,Does not contain
Cucumber Salad,Cucumber,None,Olive oil,"Lemon juice, dill",None,Does not contain
Fruit Salad,Mixed fruits,Sugar,None,Lemon juice,None,Does not contain
Sausage Pizza,Sausage,None,None,Mozzarella cheese,None,Does not contain
Chicken Fajitas,Chicken,None,Vegetable oil,Fajita seasoning,None,Does not contain
Mango Salsa,Mango,None,None,"Red onion, lime",None,Does not contain
Lentil Curry,Lentils,None,Coconut milk,Curry powder,None,Does not contain
Green Smoothie,Spinach,Honey,Avocado,Almond milk,None,Does not contain
Stuffed Bell Peppers,Bell peppers,None,Olive oil,"Ground meat, rice",None,Does not contain
Beef and Broccoli,Beef,None,Vegetable oil,Soy sauce,None,Does not contain
Cabbage Rolls,Cabbage,None,Olive oil,"Ground meat, rice",None,Does not contain
Caramel Apple,Apples,Caramel,None,None,None,Does not contain
Sweet Potato Fries,Sweet potatoes,None,Vegetable oil,"Salt, paprika",None,Does not contain
Beef Chili,Ground beef,None,None,Chili powder,None,Does not contain
Pesto Chicken,Chicken,None,Pesto sauce,None,None,Does not contain
Beef Burritos,Ground beef,None,Vegetable oil,Taco seasoning,None,Does not contain
Chicken Shawarma,Chicken,None,Olive oil,Shawarma spices,None,Does not contain
Stuffed Mushrooms,Mushrooms,None,None,"Garlic, herbs",None,Does not contain
Zucchini Noodles,Zucchini,None,Olive oil,"Garlic, herbs",None,Does not contain
Sweet and Sour Chicken,Chicken,Sugar,Vegetable oil,"Pineapple, bell peppers",None,Does not contain
Beef Kabobs,Beef,None,Olive oil,Seasonings,None,Does not contain
Tomato Bruschetta,Tomatoes,None,Olive oil,"Garlic, basil",None,Does not contain
Quinoa Stuffed Peppers,Quinoa,None,Olive oil,"Vegetables, spices",None,Does not contain
Veggie Omelette,Mixed vegetables,None,Olive oil,"Salt, pepper",None,Does not contain
Ratatouille,Vegetables,None,Olive oil,"Herbs, garlic",None,Does not contain
Beef Tacos,Beef,None,Vegetable oil,Taco seasoning,None,Does not contain
Quinoa Salad,Quinoa,None,Olive oil,"Lemon juice, vegetables",None,Does not contain
Vegetable Stir-Fry,Mixed vegetables,None,Vegetable oil,Soy sauce,None,Does not contain
Buffalo Wings,Chicken wings,None,Vegetable oil,Buffalo sauce,None,Does not contain
Lentil Soup,Lentils,None,Olive oil,Vegetables,None,Does not contain
Stuffed Cabbage Rolls,Cabbage,None,Olive oil,"Ground meat, rice",None,Does not contain
Orange Chicken,Chicken,None,Vegetable oil,Orange sauce,None,Does not contain
Honey Mustard Chicken,Chicken,Honey,Olive oil,"Mustard, herbs",None,Does not contain
Lentil Salad,Lentils,None,Olive oil,"Lemon juice, vegetables",None,Does not contain
Cilantro Lime Chicken,Chicken,None,Olive oil,"Cilantro, lime",None,Does not contain
Ratatouille Pizza,Pizza dough,None,Olive oil,Ratatouille vegetables,None,Does not contain
Chicken Curry,Chicken,None,Coconut milk,Curry powder,None,Does not contain
Pesto Pasta Salad,Pasta,None,Pesto sauce,"Tomatoes, vegetables",None,Does not contain
Beef and Mushroom Stir-Fry,Beef,None,Vegetable oil,Soy sauce,None,Does not contain
Tofu Curry,Tofu,None,Coconut milk,Curry paste,None,Does not contain
Stuffed Bell Peppers,Bell peppers,None,Olive oil,"Ground meat, rice",None,Does not contain
Stuffed Bell Peppers,Bell peppers,None,Olive oil,"Ground meat, rice",None,Does not contain
Greek Moussaka,Eggplant,None,Olive oil,"Ground meat, potatoes",None,Does not contain
Brussels Sprouts,Brussels sprouts,None,Olive oil,Balsamic glaze,None,Does not contain
Baked Chicken Wings,Chicken wings,None,Olive oil,Seasonings,None,Does not contain
Mango Coconut Popsicles,Mango,Sugar,Coconut milk,None,None,Does not contain
Ratatouille Pasta,Pasta,None,Olive oil,Ratatouille vegetables,None,Does not contain
Chicken Noodle Soup,Chicken,None,Vegetable oil,"Noodles, vegetables",None,Does not contain
Mango Salsa,Mango,None,None,"Lime juice, cilantro",None,Does not contain
Spinach Salad,Spinach,None,Olive oil,Balsamic vinaigrette,None,Does not contain
Caramelized Onions,Onions,Sugar,Butter,None,None,Does not contain
Beef Stir-Fry,Beef,None,Vegetable oil,Soy sauce,None,Does not contain
Strawberry Spinach Salad,Spinach,None,None,"Strawberries, vinaigrette",None,Does not contain
Ratatouille Tart,Vegetables,None,Olive oil,"Puff pastry, herbs",None,Does not contain
Honey Glazed Carrots,Carrots,Honey,Butter,None,None,Does not contain
Cucumber Salad,Cucumbers,None,Olive oil,"Vinegar, herbs",None,Does not contain
Greek Lemon Potatoes,Potatoes,None,Olive oil,"Lemon juice, herbs",None,Does not contain
Stuffed Tomatoes,Tomatoes,None,None,"Herbs, breadcrumbs",None,Does not contain
Avocado Toast,Avocado,None,Olive oil,"Salt, pepper",None,Does not contain
Lemon Pepper Chicken,Chicken,None,Olive oil,Lemon pepper seasoning,None,Does not contain
Chicken Shawarma,Chicken,None,Olive oil,Shawarma seasoning,None,Does not contain
Lemon Herb Roasted Chicken,Chicken,None,Olive oil,"Lemon, herbs",None,Does not contain
Greek Lemon Chicken,Chicken,None,Olive oil,"Lemon juice, herbs",None,Does not contain
Roasted Brussels Sprouts,Brussels sprouts,None,Olive oil,Balsamic glaze,None,Does not contain
Beef Burritos,Beef,None,Vegetable oil,Burrito seasoning,None,Does not contain
Raspberry Spinach Salad,Spinach,None,None,"Raspberries, vinaigrette",None,Does not contain
Chicken and Rice Soup,Chicken,None,Vegetable oil,"Rice, vegetables",None,Does not contain
Chicken Fajitas,Chicken,None,Vegetable oil,Fajita seasoning,None,Does not contain
Vegetable Curry,Mixed vegetables,None,Coconut milk,Curry paste,None,Does not contain
Ratatouille,Vegetables,None,Olive oil,Herbs,None,Does not contain
Pesto Pasta Salad,Pasta,None,Pesto sauce,"Tomatoes, vegetables",None,Does not contain
Beef and Mushroom Stir-Fry,Beef,None,Vegetable oil,Soy sauce,None,Does not contain
Tofu Curry,Tofu,None,Coconut milk,Curry paste,None,Does not contain
Stuffed Bell Peppers,Bell peppers,None,Olive oil,"Ground meat, rice",None,Does not contain
Greek Moussaka,Eggplant,None,Olive oil,"Ground meat, potatoes",None,Does not contain
Brussels Sprouts,Brussels sprouts,None,Olive oil,Balsamic glaze,None,Does not contain
Baked Chicken Wings,Chicken wings,None,Olive oil,Seasonings,None,Does not contain
Mango Coconut Popsicles,Mango,Sugar,Coconut milk,None,None,Does not contain
Ratatouille Pasta,Pasta,None,Olive oil,Ratatouille vegetables,None,Does not contain
Chicken Noodle Soup,Chicken,None,Vegetable oil,"Noodles, vegetables",None,Does not contain
Mango Salsa,Mango,None,None,"Lime juice, cilantro",None,Does not contain
Spinach Salad,Spinach,None,Olive oil,Balsamic vinaigrette,None,Does not contain
Caramelized Onions,Onions,Sugar,Butter,None,None,Does not contain
Beef Stir-Fry,Beef,None,Vegetable oil,Soy sauce,None,Does not contain
Strawberry Spinach Salad,Spinach,None,None,"Strawberries, vinaigrette",None,Does not contain
Ratatouille Tart,Vegetables,None,Olive oil,"Puff pastry, herbs",None,Does not contain
Honey Glazed Carrots,Carrots,Honey,Butter,None,None,Does not contain
Cucumber Salad,Cucumbers,None,Olive oil,"Vinegar, herbs",None,Does not contain
Greek Lemon Potatoes,Potatoes,None,Olive oil,"Lemon juice, herbs",None,Does not contain
Stuffed Tomatoes,Tomatoes,None,None,"Herbs, breadcrumbs",None,Does not contain
Biryani,Rice,None,Ghee,"Biryani masala, spices",None,Does not contain
Chole Bhature,Chickpeas,Sugar,Ghee,"Chole masala, spices",None,Does not contain
Masala Dosa,Rice,None,Oil,"Potato masala, spices",None,Does not contain
Samosa,Potatoes,None,Ghee,Spices,None,Contains
Aloo Gobi,Potatoes,None,Oil,"Cauliflower, spices",None,Does not contain
Chicken Biryani,Chicken,None,Ghee,"Basmati rice, spices",None,Does not contain
Vada Pav,Potato,None,Oil,"Pav bun, chutney",None,Does not contain
Pani Puri,Semolina,Tamarind,None,"Spiced water, chutney",None,Does not contain
Rajma Chawal,Kidney beans,None,Ghee,Spices,None,Contains
Chicken Curry,Chicken,None,Oil,Curry spices,None,Does not contain
Vegetable Biryani,Mixed vegetables,None,Ghee,"Basmati rice, spices",None,Does not contain
Chana Masala,Chickpeas,None,Oil,Masala spices,None,Does not contain
Paniyaram,Fermented batter,None,Oil,"Mustard seeds, curry leaves",None,Does not contain
Chicken Biryani,Chicken,None,Ghee,"Basmati rice, spices",None,Does not contain
Pav Bhaji,Mixed vegetables,None,Butter,"Pav bread, spices",None,Does not contain
Hyderabadi Biryani,Basmati rice,None,Ghee,"Meat/vegetables, spices",None,Does not contain
Chicken Curry,Chicken,None,Oil,Curry spices,None,Does not contain
Dosa,Rice,None,Oil,"Potato masala, chutney",None,Does not contain
Chole Kulche,Chickpeas,None,Ghee,"Kulcha bread, spices",None,Does not contain
Gobi Manchurian,Cauliflower,None,Oil,Manchurian sauce,None,Does not contain
Mutton Biryani,Mutton,None,Ghee,"Basmati rice, spices",None,Does not contain
Oatmeal,Oats,Sugar,Milk,Cinnamon,"Oats, Dairy",Contains
Chicken Satay,Chicken,None,Peanut butter,Soy sauce,Peanuts,Contains
Peanut Butter,Peanuts,Sugar,Vegetable oil,Salt,Peanuts,Contains
Peanut Butter,Peanuts,Sugar,Vegetable oil,Salt,Peanuts,Contains
Chicken Satay,Chicken,None,Peanut oil,"Satay sauce, spices",Peanuts,Contains
Chicken Satay,Chicken,None,Peanut oil,"Satay sauce, spices",Peanuts,Contains
Pesto Chicken,Chicken,None,Olive oil,Pesto sauce,"Pine nuts, Dairy",Contains
Zucchini Noodles with Pesto,Zucchini,None,Olive oil,Pesto sauce,"Pine nuts, Dairy",Contains
Pesto Chicken,Chicken,None,Olive oil,Pesto sauce,"Pine nuts, Dairy",Contains
Rice Pudding,Rice,Sugar,Milk,"Cinnamon, raisins","Rice, Dairy",Contains
Shrimp Scampi,Shrimp,None,Butter,"Garlic, lemon",Shellfish,Contains
Shrimp Scampi Pasta,Shrimp,None,Butter,"Garlic, lemon",Shellfish,Contains
Garlic Shrimp,Shrimp,None,Olive oil,Garlic,Shellfish,Contains
Lemon Garlic Shrimp,Shrimp,None,Olive oil,"Lemon juice, garlic",Shellfish,Contains
Lemon Garlic Shrimp,Shrimp,None,Olive oil,"Lemon juice, garlic",Shellfish,Contains
Prawn Biryani,Prawns,None,Ghee,"Basmati rice, spices",Shellfish,Contains
Lobster Bisque,Lobster,None,Butter,"Cream, brandy","Shellfish, Dairy",Contains
Caesar Shrimp Skewers,Shrimp,None,Olive oil,Caesar dressing,"Shellfish, Dairy",Contains
Shrimp Scampi,Shrimp,None,Butter,"Garlic, lemon","Shellfish, Dairy",Contains
Lobster Bisque,Lobster,None,Butter,"Cream, brandy","Shellfish, Dairy",Contains
Caesar Shrimp Skewers,Shrimp,None,Olive oil,Caesar dressing,"Shellfish, Dairy",Contains
Prawn Curry,Prawns,None,Coconut milk,Curry spices,"Shellfish, Dairy",Contains
Lobster Roll,Lobster,None,Mayonnaise,"Celery, lemon juice","Shellfish, Eggs",Contains
Lobster Roll,Lobster,None,Mayonnaise,"Celery, lemon juice","Shellfish, Eggs",Contains
Bacon-Wrapped Shrimp,Shrimp,None,Bacon,Seasonings,"Shellfish, Pork",Contains
Shrimp Fried Rice,Shrimp,None,Vegetable oil,Soy sauce,"Shellfish, Soybeans",Contains
Soy Milk,Soybeans,Sugar,None,Emulsifiers,Soybeans,Contains
Soy Milk,Soybeans,Sugar,None,Emulsifiers,Soybeans,Contains
Tofu Stir-Fry,Tofu,None,Vegetable oil,Soy sauce,Soybeans,Contains
Miso Soup,Miso paste,None,None,"Tofu, seaweed",Soybeans,Contains
Tofu Scramble,Tofu,None,Vegetable oil,"Turmeric, spices",Soybeans,Contains
Chicken Teriyaki,Chicken,None,Soy sauce,"Honey, ginger",Soybeans,Contains
Tofu Stir-Fry,Tofu,None,Vegetable oil,Soy sauce,Soybeans,Contains
Teriyaki Beef,Beef,None,Soy sauce,"Teriyaki sauce, vegetables",Soybeans,Contains
Sushi Rolls,Sushi rice,None,Soy sauce,"Nori (seaweed), fish","Soybeans, Fish",Contains
Wheat Bread,Wheat flour,None,None,Salt,Wheat,Contains
Wheat Bread,Wheat flour,None,None,Salt,Wheat,Contains
Zucchini Bread,Zucchini,Sugar,Vegetable oil,Flour,Wheat,Contains
Chicken Noodle Casserole,Chicken,None,Butter,"Noodles, vegetables",Wheat,Contains
Onion Rings,Onions,None,Vegetable oil,Flour,Wheat,Contains
Chicken Pot Pie,Chicken,None,Butter,"Vegetables, pastry",Wheat,Contains
Grilled Portobello Mushroom Burger,Portobello mushrooms,None,None,"Burger bun, vegetables",Wheat,Contains
Aloo Paratha,Potatoes,None,Ghee,"Wheat flour, spices",Wheat,Contains
Oatmeal Raisin Cookies,Oats,Sugar,Butter,Flour,"Wheat, Dairy",Contains
Oatmeal Raisin Cookies,Oats,Sugar,Butter,Flour,"Wheat, Dairy",Contains
Pancakes,Flour,Sugar,Butter,Baking powder,"Wheat, Dairy",Contains
Carrot Cake,Carrots,Sugar,Vegetable oil,Cinnamon,"Wheat, Dairy",Contains
Blueberry Muffins,Blueberries,Sugar,Butter,Flour,"Wheat, Dairy",Contains
Chocolate Chip Cookies,Flour,Sugar,Butter,Chocolate chips,"Wheat, Dairy",Contains
Mushroom Risotto,Arborio rice,None,Butter,Mushroom,"Wheat, Dairy",Contains
Cinnamon Rolls,Flour,Sugar,Butter,Cinnamon,"Wheat, Dairy",Contains
Pineapple Upside-Down Cake,Pineapple,Sugar,Butter,Flour,"Wheat, Dairy",Contains
Apple Pie,Apples,Sugar,Butter,Cinnamon,"Wheat, Dairy",Contains
Banana Bread,Bananas,Sugar,Butter,Flour,"Wheat, Dairy",Contains
Vanilla Cupcakes,Flour,Sugar,Butter,Vanilla extract,"Wheat, Dairy",Contains
Apple Crisp,Apples,Sugar,Butter,Cinnamon,"Wheat, Dairy",Contains
Pasta Carbonara,Pasta,None,Bacon,"Egg, Parmesan cheese","Wheat, Dairy",Contains
Blueberry Pancakes,Flour,Sugar,Butter,Blueberries,"Wheat, Dairy",Contains
Lemon Bars,Flour,Sugar,Butter,Lemon juice,"Wheat, Dairy",Contains
Pumpkin Pie,Pumpkin,Sugar,Butter,"Cinnamon, nutmeg","Wheat, Dairy",Contains
Mixed Berry Pie,Mixed berries,Sugar,Butter,Flour,"Wheat, Dairy",Contains
Garlic Bread,Bread,None,Butter,Garlic,"Wheat, Dairy",Contains
Berry Cobbler,Mixed berries,Sugar,Butter,Flour,"Wheat, Dairy",Contains
Baked Ziti,Pasta,None,Cheese,Tomato sauce,"Wheat, Dairy",None
Baked Ziti,Pasta,None,Cheese,Tomato sauce,"Wheat, Dairy",Contains
Key Lime Pie,Lime juice,Sugar,Butter,Graham cracker crust,"Wheat, Dairy",Contains
Lemon Poppy Seed Muffins,Flour,Sugar,Butter,"Lemon zest, poppy seeds","Wheat, Dairy",Contains
Chicken Quesadilla,Chicken,None,Butter,Cheese,"Wheat, Dairy",Contains
Pancake Stack,Flour,Sugar,Butter,Maple syrup,"Wheat, Dairy",Contains
Strawberry Shortcake,Strawberries,Sugar,Whipped cream,Shortcake,"Wheat, Dairy",Contains
Berry Crumble,Mixed berries,Sugar,Butter,"Oats, cinnamon","Wheat, Dairy",Contains
Raspberry Cheesecake,Cream cheese,Sugar,Butter,"Graham cracker crust, raspberries","Wheat, Dairy",Contains
Blueberry Pancakes,Flour,Sugar,Butter,Blueberries,"Wheat, Dairy",Contains
Oatmeal Raisin Cookies,Oats,Brown sugar,Butter,"Raisins, cinnamon","Wheat, Dairy",Contains
Apple Crisp,Apples,Sugar,Butter,"Cinnamon, oats","Wheat, Dairy",Contains
Chicken Enchiladas,Chicken,None,Enchilada sauce,"Cheese, tortillas","Wheat, Dairy",Contains
Caesar Salad Wrap,Romaine lettuce,None,Caesar dressing,"Parmesan cheese, croutons","Wheat, Dairy",Contains
Caesar Salad Wrap,Romaine lettuce,None,Caesar dressing,"Parmesan cheese, croutons","Wheat, Dairy",Contains
S'mores,Graham crackers,Marshmallows,Chocolate,None,"Wheat, Dairy",Contains
Tiramisu,Ladyfingers,Sugar,Mascarpone cheese,"Coffee, cocoa","Wheat, Dairy",Contains
Cinnamon Rolls,Dough,Sugar,Butter,"Cinnamon, icing","Wheat, Dairy",Contains
Chicken Caesar Salad,Chicken,None,Caesar dressing,"Romaine lettuce, croutons","Wheat, Dairy",Contains
Vegetable Lasagna,Vegetables,None,Olive oil,"Tomato sauce, cheese","Wheat, Dairy",Contains
Garlic Bread,Bread,None,Butter,Garlic,"Wheat, Dairy",Contains
Chicken Alfredo Pizza,Pizza dough,None,None,"Chicken, Alfredo sauce","Wheat, Dairy",Contains
Caesar Pasta Salad,Pasta,None,Caesar dressing,"Romaine lettuce, Parmesan cheese","Wheat, Dairy",Contains
Baked Apple,Apples,Sugar,Butter,"Cinnamon, oats","Wheat, Dairy",Contains
Apple Pie,Apples,Sugar,Butter,"Cinnamon, pastry","Wheat, Dairy",Contains
Chicken Parmesan,Chicken,None,Olive oil,"Tomato sauce, cheese","Wheat, Dairy",Contains
Pumpkin Pie,Pumpkin,Sugar,Butter,"Pumpkin spice, pastry","Wheat, Dairy",Contains
Blueberry Muffins,Flour,Sugar,Butter,Blueberries,"Wheat, Dairy",Contains
Sausage and Pepper Pizza,Pizza dough,None,None,"Sausage, bell peppers","Wheat, Dairy",Contains
Beef Wellington,Beef,None,Butter,"Mushrooms, puff pastry","Wheat, Dairy",Contains
Baked Ziti,Pasta,None,None,"Tomato sauce, cheese","Wheat, Dairy",Contains
Lemon Poppy Seed Muffins,Flour,Sugar,Butter,"Lemon zest, poppy seeds","Wheat, Dairy",Contains
Apple Crisp,Apples,Sugar,Butter,"Cinnamon, oats","Wheat, Dairy",Contains
Chicken Enchiladas,Chicken,None,Enchilada sauce,"Cheese, tortillas","Wheat, Dairy",Contains
Caesar Salad Wrap,Romaine lettuce,None,Caesar dressing,"Parmesan cheese, croutons","Wheat, Dairy",Contains
S'mores,Graham crackers,Marshmallows,Chocolate,None,"Wheat, Dairy",Contains
Tiramisu,Ladyfingers,Sugar,Mascarpone cheese,"Coffee, cocoa","Wheat, Dairy",Contains
Cinnamon Rolls,Dough,Sugar,Butter,"Cinnamon, icing","Wheat, Dairy",Contains
Chicken Caesar Salad,Chicken,None,Caesar dressing,"Romaine lettuce, croutons","Wheat, Dairy",Contains
Vegetable Lasagna,Vegetables,None,Olive oil,"Tomato sauce, cheese","Wheat, Dairy",Contains
Garlic Bread,Bread,None,Butter,Garlic,"Wheat, Dairy",Contains
Chicken Alfredo Pizza,Pizza dough,None,None,"Chicken, Alfredo sauce","Wheat, Dairy",Contains
Caesar Pasta Salad,Pasta,None,Caesar dressing,"Romaine lettuce, Parmesan cheese","Wheat, Dairy",Contains
Baked Apple,Apples,Sugar,Butter,"Cinnamon, oats","Wheat, Dairy",Contains
Apple Pie,Apples,Sugar,Butter,"Cinnamon, pastry","Wheat, Dairy",Contains
Chicken Parmesan,Chicken,None,Olive oil,"Tomato sauce, cheese","Wheat, Dairy",Contains
Pumpkin Pie,Pumpkin,Sugar,Butter,"Pumpkin spice, pastry","Wheat, Dairy",Contains
Blueberry Muffins,Flour,Sugar,Butter,Blueberries,"Wheat, Dairy",Contains
Sausage and Pepper Pizza,Pizza dough,None,None,"Sausage, bell peppers","Wheat, Dairy",Contains
Beef Wellington,Beef,None,Butter,"Mushrooms, puff pastry","Wheat, Dairy",Contains
Jalebi,Flour,Sugar,Ghee,Saffron syrup,"Wheat, Dairy",Contains
Butter Naan,Flour,None,Butter,None,"Wheat, Dairy",Contains
Tiramisu,Ladyfingers,Sugar,"Mascarpone cheese, coffee liqueur",Cocoa powder,"Wheat, Dairy, Alcohol",Contains
Chocolate Cake,Flour,Sugar,Butter,Cocoa powder,"Wheat, Dairy, Cocoa",Contains
Chocolate Chip Pancakes,Flour,Sugar,Butter,Chocolate chips,"Wheat, Dairy, Cocoa",Contains
Lemon Bars,Lemon juice,Sugar,Butter,"Flour, eggs","Wheat, Dairy, Eggs",Contains
Lemon Bars,Lemon juice,Sugar,Butter,"Flour, eggs","Wheat, Dairy, Eggs",Contains
Pecan Pie,Pecans,Sugar,Butter,Corn syrup,"Wheat, Dairy, Nuts",Contains
Zucchini Bread,Zucchini,Sugar,Butter,"Cinnamon, nuts","Wheat, Dairy, Nuts",Contains
Banana Bread,Bananas,Sugar,Butter,"Cinnamon, nuts","Wheat, Dairy, Nuts",Contains
Hawaiian Pizza,Pizza dough,None,None,"Pineapple, ham","Wheat, Pork, Dairy",Contains
Banana Pudding,Bananas,Sugar,Milk,"Vanilla pudding mix, cookies",Dairy,Contains
Apple Pie,Apples,Sugar,Butter,"Cinnamon, pastry","Wheat, Dairy",Contains
Pumpkin Pie,Pumpkin,Sugar,Butter,"Pumpkin spice, pastry","Wheat, Dairy",Contains
Mushroom Soup,Mushrooms,None,Butter,Vegetable broth,Dairy,Contains
Pesto Chicken,Chicken,None,Pesto sauce,None,None,Does not contain
Beef Stir-Fry,Beef,None,Vegetable oil,Soy sauce,None,Does not contain
Chicken Parmesan,Chicken,None,"Bread crumbs, Parmesan cheese",Marinara sauce,Dairy,Contains
Caesar Salad Wrap,Romaine lettuce,None,Caesar dressing,"Parmesan cheese, croutons","Wheat, Dairy",Contains
Lemonade,Lemon juice,Sugar,Water,None,None,Does not contain
Ratatouille,Eggplant,None,Olive oil,Tomatoes,None,Does not contain
Chicken Shawarma,Chicken,None,Olive oil,Shawarma spices,None,Does not contain
Beef Stir-Fry,Beef,None,Vegetable oil,Soy sauce,None,Does not contain
Grilled Portobello Mushroom Burger,Portobello mushrooms,None,None,"Burger bun, vegetables",Wheat,Contains
Tiramisu,Ladyfingers,Sugar,Mascarpone cheese,"Coffee, cocoa","Wheat, Dairy",Contains
Berry Smoothie,Mixed berries,Sugar,"Yogurt (milk, cultures)",None,Dairy,Contains
Baked Ziti,Pasta,None,Cheese,Tomato sauce,"Wheat, Dairy",None
Veggie Omelette,Mixed vegetables,None,Olive oil,"Salt, pepper",None,Does not contain
Rasgulla,Paneer,Sugar,None,"Rose water, syrup",Dairy,Contains
Chicken Fajitas,Chicken,None,Vegetable oil,Fajita seasoning,None,Does not contain
Margherita Pasta,Pasta,None,Olive oil,"Mozzarella cheese, tomatoes, basil",Dairy,Contains
Pani Puri,Semolina,Tamarind,None,"Spiced water, chutney",None,Does not contain
Greek Moussaka,Eggplant,None,Olive oil,"Ground meat, potatoes",None,Does not contain
Minestrone Soup,Vegetables,None,Olive oil,Tomato broth,None,Does not contain
Chicken Parmesan,Chicken,None,Olive oil,"Tomato sauce, cheese","Wheat, Dairy",Contains
Vanilla Cupcakes,Flour,Sugar,Butter,Vanilla extract,"Wheat, Dairy",Contains
Chocolate Mousse,Chocolate,Sugar,Heavy cream,Vanilla extract,Dairy,Contains
Almond Cookies,Almonds,Sugar,Butter,Flour,"Almonds, Wheat, Dairy",Contains
Pesto Chicken,Chicken,None,Pesto sauce,None,None,Does not contain
Sausage and Pepper Pizza,Pizza dough,None,None,"Sausage, bell peppers","Wheat, Dairy",Contains
Quinoa Stuffed Peppers,Quinoa,None,Olive oil,"Vegetables, spices",None,Does not contain
Baked Salmon,Salmon,None,Olive oil,"Lemon, herbs",Fish,Contains
Milk Chocolate,Sugar,Cocoa butter,Milk powder,Vanilla extract,Milk,Contains
Chicken Piccata,Chicken,None,Butter,"Lemon, capers",Dairy,Contains
Chicken Malai Tikka,Chicken,None,Cream,Spices,Dairy,Contains
Teriyaki Salmon,Salmon fillet,Sugar,Soy sauce,"Ginger, garlic","Fish, Soybeans",Contains
Caesar Salad,Romaine lettuce,None,Olive oil,Parmesan cheese,Dairy,Contains
S'mores,Graham crackers,Marshmallows,Chocolate,None,"Wheat, Dairy",Contains
Butter Chicken,Chicken,Sugar,Butter,"Tomato sauce, cream",Dairy,Contains
Black Bean Soup,Black beans,None,Olive oil,Vegetables,None,Does not contain
Biryani,Rice,None,Ghee,"Biryani masala, spices",None,Does not contain
Lobster Roll,Lobster,None,Mayonnaise,"Celery, lemon juice","Shellfish, Eggs",Contains
Baked Garlic Parmesan Chicken,Chicken,None,Butter,"Parmesan cheese, garlic",Dairy,Contains
Peanut Butter,Peanuts,Sugar,Vegetable oil,Salt,Peanuts,Contains
Aloo Paratha,Potatoes,None,Ghee,"Wheat flour, spices",Wheat,Contains
Masala Dosa,Rice,None,Oil,"Potato masala, spices",None,Does not contain
Mango Salsa,Mango,None,None,"Lime juice, cilantro",None,Does not contain
Caesar Pasta Salad,Pasta,None,Caesar dressing,"Romaine lettuce, Parmesan cheese","Wheat, Dairy",Contains
Chicken Noodle Soup,Chicken broth,None,None,Salt,"Chicken, Wheat, Celery",Contains
Rogan Josh,Lamb,None,Ghee,"Yogurt, Kashmiri red chili",Dairy,Contains
Chicken Fajitas,Chicken,None,Vegetable oil,Fajita seasoning,None,Does not contain
Roasted Brussels Sprouts,Brussels sprouts,None,Olive oil,Balsamic glaze,None,Does not contain
Apple Crisp,Apples,Sugar,Butter,Cinnamon,"Wheat, Dairy",Contains
Baked Salmon,Salmon fillet,None,Olive oil,"Lemon, herbs",Fish,Contains
Vegetable Stir-Fry,Mixed vegetables,None,Vegetable oil,Soy sauce,None,Does not contain
Caramelized Onions,Onions,Sugar,Butter,None,None,Does not contain
Chicken Tikka Masala,Chicken,Sugar,Ghee,"Tomato sauce, cream",Dairy,Contains
Mango Salsa,Mango,None,None,"Red onion, lime",None,Does not contain
Vegetable Stir-Fry,Mixed vegetables,None,Vegetable oil,Soy sauce,None,Does not contain
Honey Glazed Carrots,Carrots,Honey,Butter,None,None,Does not contain
Mango Salsa,Mango,None,None,"Lime juice, cilantro",None,Does not contain
Matar Paneer,Paneer,None,Ghee,"Peas, spices",Dairy,Contains
Pesto Pasta Salad,Pasta,None,Pesto sauce,"Tomatoes, vegetables",None,Does not contain
French Onion Soup,Onions,None,Butter,"Beef broth, cheese, bread","Dairy, Wheat",Contains
Vegetable Soup,Mixed vegetables,None,Olive oil,Seasonings,None,Does not contain
Sushi,"Fish (salmon, tuna)",Rice vinegar,Sesame oil,Soy sauce,"Fish, Soybeans",Contains
Pancakes,Flour,Sugar,Butter,Baking powder,"Wheat, Dairy",Contains
Rabri,Milk,Sugar,Ghee,"Cardamom, nuts",Dairy,Contains
Chicken Piccata,Chicken,None,Butter,"Lemon, capers",Dairy,Contains
Pesto Pizza,Pesto sauce,None,None,"Mozzarella cheese, basil",Dairy,Contains
Beef Burritos,Ground beef,None,Vegetable oil,Taco seasoning,None,Does not contain
Zucchini Bread,Zucchini,Sugar,Butter,"Cinnamon, nuts","Wheat, Dairy, Nuts",Contains
Pumpkin Soup,Pumpkin,None,Butter,"Nutmeg, cream",Dairy,Contains
Caesar Salad,Romaine lettuce,None,Olive oil,Parmesan cheese,Dairy,Contains
Greek Lemon Potatoes,Potatoes,None,Olive oil,"Lemon juice, herbs",None,Does not contain
Chicken Satay,Chicken,None,Peanut oil,"Satay sauce, spices",Peanuts,Contains
Chocolate Mousse,Chocolate,Sugar,Heavy cream,Vanilla extract,"Dairy, Cocoa",Contains
Chicken Satay,Chicken,None,Peanut oil,"Satay sauce, spices",Peanuts,Contains
Ratatouille Pizza,Pizza dough,None,Olive oil,Ratatouille vegetables,None,Does not contain
Avocado Toast,Avocado,None,Olive oil,"Salt, pepper",None,Does not contain
BBQ Ribs,Pork ribs,Brown sugar,Vegetable oil,BBQ sauce,None,Contains
Eggplant Parmesan,Eggplant,None,Olive oil,"Marinara sauce, cheese",Dairy,Contains
Biryani,Rice,None,Ghee,"Biryani masala, spices",None,Does not contain
Buffalo Wings,Chicken wings,None,Vegetable oil,Buffalo sauce,None,Does not contain
Chicken Teriyaki,Chicken,None,Soy sauce,"Honey, ginger",Soybeans,Contains
Chicken Noodle Soup,Chicken broth,None,None,Salt,"Chicken, Wheat, Celery",Contains
Pumpkin Pie,Pumpkin,Sugar,Butter,"Cinnamon, nutmeg","Wheat, Dairy",Contains
Lentil Salad,Lentils,None,Olive oil,"Lemon juice, vegetables",None,Does not contain
Eggplant Parmesan,Eggplant,None,Olive oil,"Marinara sauce, cheese",Dairy,Contains
Lemon Garlic Shrimp,Shrimp,None,Olive oil,"Lemon juice, garlic",Shellfish,Contains
Stuffed Portobello Mushrooms,Portobello mushrooms,None,None,"Cheese, breadcrumbs",Dairy,Contains
Chicken Satay,Chicken,None,Peanut butter,Soy sauce,Peanuts,Contains
Peanut Butter,Peanuts,Sugar,Vegetable oil,Salt,Peanuts,Contains
Tiramisu,Ladyfingers,Sugar,"Mascarpone cheese, coffee liqueur",Cocoa powder,"Wheat, Dairy, Alcohol",Contains
Brussels Sprouts,Brussels sprouts,None,Olive oil,Balsamic glaze,None,Does not contain
Sushi Rolls,Sushi rice,None,Soy sauce,"Nori (seaweed), fish","Soybeans, Fish",Contains
Chicken Tikka Masala,Chicken,None,Ghee,Tikka masala sauce,"Dairy, Ghee",Contains
Rasgulla,Paneer,Sugar,None,"Rose water, syrup",Dairy,Contains
Kheer,Rice,Sugar,Ghee,"Cardamom, nuts",Dairy,Contains
Tandoori Chicken,Chicken,None,Yogurt,Tandoori spices,Dairy,Contains
Tandoori Chicken,Chicken,None,Yogurt,Tandoori spices,Dairy,Contains
Pesto Pasta Salad,Pasta,None,Pesto sauce,"Tomatoes, vegetables",None,Does not contain
Tofu Stir-Fry,Tofu,None,Vegetable oil,Soy sauce,Soybeans,Contains
Grilled Portobello Mushroom Burger,Portobello mushrooms,None,None,"Burger bun, vegetables",Wheat,Contains
Beef Burritos,Beef,None,Vegetable oil,Burrito seasoning,None,Does not contain
Chana Masala,Chickpeas,None,Oil,Masala spices,None,Does not contain
Kheer,Rice,Sugar,Ghee,"Cardamom, nuts",Dairy,Contains
Lemon Garlic Shrimp,Shrimp,None,Olive oil,"Lemon juice, garlic",Shellfish,Contains
Lemonade,Lemon juice,Sugar,Water,None,None,Does not contain
Coconut Curry,Chicken,None,Coconut milk,Curry paste,None,Does not contain
Chicken Noodle Soup,Chicken broth,None,None,Salt,"Chicken, Wheat, Celery",Contains
Caramel Popcorn,Popcorn,Sugar,Butter,Salt,Dairy,Contains
Paniyaram,Fermented batter,None,Oil,"Mustard seeds, curry leaves",None,Does not contain
Honey Mustard Chicken,Chicken,Honey,Olive oil,"Mustard, herbs",None,Does not contain
Beef Burritos,Beef,None,Vegetable oil,Burrito seasoning,None,Does not contain
Chicken Teriyaki,Chicken,None,Vegetable oil,Teriyaki sauce,None,Does not contain
Almond Cookies,Almonds,Sugar,Butter,Flour,"Almonds, Wheat, Dairy",Contains
Mushroom Soup,Mushrooms,None,Butter,Vegetable broth,Dairy,Contains
Teriyaki Salmon,Salmon fillet,Sugar,Soy sauce,"Ginger, garlic","Fish, Soybeans",Contains
Veggie Burger,Mixed vegetables,None,Vegetable oil,Seasonings,None,Does not contain
Apple Pie,Apples,Sugar,Butter,Cinnamon,"Wheat, Dairy",Contains
Baked Cod,Cod,None,Butter,"Lemon, herbs","Fish, Dairy",Contains
Greek Salad,Cucumber,None,Olive oil,Lemon juice,None,Does not contain
Prawn Biryani,Prawns,None,Ghee,"Basmati rice, spices",Shellfish,Contains
Tomato Bruschetta,Tomatoes,None,Olive oil,"Garlic, basil",None,Does not contain
Ratatouille Pasta,Pasta,None,Olive oil,Ratatouille vegetables,None,Does not contain
Rice Pudding,Rice,Sugar,Milk,"Cinnamon, raisins","Rice, Dairy",Contains
Margherita Pizza,Pizza dough,None,Olive oil,"Mozzarella cheese, tomatoes, basil",Dairy,Contains
Chocolate Chip Cookies,Flour,Sugar,Butter,Chocolate chips,"Wheat, Dairy",Contains
Almond Cookies,Almonds,Sugar,Butter,Flour,"Almonds, Wheat, Dairy",Contains
Lemon Dill Salmon,Salmon,None,Olive oil,"Lemon, dill",Fish,Contains
Garlic Bread,Bread,None,Butter,Garlic,"Wheat, Dairy",Contains
Tuna Salad,Tuna,Mayonnaise,None,"Celery, onion","Fish, Eggs",Contains
Chicken Parmesan,Chicken,None,Olive oil,"Tomato sauce, cheese","Wheat, Dairy",Contains
Rogan Josh,Lamb,None,Ghee,"Yogurt, Kashmiri red chili",Dairy,Contains
Apple Pie,Apples,Sugar,Butter,"Cinnamon, pastry","Wheat, Dairy",Contains
Margherita Pasta,Pasta,None,Olive oil,"Mozzarella cheese, tomatoes, basil",Dairy,Contains
Berry Parfait,Mixed berries,Sugar,"Yogurt (milk, cultures)",Granola,Dairy,Contains
Chicken Curry,Chicken,None,Oil,Curry spices,None,Does not contain
Honey Mustard Chicken,Chicken breast,Honey,Mustard,Vegetable oil,None,Contains
Prawn Curry,Prawns,None,Coconut milk,Curry spices,"Shellfish, Dairy",Contains
Shrimp Scampi,Shrimp,None,Butter,"Garlic, lemon",Shellfish,Contains
Oatmeal Raisin Cookies,Oats,Sugar,Butter,Flour,"Wheat, Dairy",Contains
Dal Makhani,Lentils,None,Ghee,"Cream, spices",Dairy,Contains
Cinnamon Rolls,Dough,Sugar,Butter,"Cinnamon, icing","Wheat, Dairy",Contains
Stuffed Cabbage Rolls,Cabbage,None,Olive oil,"Ground meat, rice",None,Does not contain
Cheese Pizza,Cheese,None,None,Tomato sauce,Dairy,Contains
Greek Moussaka,Eggplant,None,Olive oil,"Ground meat, potatoes",None,Does not contain
Stuffed Tomatoes,Tomatoes,None,None,"Herbs, breadcrumbs",None,Does not contain
Mango Coconut Popsicles,Mango,Sugar,Coconut milk,None,None,Does not contain
Sausage and Pepper Pizza,Pizza dough,None,None,"Sausage, bell peppers","Wheat, Dairy",Contains
Greek Spanakopita,Spinach,None,Olive oil,"Feta cheese, phyllo dough",Dairy,Contains
Chicken Biryani,Chicken,None,Ghee,"Basmati rice, spices",None,Does not contain
Palak Paneer,Spinach,None,Ghee,"Paneer, spices",Dairy,Contains
Chicken Shawarma,Chicken,None,Olive oil,Shawarma seasoning,None,Does not contain
Chicken Caesar Wrap,Chicken,None,Caesar dressing,"Romaine lettuce, Parmesan cheese",Dairy,Contains
Brussels Sprouts,Brussels sprouts,None,Olive oil,Balsamic glaze,None,Does not contain
Chicken and Rice Soup,Chicken,None,Vegetable oil,"Rice, vegetables",None,Does not contain
Stuffed Bell Peppers,Bell peppers,None,Olive oil,"Ground meat, rice",None,Does not contain
Berry Parfait,Mixed berries,Sugar,"Yogurt (milk, cultures)",Granola,Dairy,Contains
Chocolate Mousse,Chocolate,Sugar,Heavy cream,Vanilla extract,Dairy,Contains
Tomato Bruschetta,Tomatoes,None,Olive oil,"Garlic, basil",None,Does not contain
Berry Smoothie,Mixed berries,Sugar,"Yogurt (milk, cultures)",None,Dairy,Contains
Blueberry Muffins,Flour,Sugar,Butter,Blueberries,"Wheat, Dairy",Contains
Prawn Curry,Prawns,None,Coconut milk,Curry spices,"Shellfish, Dairy",Contains
Berry Smoothie,Mixed berries,Sugar,"Yogurt (milk, cultures)",None,Dairy,Contains
Minestrone Soup,Vegetables,None,Olive oil,Tomato broth,None,Does not contain
Shrimp Fried Rice,Shrimp,None,Vegetable oil,Soy sauce,"Shellfish, Soybeans",Contains
Caesar Wrap,Grilled chicken,None,Caesar dressing,"Lettuce, Parmesan cheese",Dairy,Contains
Soy Milk,Soybeans,Sugar,None,Emulsifiers,Soybeans,Contains
Gulab Jamun,Milk solids,Sugar,Ghee,Cardamom syrup,Dairy,Contains
Ratatouille,Eggplant,None,Olive oil,"Tomatoes, zucchini",None,Does not contain
Blueberry Muffins,Blueberries,Sugar,Butter,Flour,"Wheat, Dairy",Contains
Tomato Soup,Tomatoes,None,None,"Salt, Sugar",None,Does not contain
Greek Moussaka,Eggplant,None,Olive oil,"Ground meat, potatoes",None,Does not contain
Mushroom Risotto,Arborio rice,None,Butter,Mushroom,"Wheat, Dairy",Contains
Mango Salsa,Mango,None,None,"Lime juice, cilantro",None,Does not contain
Garlic Bread,Bread,None,Butter,Garlic,"Wheat, Dairy",Contains
Beef Tacos,Ground beef,None,Vegetable oil,Taco seasoning,None,Does not contain
Chicken Noodle Soup,Chicken broth,None,None,Salt,"Chicken, Wheat, Celery",Contains
Prawn Curry,Prawns,None,Coconut milk,Curry spices,"Shellfish, Dairy",Contains
Chole Bhature,Chickpeas,Sugar,Ghee,"Chole masala, spices",None,Does not contain
Caesar Shrimp Skewers,Shrimp,None,Olive oil,Caesar dressing,"Shellfish, Dairy",Contains
Baked Ziti,Pasta,None,None,"Tomato sauce, cheese","Wheat, Dairy",Contains
Teriyaki Salmon,Salmon,None,Vegetable oil,Teriyaki sauce,Fish,Contains
Honey Soy Glazed Salmon,Salmon,Honey,Soy sauce,"Garlic, ginger","Fish, Soybeans",Contains
Strawberry Yogurt,"Yogurt (milk, cultures)",Sugar,None,Pectin,"Milk, Strawberries",Contains
Butter Naan,Flour,None,Butter,None,"Wheat, Dairy",Contains
Stuffed Bell Peppers,Bell peppers,None,Olive oil,"Ground meat, rice",None,Does not contain
Tofu Curry,Tofu,None,Coconut milk,Curry paste,None,Does not contain
Banana Bread,Bananas,Sugar,Butter,"Cinnamon, nuts","Wheat, Dairy, Nuts",Contains
Lemon Garlic Shrimp,Shrimp,None,Olive oil,"Lemon juice, garlic",Shellfish,Contains
Mango Salsa,Mango,None,None,"Lime juice, cilantro",None,Does not contain
Peanut Butter,Peanuts,Sugar,Vegetable oil,Salt,Peanuts,Contains
Salsa,Tomatoes,None,None,"Onion, cilantro",None,Does not contain
Hawaiian Pizza,Pizza dough,None,None,"Pineapple, ham","Wheat, Pork, Dairy",Contains
Sausage and Pepper Pizza,Pizza dough,None,None,"Sausage, bell peppers","Wheat, Dairy",Contains
Fish Sticks,Fish fillets,None,Vegetable oil,Salt,Fish,Contains
Cucumber Salad,Cucumbers,None,Olive oil,"Vinegar, herbs",None,Does not contain
Egg Salad,Eggs,Mayonnaise,None,"Celery, onion",Eggs,Contains
Apple Cider,Apples,Sugar,None,Cinnamon,None,Does not contain
Baked Chicken Wings,Chicken wings,None,Olive oil,Seasonings,None,Does not contain
Mashed Potatoes,Potatoes,None,Butter,"Salt, Pepper",Dairy,Contains
Beef Burger,Ground beef,None,Vegetable oil,"Salt, Pepper",None,Does not contain
Mashed Potatoes,Potatoes,None,Butter,"Salt, Pepper",Dairy,Contains
Rasgulla,Paneer,Sugar,None,"Rose water, syrup",Dairy,Contains
Cheese Pizza,Cheese,None,None,Tomato sauce,Dairy,Contains
Stuffed Bell Peppers,Bell peppers,None,Olive oil,"Ground meat, rice",None,Does not contain
Roasted Brussels Sprouts,Brussels sprouts,None,Olive oil,Balsamic glaze,None,Does not contain
Strawberry Yogurt,"Yogurt (milk, cultures)",Sugar,None,Pectin,"Milk, Strawberries",Contains
Minestrone Soup,Vegetables,None,Olive oil,Tomato broth,None,Does not contain
Beef and Mushroom Stir-Fry,Beef,None,Vegetable oil,Soy sauce,None,Does not contain
Ranch Dressing,Buttermilk,Sugar,Vegetable oil,"Garlic, herbs",Dairy,Contains
Spinach Salad,Spinach,None,Olive oil,Balsamic vinegar,None,Does not contain
Stuffed Bell Peppers,Bell peppers,None,Olive oil,"Ground meat, rice",None,Does not contain
Chicken Parmesan,Chicken,None,Olive oil,"Tomato sauce, cheese","Wheat, Dairy",Contains
Chicken and Rice Soup,Chicken,None,Vegetable oil,"Rice, vegetables",None,Does not contain
Chole Bhature,Chickpeas,Sugar,Ghee,"Chole masala, spices",None,Does not contain
Tandoori Chicken,Chicken,None,Yogurt,Tandoori spices,Dairy,Contains
Spinach Salad,Spinach,None,Olive oil,Balsamic vinaigrette,None,Does not contain
Banana Smoothie,Bananas,Honey,"Yogurt (milk, cultures)",None,Dairy,Contains
Ratatouille,Eggplant,None,Olive oil,Tomatoes,None,Does not contain
French Fries,Potatoes,None,Vegetable oil,Salt,None,Does not contain
Ratatouille Pasta,Pasta,None,Olive oil,Ratatouille vegetables,None,Does not contain
Beef Wellington,Beef,None,Butter,"Mushrooms, puff pastry","Wheat, Dairy",Contains
Baked Apple,Apples,Sugar,Butter,"Cinnamon, oats","Wheat, Dairy",Contains
Chicken Fajitas,Chicken,None,Vegetable oil,Fajita seasoning,None,Does not contain
Ranch Dressing,Buttermilk,Sugar,Vegetable oil,"Garlic, herbs",Dairy,Contains
Pancetta Pasta,Pasta,None,Pancetta,"Garlic, herbs",None,Does not contain
Beef Stir-Fry,Beef,None,Vegetable oil,Soy sauce,None,Does not contain
Tandoori Chicken,Chicken,None,Yogurt,Tandoori spices,Dairy,Contains
Chocolate Mousse,Chocolate,Sugar,Heavy cream,Vanilla extract,Dairy,Contains
Margherita Pizza,Pizza dough,None,Olive oil,"Mozzarella cheese, tomatoes, basil",Dairy,Contains
Baked Chicken Wings,Chicken wings,None,Olive oil,Seasonings,None,Does not contain
Tofu Stir-Fry,Tofu,None,Vegetable oil,Soy sauce,Soybeans,Contains
Caesar Salad Wrap,Romaine lettuce,None,Caesar dressing,"Parmesan cheese, croutons","Wheat, Dairy",Contains
Lemon Dill Salmon,Salmon,None,Olive oil,"Lemon, dill",Fish,Contains
Caesar Salad,Romaine lettuce,None,Olive oil,Caesar dressing,Dairy,Contains
Lentil Curry,Lentils,None,Coconut milk,Curry powder,None,Does not contain
Lobster Bisque,Lobster,None,Butter,"Cream, brandy","Shellfish, Dairy",Contains
Banana Pudding,Bananas,Sugar,Milk,"Vanilla pudding mix, cookies",Dairy,Contains
Beef Stroganoff,Beef,None,Sour cream,"Mushrooms, onions",Dairy,Contains
Strawberry Smoothie,Strawberries,Sugar,Yogurt,Milk,Dairy,Contains
Chicken Korma,Chicken,None,Ghee,"Creamy sauce, spices",Dairy,Contains
Chicken Malai Tikka,Chicken,None,Cream,Spices,Dairy,Contains
Greek Salad,Cucumbers,None,Olive oil,"Feta cheese, olives",Dairy,Contains
Chicken Malai Tikka,Chicken,None,Cream,Spices,Dairy,Contains
Margherita Pizza,Pizza dough,None,Olive oil,"Mozzarella cheese, tomatoes, basil",Dairy,Contains
Chicken Parmesan,Chicken,None,"Bread crumbs, Parmesan cheese",Marinara sauce,Dairy,Contains
Chicken Curry,Chicken,None,Coconut milk,Curry powder,None,Does not contain
Ratatouille,Eggplant,None,Olive oil,Tomatoes,None,Does not contain
Roasted Brussels Sprouts,Brussels sprouts,None,Olive oil,Balsamic glaze,None,Does not contain
Lentil Soup,Lentils,None,Olive oil,Vegetables,None,Does not contain
Banana Bread,Bananas,Sugar,Butter,Flour,"Wheat, Dairy",Contains
French Onion Soup,Onions,None,Butter,"Beef broth, cheese, bread","Dairy, Wheat",Contains
Mutton Biryani,Mutton,None,Ghee,"Basmati rice, spices",None,Does not contain
Rajma Chawal,Kidney beans,None,Ghee,Spices,None,Contains
Veggie Burger,Mixed vegetables,None,Vegetable oil,Seasonings,None,Does not contain
Chicken Fettuccine Alfredo,Chicken,None,Butter,"Cream, Parmesan cheese",Dairy,Contains
French Onion Soup,Onions,None,Butter,"Beef broth, cheese, bread","Dairy, Wheat",Contains
Vegetable Biryani,Mixed vegetables,None,Ghee,"Basmati rice, spices",None,Does not contain
Strawberry Yogurt,"Yogurt (milk, cultures)",Sugar,None,Pectin,"Milk, Strawberries",Contains
Spinach Artichoke Dip,Spinach,None,"Cream cheese, sour cream","Parmesan cheese, garlic",Dairy,Contains
Cucumber Salad,Cucumbers,None,Olive oil,"Vinegar, herbs",None,Does not contain
Green Smoothie,Spinach,Honey,Avocado,Almond milk,None,Does not contain
Vegetable Stir-Fry,Mixed vegetables,None,Vegetable oil,Soy sauce,None,Does not contain
Chicken Piccata,Chicken,None,Butter,"Lemon, capers","Dairy, Fish",Contains
Caesar Shrimp Skewers,Shrimp,None,Olive oil,Caesar dressing,"Shellfish, Dairy",Contains
Beef and Broccoli,Beef,None,Vegetable oil,Soy sauce,None,Does not contain
Mango Salsa,Mango,None,None,"Lime juice, cilantro",None,Does not contain
Ratatouille Tart,Vegetables,None,Olive oil,"Puff pastry, herbs",None,Does not contain
Mutton Biryani,Mutton,None,Ghee,"Basmati rice, spices",None,Does not contain
Baked Ziti,Pasta,None,Cheese,Tomato sauce,"Wheat, Dairy",Contains
Chicken Caesar Wrap,Chicken,None,Caesar dressing,"Romaine lettuce, Parmesan cheese",Dairy,Contains
Mashed Potatoes,Potatoes,None,Butter,"Salt, Pepper",Dairy,Contains
Chicken Noodle Soup,Chicken broth,None,None,Salt,"Chicken, Wheat, Celery",Contains
Chicken Curry,Chicken,None,Vegetable oil,Curry powder,None,Does not contain
Chicken Quesadilla,Chicken,None,Butter,Cheese,"Wheat, Dairy",Contains
Vegetable Stir-Fry,Mixed vegetables,None,Vegetable oil,Soy sauce,None,Does not contain
Almond Cookies,Almonds,Sugar,Butter,Flour,"Almonds, Wheat, Dairy",Contains
Stuffed Portobello Mushrooms,Portobello mushrooms,None,None,"Cheese, breadcrumbs",Dairy,Contains
Chocolate Chip Cookies,Flour,Sugar,Butter,Chocolate chips,"Wheat, Dairy",Contains
Beef Stir-Fry,Beef,None,Vegetable oil,Soy sauce,None,Does not contain
Black Bean Soup,Black beans,None,Olive oil,Vegetables,None,Does not contain
Kheer,Rice,Sugar,Ghee,"Cardamom, nuts",Dairy,Contains
Caramelized Onions,Onions,Sugar,Butter,None,None,Does not contain
Lobster Roll,Lobster,None,Mayonnaise,"Celery, lemon juice","Shellfish, Eggs",Contains
Mango Coconut Popsicles,Mango,Sugar,Coconut milk,None,None,Does not contain
Chicken Satay,Chicken,None,Peanut butter,Soy sauce,Peanuts,Contains
Mashed Potatoes,Potatoes,None,Butter,"Salt, Pepper",Dairy,Contains
Greek Yogurt,"Yogurt (milk, cultures)",Honey,None,None,Dairy,Contains
Chicken Caesar Salad,Chicken,None,Caesar dressing,"Romaine lettuce, croutons","Wheat, Dairy",Contains
Chicken Biryani,Chicken,None,Ghee,"Basmati rice, spices",None,Does not contain
Salsa,Tomatoes,None,None,"Onion, cilantro",None,Does not contain
Beef Stir-Fry,Beef,None,Vegetable oil,Soy sauce,None,Does not contain
Egg Fried Rice,Eggs,None,Sesame oil,Soy sauce,"Eggs, Soybeans",Contains
Mango Coconut Popsicles,Mango,Sugar,Coconut milk,None,None,Does not contain
Pav Bhaji,Mixed vegetables,None,Butter,"Pav bread, spices",None,Does not contain
Beef Burger,Ground beef,None,Vegetable oil,"Salt, Pepper",None,Does not contain
Baked Apple,Apples,Sugar,Butter,"Cinnamon, oats","Wheat, Dairy",Contains
Zucchini Bread,Zucchini,Sugar,Vegetable oil,Flour,Wheat,Contains
Tandoori Chicken,Chicken,None,Yogurt,Tandoori spices,Dairy,Contains
Lentil Soup,Lentils,None,Olive oil,Vegetables,None,Does not contain
Kheer,Rice,Sugar,Ghee,"Cardamom, nuts",Dairy,Contains
Caprese Salad,Tomatoes,None,Olive oil,"Mozzarella cheese, basil",Dairy,Contains
Eggplant Parmesan,Eggplant,None,Olive oil,"Marinara sauce, cheese",Dairy,Contains
Almond Cookies,Almonds,Sugar,Butter,Flour,"Almonds, Wheat, Dairy",Contains
Chicken Piccata,Chicken,None,Butter,"Lemon, capers","Dairy, Fish",Contains
Lobster Roll,Lobster,None,Mayonnaise,"Celery, lemon juice","Shellfish, Eggs",Contains
Margherita Pizza,Pizza dough,None,Olive oil,"Mozzarella cheese, tomatoes, basil",Dairy,Contains
Sushi Rolls,Sushi rice,None,Soy sauce,"Nori (seaweed), fish","Soybeans, Fish",Contains
Lemon Garlic Shrimp,Shrimp,None,Olive oil,"Lemon juice, garlic",Shellfish,Contains
Cabbage Rolls,Cabbage,None,Olive oil,"Ground meat, rice",None,Does not contain
Peanut Butter,Peanuts,Sugar,Vegetable oil,Salt,Peanuts,Contains
Spaghetti Bolognese,Ground beef,Sugar,Olive oil,Tomato sauce,None,Contains
Chicken Noodle Soup,Chicken,None,Vegetable oil,"Noodles, vegetables",None,Does not contain
Pineapple Upside-Down Cake,Pineapple,Sugar,Butter,Flour,"Wheat, Dairy",Contains
Chicken Curry,Chicken,None,Vegetable oil,Curry powder,None,Does not contain
Paniyaram,Fermented batter,None,Oil,"Mustard seeds, curry leaves",None,Does not contain
Mashed Potatoes,Potatoes,None,Butter,"Salt, Pepper",Dairy,Contains
Caprese Skewers,Tomatoes,None,Olive oil,"Mozzarella cheese, basil",Dairy,Contains
Stuffed Mushrooms,Mushrooms,None,None,"Cheese, breadcrumbs",Dairy,Contains
Tomato Soup,Tomatoes,None,None,"Salt, Sugar",None,Does not contain
Greek Gyro Wrap,Lamb,None,None,"Tzatziki sauce, tomatoes, onions",Dairy,Contains
Mixed Berry Pie,Mixed berries,Sugar,Butter,Flour,"Wheat, Dairy",Contains
Caesar Shrimp Skewers,Shrimp,None,Olive oil,Caesar dressing,"Shellfish, Dairy",Contains
Stuffed Portobello Mushrooms,Portobello mushrooms,None,None,"Cheese, breadcrumbs",Dairy,Contains
Caesar Salad,Romaine lettuce,None,Olive oil,Parmesan cheese,Dairy,Contains
Ratatouille Pasta,Pasta,None,Olive oil,Ratatouille vegetables,None,Does not contain
Honey Glazed Carrots,Carrots,Honey,Butter,None,None,Does not contain
Chicken Curry,Chicken,None,Oil,Curry spices,None,Does not contain
Pineapple Upside-Down Cake,Pineapple,Sugar,Butter,Flour,"Wheat, Dairy",Contains
Honey Mustard Chicken,Chicken breast,Honey,Mustard,Vegetable oil,None,Contains
Chicken Biryani,Chicken,None,Ghee,"Basmati rice, spices",None,Does not contain
Tomato Soup,Tomatoes,None,None,"Salt, Sugar",None,Does not contain
Beef Wellington,Beef,None,Butter,"Mushrooms, puff pastry","Wheat, Dairy",Contains
Chicken Piccata,Chicken,None,Butter,"Lemon, capers",Dairy,Contains
French Fries,Potatoes,None,Vegetable oil,Salt,None,Does not contain
Caesar Salad,Romaine lettuce,None,Olive oil,Caesar dressing,Dairy,Contains
Tomato Soup,Tomatoes,None,None,"Salt, Sugar",None,Does not contain
Baked Apple,Apples,Sugar,Butter,"Cinnamon, oats","Wheat, Dairy",Contains
Cucumber Salad,Cucumbers,None,Olive oil,"Vinegar, herbs",None,Does not contain
Chicken Korma,Chicken,None,Ghee,"Creamy sauce, spices",Dairy,Contains
Baked Ziti,Pasta,None,Cheese,Tomato sauce,"Wheat, Dairy",None
Egg Salad Sandwich,Eggs,Mayonnaise,None,"Celery, mustard","Eggs, Mustard",Contains
Miso Soup,Miso paste,None,None,"Tofu, seaweed",Soybeans,Contains
Baked Salmon,Salmon,None,Olive oil,"Lemon, herbs",Fish,Contains
Pecan Pie,Pecans,Sugar,Butter,Corn syrup,"Wheat, Dairy, Nuts",Contains
Raspberry Cheesecake,Cream cheese,Sugar,Butter,"Graham cracker crust, raspberries","Wheat, Dairy",Contains
Apple,Apples,None,None,None,None,Does not contain
Raspberry Spinach Salad,Spinach,None,None,"Raspberries, vinaigrette",None,Does not contain
Aloo Paratha,Potatoes,None,Ghee,"Wheat flour, spices",Wheat,Contains
Apple,Apples,None,None,None,None,Does not contain
Avocado Toast,Avocado,None,Olive oil,"Salt, pepper",None,Does not contain
Ranch Dressing,Buttermilk,Sugar,Vegetable oil,"Garlic, herbs",Dairy,Contains
Sushi Rolls,Sushi rice,None,Soy sauce,"Nori (seaweed), fish","Soybeans, Fish",Contains
Chicken Fajitas,Chicken,None,Vegetable oil,Fajita seasoning,None,Does not contain
Soy Milk,Soybeans,Sugar,None,Emulsifiers,Soybeans,Contains
Rogan Josh,Lamb,None,Ghee,"Yogurt, Kashmiri red chili",Dairy,Contains
Berry Crumble,Mixed berries,Sugar,Butter,"Oats, cinnamon","Wheat, Dairy",Contains
Lemon Poppy Seed Muffins,Flour,Sugar,Butter,"Lemon zest, poppy seeds","Wheat, Dairy",Contains
Baked Salmon,Salmon,None,Olive oil,"Lemon, herbs",Fish,Contains
Egg Salad,Eggs,Mayonnaise,None,"Celery, onion",Eggs,Contains
Avocado Toast,Avocado,None,Olive oil,"Salt, pepper",None,Does not contain
Spinach and Feta Stuffed Chicken,Chicken,None,Olive oil,"Spinach, feta cheese",Dairy,Contains
Caesar Pasta Salad,Pasta,None,Caesar dressing,"Romaine lettuce, Parmesan cheese","Wheat, Dairy",Contains
Beef Burritos,Ground beef,None,Vegetable oil,Taco seasoning,None,Does not contain
Chicken Noodle Soup,Chicken,None,Vegetable oil,"Noodles, vegetables",None,Does not contain
Beef Stir-Fry,Beef,None,Vegetable oil,Soy sauce,None,Does not contain
Greek Yogurt Parfait,Greek yogurt,Honey,None,"Granola, mixed berries",Dairy,Contains
Pesto Chicken,Chicken,None,Pesto sauce,None,None,Does not contain
Pineapple Upside-Down Cake,Pineapple,Sugar,Butter,Flour,"Wheat, Dairy",Contains
Sausage and Pepper Pizza,Pizza dough,None,None,"Sausage, bell peppers","Wheat, Dairy",Contains
Greek Gyro,Lamb/Chicken,None,None,"Tzatziki sauce, vegetables","Dairy, Wheat",Contains
Honey Glazed Carrots,Carrots,Honey,Butter,None,None,Does not contain
Fruit Salad,Mixed fruits,Sugar,None,Lemon juice,None,Does not contain
Ranch Dressing,Buttermilk,Sugar,Vegetable oil,"Garlic, herbs",Dairy,Contains
Hawaiian Pizza,Pizza dough,None,None,"Pineapple, ham","Wheat, Pork, Dairy",Contains
Egg Salad Sandwich,Eggs,Mayonnaise,None,"Celery, mustard","Eggs, Mustard",Contains
Beef Tacos,Beef,None,Vegetable oil,Taco seasoning,None,Does not contain
Mushroom and Goat Cheese Flatbread,Mushrooms,None,Olive oil,"Goat cheese, herbs",Dairy,Contains
Mutton Biryani,Mutton,None,Ghee,"Basmati rice, spices",None,Does not contain
Rice Pudding,Rice,Sugar,Milk,"Cinnamon, raisins","Rice, Dairy",Contains
Zucchini Bread,Zucchini,Sugar,Butter,"Cinnamon, nuts","Wheat, Dairy, Nuts",Contains
Apple Pie,Apples,Sugar,Butter,"Cinnamon, pastry","Wheat, Dairy",Contains
Vegetable Stir-Fry,Mixed vegetables,None,Vegetable oil,Soy sauce,None,Does not contain
Black Bean Soup,Black beans,None,Olive oil,Vegetables,None,Does not contain
Bacon-Wrapped Shrimp,Shrimp,None,Bacon,Seasonings,"Shellfish, Pork",Contains
Apple Pie,Apples,Sugar,Butter,"Cinnamon, pastry","Wheat, Dairy",Contains
Pesto Pizza,Pesto sauce,None,None,"Mozzarella cheese, basil",Dairy,Contains
Lentil Soup,Lentils,None,Olive oil,Vegetables,None,Does not contain
Quinoa Stuffed Peppers,Quinoa,None,Olive oil,"Vegetables, spices",None,Does not contain
Chocolate Mousse,Chocolate,Sugar,Heavy cream,Vanilla extract,Dairy,Contains
Stuffed Mushrooms,Mushrooms,None,None,"Garlic, herbs",None,Does not contain
Orange Juice,Oranges,Sugar,None,None,None,Does not contain
Chicken Korma,Chicken,None,Ghee,"Creamy sauce, spices",Dairy,Contains
Baked Brie,Brie cheese,None,None,"Herbs, nuts","Dairy, Nuts",Contains
Strawberry Yogurt,"Yogurt (milk, cultures)",Sugar,None,Pectin,"Milk, Strawberries",Contains
Carrot Cake,Carrots,Sugar,Vegetable oil,Cinnamon,"Wheat, Dairy",Contains
Pav Bhaji,Mixed vegetables,None,Butter,"Pav bread, spices",None,Does not contain
Prawn Curry,Prawns,None,Coconut milk,Curry spices,"Shellfish, Dairy",Contains
Stuffed Bell Peppers,Bell peppers,None,Olive oil,"Ground meat, rice",None,Does not contain
Vegetable Lasagna,Vegetables,None,Olive oil,"Tomato sauce, cheese","Wheat, Dairy",Contains
Dal Makhani,Lentils,None,Ghee,"Cream, spices",Dairy,Contains
Berry Parfait,Berries,Honey,Yogurt,Granola,Dairy,Contains
Greek Yogurt,"Yogurt (milk, cultures)",None,None,None,Dairy,Contains
Fish Sticks,Fish fillets,None,Vegetable oil,Salt,Fish,Contains
Bacon-Wrapped Shrimp,Shrimp,None,Bacon,Seasonings,"Shellfish, Pork",Contains
Beef Tacos,Beef,None,Vegetable oil,Taco seasoning,None,Does not contain
Milk Chocolate,Sugar,Cocoa butter,Milk powder,Vanilla extract,Milk,Contains
Beef Burger,Ground beef,None,Vegetable oil,"Salt, Pepper",None,Does not contain
Butternut Squash Soup,Butternut squash,None,Butter,Vegetable broth,Dairy,Contains
Caprese Salad,Tomatoes,None,Olive oil,"Mozzarella cheese, basil",Dairy,Contains
Chocolate Chip Cookies,Flour,Sugar,Butter,Chocolate chips,"Wheat, Dairy",Contains
Chicken Korma,Chicken,None,Ghee,"Creamy sauce, spices",Dairy,Contains
Beef Stroganoff,Beef,None,Sour cream,"Mushrooms, onions",Dairy,Contains
Beef Stir-Fry,Beef,None,Vegetable oil,Soy sauce,None,Does not contain
Zucchini Bread,Zucchini,Sugar,Vegetable oil,Flour,Wheat,Contains
Chicken Alfredo,Chicken,None,Butter,"Cream, Parmesan cheese",Dairy,Contains
Chole Kulche,Chickpeas,None,Ghee,"Kulcha bread, spices",None,Does not contain
Cinnamon Rolls,Flour,Sugar,Butter,Cinnamon,"Wheat, Dairy",Contains
Strawberry Smoothie,Strawberries,Sugar,Yogurt,Milk,Dairy,Contains
Caprese Salad,Tomatoes,None,Olive oil,"Mozzarella cheese, basil",Dairy,Contains
Lemon Poppy Seed Muffins,Flour,Sugar,Butter,"Lemon zest, poppy seeds","Wheat, Dairy",Contains
Honey Mustard Chicken,Chicken,Honey,Olive oil,"Mustard, herbs",None,Does not contain
Baked Chicken Wings,Chicken wings,None,Olive oil,Seasonings,None,Does not contain
Vegetable Lasagna,Vegetables,None,Olive oil,"Tomato sauce, cheese","Wheat, Dairy",Contains
Rajma Chawal,Kidney beans,None,Ghee,Spices,None,Contains
Aloo Paratha,Potatoes,None,Ghee,"Wheat flour, spices",Wheat,Contains
Tofu Scramble,Tofu,None,Vegetable oil,"Turmeric, spices",Soybeans,Contains
Chicken Shawarma,Chicken,None,Olive oil,Shawarma spices,None,Does not contain
Tiramisu,Ladyfingers,Sugar,Mascarpone cheese,"Coffee, cocoa","Wheat, Dairy",Contains
Cucumber Salad,Cucumber,None,Olive oil,"Lemon juice, dill",None,Does not contain
Chicken Shawarma,Chicken,None,Olive oil,Shawarma spices,None,Does not contain
Baked Garlic Parmesan Chicken,Chicken,None,Butter,"Parmesan cheese, garlic",Dairy,Contains
Chicken Quesadilla,Chicken,None,Butter,Cheese,"Wheat, Dairy",Contains
Honey Glazed Carrots,Carrots,Honey,Butter,None,None,Does not contain
Baked Garlic Parmesan Chicken,Chicken,None,Butter,"Parmesan cheese, garlic",Dairy,Contains
Sweet Potato Fries,Sweet potatoes,None,Vegetable oil,"Salt, paprika",None,Does not contain
Shrimp Scampi Pasta,Shrimp,None,Butter,"Garlic, lemon",Shellfish,Contains
Spinach Salad,Spinach,None,Olive oil,Balsamic vinaigrette,None,Does not contain
Pumpkin Soup,Pumpkin,None,Butter,"Nutmeg, cream",Dairy,Contains
Garlic Bread,Bread,None,Butter,Garlic,"Wheat, Dairy",Contains
Spinach and Feta Stuffed Chicken,Chicken,None,Olive oil,"Spinach, feta cheese",Dairy,Contains
Tomato Soup,Tomatoes,None,None,"Salt, Sugar",None,Does not contain
Lentil Curry,Lentils,None,Coconut milk,Curry powder,None,Does not contain
Rice Pudding,Rice,Sugar,Milk,"Cinnamon, raisins","Rice, Dairy",Contains
Lentil Soup,Lentils,None,Olive oil,Vegetables,None,Does not contain
Ratatouille Pasta,Pasta,None,Olive oil,Ratatouille vegetables,None,Does not contain
Oatmeal Raisin Cookies,Oats,Sugar,Butter,Flour,"Wheat, Dairy",Contains
Berry Parfait,Berries,Honey,Yogurt,Granola,Dairy,Contains
Oatmeal Raisin Cookies,Oats,Brown sugar,Butter,"Raisins, cinnamon","Wheat, Dairy",Contains
Caesar Salad Wrap,Romaine lettuce,None,Caesar dressing,"Parmesan cheese, croutons","Wheat, Dairy",Contains
Lemon Bars,Flour,Sugar,Butter,Lemon juice,"Wheat, Dairy",Contains
Pancake Stack,Flour,Sugar,Butter,Maple syrup,"Wheat, Dairy",Contains
Baked Salmon,Salmon fillet,None,Olive oil,"Lemon, herbs",Fish,Contains
Lentil Soup,Lentils,None,Olive oil,Vegetables,None,Does not contain
Lobster Roll,Lobster,None,Mayonnaise,"Celery, lemon juice","Shellfish, Eggs",Contains
Vegetable Stir-Fry,Mixed vegetables,None,Vegetable oil,Soy sauce,None,Does not contain
Tiramisu,Ladyfingers,Sugar,Mascarpone cheese,"Coffee, cocoa","Wheat, Dairy",Contains
Beef Stir-Fry,Beef,None,Vegetable oil,Soy sauce,None,Does not contain
Avocado Toast,Avocado,None,Olive oil,"Salt, pepper",None,Does not contain
Berry Smoothie,Mixed berries,Sugar,"Yogurt (milk, cultures)",None,Dairy,Contains
Peanut Butter,Peanuts,Sugar,Vegetable oil,Salt,Peanuts,Contains
Butternut Squash Soup,Butternut squash,None,Butter,"Nutmeg, cream",Dairy,Contains
Lemon Bars,Lemon juice,Sugar,Butter,"Flour, eggs","Wheat, Dairy, Eggs",Contains
Cinnamon Rolls,Flour,Sugar,Butter,Cinnamon,"Wheat, Dairy",Contains
Rasgulla,Paneer,Sugar,None,"Rose water, syrup",Dairy,Contains
Chicken Alfredo Pizza,Pizza dough,None,None,"Chicken, Alfredo sauce","Wheat, Dairy",Contains
Zucchini Bread,Zucchini,Sugar,Vegetable oil,Flour,Wheat,Contains
BBQ Ribs,Pork ribs,Brown sugar,Vegetable oil,BBQ sauce,None,Contains
Garlic Bread,Bread,None,Butter,Garlic,"Wheat, Dairy",Contains
Chicken Fajitas,Chicken,None,Vegetable oil,Fajita seasoning,None,Does not contain
Ratatouille Pasta,Pasta,None,Olive oil,Ratatouille vegetables,None,Does not contain
Apple Crisp,Apples,Sugar,Butter,"Cinnamon, oats","Wheat, Dairy",Contains
Greek Lemon Chicken,Chicken,None,Olive oil,"Lemon juice, herbs",None,Does not contain
Stuffed Bell Peppers,Bell peppers,None,Olive oil,"Ground meat, rice",None,Does not contain
Stuffed Portobello Mushrooms,Portobello mushrooms,None,None,"Cheese, breadcrumbs",Dairy,Contains
Mango Salsa,Mango,None,None,"Lime juice, cilantro",None,Does not contain
Aloo Paratha,Potatoes,None,Ghee,"Wheat flour, spices",Wheat,Contains
Hyderabadi Biryani,Basmati rice,None,Ghee,"Meat/vegetables, spices",None,Does not contain
Caprese Skewers,Tomatoes,None,Olive oil,"Mozzarella cheese, basil",Dairy,Contains
Caesar Shrimp Skewers,Shrimp,None,Olive oil,Caesar dressing,"Shellfish, Dairy",Contains
Chicken Fettuccine Alfredo,Chicken,None,Butter,"Cream, Parmesan cheese",Dairy,Contains
Chicken Teriyaki,Chicken,None,Vegetable oil,Teriyaki sauce,None,Does not contain
Gazpacho,Tomatoes,None,Olive oil,"Garlic, herbs",None,Does not contain
Vegetable Lasagna,Vegetables,None,Olive oil,"Tomato sauce, cheese","Wheat, Dairy",Contains
Baked Ziti,Pasta,None,None,"Tomato sauce, cheese","Wheat, Dairy",Contains
Apple Pie,Apples,Sugar,Butter,"Cinnamon, pastry","Wheat, Dairy",Contains
Wheat Bread,Wheat flour,None,None,Salt,Wheat,Contains
Chicken Quesadilla,Chicken,None,Butter,Cheese,"Wheat, Dairy",Contains
Quinoa Salad,Quinoa,None,Olive oil,"Lemon juice, vegetables",None,Does not contain
Baked Salmon,Salmon,None,Olive oil,"Lemon, herbs",Fish,Contains
Pesto Chicken,Chicken,None,Pesto sauce,None,None,Does not contain
Malai Kofta,Cottage cheese,None,Ghee,Creamy tomato sauce,Dairy,Contains
Soy Milk,Soybeans,Sugar,None,Emulsifiers,Soybeans,Contains
Strawberry Spinach Salad,Spinach,None,None,"Strawberries, vinaigrette",None,Does not contain
Honey Soy Glazed Salmon,Salmon,Honey,Soy sauce,"Garlic, ginger","Fish, Soybeans",Contains
Chicken Fettuccine Alfredo,Chicken,None,Butter,"Cream, Parmesan cheese",Dairy,Contains
Chocolate Cake,Flour,Sugar,Butter,Cocoa powder,"Wheat, Dairy, Cocoa",Contains
Paneer Tikka,Paneer,None,Oil,"Tikka masala, spices",Dairy,Contains
Butter Naan,Flour,None,Butter,None,"Wheat, Dairy",Contains
Peanut Butter,Peanuts,Sugar,Vegetable oil,Salt,Peanuts,Contains
Milk Chocolate,Sugar,Cocoa butter,Milk powder,Vanilla extract,Milk,Contains
Vegetable Biryani,Mixed vegetables,None,Ghee,"Basmati rice, spices",None,Does not contain
Lemon Poppy Seed Muffins,Flour,Sugar,Butter,"Lemon zest, poppy seeds","Wheat, Dairy",Contains
Caesar Salad,Romaine lettuce,None,Olive oil,Parmesan cheese,Dairy,Contains
Butternut Squash Soup,Butternut squash,None,Butter,Vegetable broth,Dairy,Contains
Soy Milk,Soybeans,Sugar,None,Emulsifiers,Soybeans,Contains
Stuffed Bell Peppers,Bell peppers,None,Olive oil,"Ground meat, rice",None,Does not contain
Ratatouille Pasta,Pasta,None,Olive oil,Ratatouille vegetables,None,Does not contain
French Onion Soup,Onions,None,Butter,"Beef broth, cheese, bread","Dairy, Wheat",Contains
Chicken Shawarma,Chicken,None,Olive oil,Shawarma spices,None,Does not contain
Fish Sticks,Fish fillets,None,Vegetable oil,Salt,Fish,Contains
Strawberry Yogurt,"Yogurt (milk, cultures)",Sugar,None,Pectin,"Milk, Strawberries",Contains
Vegetable Curry,Mixed vegetables,None,Coconut milk,Curry paste,None,Does not contain
Cheddar Cheese,Cheese,None,None,Salt,Dairy,Contains
French Onion Soup,Onions,None,Butter,"Beef broth, cheese, bread","Dairy, Wheat",Contains
Chicken Korma,Chicken,None,Ghee,"Creamy sauce, spices",Dairy,Contains
Honey Soy Glazed Salmon,Salmon,Honey,Soy sauce,"Garlic, ginger","Fish, Soybeans",Contains
Apple Crisp,Apples,Sugar,Butter,Cinnamon,"Wheat, Dairy",Contains
Avocado Toast,Avocado,None,Olive oil,"Salt, pepper",None,Does not contain
Lemon Garlic Shrimp,Shrimp,None,Olive oil,"Lemon juice, garlic",Shellfish,Contains
Caprese Sandwich,Tomatoes,None,Olive oil,"Mozzarella cheese, basil",Dairy,Contains
Chicken Enchiladas,Chicken,None,Vegetable oil,Enchilada sauce,None,Does not contain
Cilantro Lime Chicken,Chicken,None,Olive oil,"Cilantro, lime",None,Does not contain
Strawberry Yogurt,"Yogurt (milk, cultures)",Sugar,None,Pectin,"Milk, Strawberries",Contains
Prawn Curry,Prawns,None,Coconut milk,Curry spices,"Shellfish, Dairy",Contains
Ratatouille Pasta,Pasta,None,Olive oil,Ratatouille vegetables,None,Does not contain
Stuffed Mushrooms,Mushrooms,None,None,"Cheese, breadcrumbs",Dairy,Contains
Berry Smoothie,Mixed berries,Sugar,"Yogurt (milk, cultures)",None,Dairy,Contains
Butternut Squash Soup,Butternut squash,None,Butter,Vegetable broth,Dairy,Contains
Strawberry Smoothie,Strawberries,Honey,"Yogurt (milk, cultures)",None,Dairy,Contains
Soy Milk,Soybeans,Sugar,None,Emulsifiers,Soybeans,Contains
Ratatouille Tart,Vegetables,None,Olive oil,"Puff pastry, herbs",None,Does not contain
Soy Milk,Soybeans,Sugar,None,Emulsifiers,Soybeans,Contains
Vegetable Biryani,Mixed vegetables,None,Ghee,"Basmati rice, spices",None,Does not contain
Aloo Paratha,Potatoes,None,Ghee,"Wheat flour, spices",Wheat,Contains
Apple,Apples,None,None,None,None,Does not contain
Greek Spanakopita,Spinach,None,Olive oil,"Feta cheese, phyllo dough",Dairy,Contains
Stuffed Bell Peppers,Bell peppers,None,Olive oil,"Ground meat, rice",None,Does not contain
Chicken and Rice Soup,Chicken,None,Vegetable oil,"Rice, vegetables",None,Does not contain
Berry Parfait,Mixed berries,Sugar,"Yogurt (milk, cultures)",Granola,Dairy,Contains
Brussels Sprouts,Brussels sprouts,None,Olive oil,Balsamic glaze,None,Does not contain
Lemon Bars,Lemon juice,Sugar,Butter,"Flour, eggs","Wheat, Dairy, Eggs",Contains
Beef Burger,Ground beef,None,Vegetable oil,"Salt, Pepper",None,Does not contain
Chocolate Mousse,Chocolate,Sugar,Heavy cream,Vanilla extract,Dairy,Contains
Lobster Bisque,Lobster,None,Butter,"Cream, brandy","Shellfish, Dairy",Contains
S'mores,Graham crackers,Marshmallows,Chocolate,None,"Wheat, Dairy",Contains
Apple Pie,Apples,Sugar,Butter,"Cinnamon, pastry","Wheat, Dairy",Contains
Masala Dosa,Rice,None,Oil,"Potato masala, spices",None,Does not contain
Lemon Garlic Shrimp,Shrimp,None,Olive oil,"Lemon juice, garlic",Shellfish,Contains
Caesar Salad Wrap,Grilled chicken,None,Caesar dressing,"Lettuce, Parmesan cheese",Dairy,Contains
Beef Stir-Fry,Beef,None,Vegetable oil,Soy sauce,None,Does not contain
Chicken Alfredo,Chicken,None,Butter,"Cream, Parmesan cheese",Dairy,Contains
Lemon Garlic Shrimp,Shrimp,None,Olive oil,"Lemon juice, garlic",Shellfish,Contains
Egg Fried Rice,Eggs,None,Sesame oil,Soy sauce,"Eggs, Soybeans",Contains
Chicken Caesar Salad,Chicken,None,Caesar dressing,"Romaine lettuce, croutons","Wheat, Dairy",Contains
Sweet Potato Casserole,Sweet potatoes,Brown sugar,Butter,"Cinnamon, nutmeg","Dairy, Nuts",Contains
Shrimp Fried Rice,Shrimp,None,Vegetable oil,Soy sauce,"Shellfish, Soybeans",Contains
Lentil Soup,Lentils,None,Olive oil,Vegetables,None,Does not contain
Ratatouille,Eggplant,None,Olive oil,Tomatoes,None,Does not contain
Lemonade,Lemon juice,Sugar,Water,None,None,Does not contain
Gobi Manchurian,Cauliflower,None,Oil,Manchurian sauce,None,Does not contain
Apple Cider,Apples,Sugar,None,Cinnamon,None,Does not contain
Chicken Teriyaki,Chicken,None,Vegetable oil,Teriyaki sauce,None,Does not contain
Berry Parfait,Berries,Honey,Yogurt,Granola,Dairy,Contains
Gulab Jamun,Milk solids,Sugar,Ghee,Cardamom syrup,Dairy,Contains
Chicken Noodle Soup,Chicken,None,Vegetable oil,"Noodles, vegetables",None,Does not contain
Caramel Popcorn,Popcorn,Sugar,Butter,Salt,Dairy,Contains
Greek Moussaka,Eggplant,None,Olive oil,"Ground meat, potatoes",None,Does not contain
Baked Apple,Apples,Sugar,Butter,"Cinnamon, oats","Wheat, Dairy",Contains
Pancetta Pasta,Pasta,None,Pancetta,"Garlic, herbs",None,Does not contain
Margherita Pizza,Pizza dough,None,Olive oil,"Mozzarella cheese, tomatoes, basil",Dairy,Contains
Spinach Artichoke Dip,Spinach,None,"Cream cheese, sour cream","Parmesan cheese, garlic",Dairy,Contains
Quiche,Eggs,None,Cheese,Vegetables,"Eggs, Dairy",Contains
Baked Chicken Wings,Chicken wings,None,Olive oil,Seasonings,None,Does not contain
Tomato Soup,Tomatoes,None,None,"Salt, Sugar",None,Does not contain
Paneer Tikka,Paneer,None,Oil,"Tikka masala, spices",Dairy,Contains
Mango Lassi,Mango,Sugar,"Yogurt (milk, cultures)",Cardamom,Dairy,Contains
Chicken Alfredo Pizza,Pizza dough,None,None,"Chicken, Alfredo sauce","Wheat, Dairy",Contains
Beef Stroganoff,Beef,None,Sour cream,"Mushrooms, onions",Dairy,Contains
Garlic Shrimp,Shrimp,None,Olive oil,Garlic,Shellfish,Contains
Banana Bread,Bananas,Sugar,Butter,"Cinnamon, nuts","Wheat, Dairy, Nuts",Contains
Paniyaram,Fermented batter,None,Oil,"Mustard seeds, curry leaves",None,Does not contain
Chicken Teriyaki,Chicken,None,Vegetable oil,Teriyaki sauce,None,Does not contain
French Onion Soup,Onions,None,Butter,"Beef broth, cheese, bread","Dairy, Wheat",Contains
Malai Kofta,Cottage cheese,None,Ghee,Creamy tomato sauce,Dairy,Contains
Ratatouille Pasta,Pasta,None,Olive oil,Ratatouille vegetables,None,Does not contain
Cinnamon Rolls,Dough,Sugar,Butter,"Cinnamon, icing","Wheat, Dairy",Contains
Beef Wellington,Beef,None,Butter,"Mushrooms, puff pastry","Wheat, Dairy",Contains
Beef Tacos,Ground beef,None,Vegetable oil,Taco seasoning,None,Does not contain
Vada Pav,Potato,None,Oil,"Pav bun, chutney",None,Does not contain
Lemon Bars,Lemon juice,Sugar,Butter,"Flour, eggs","Wheat, Dairy, Eggs",Contains
French Onion Soup,Onions,None,Butter,"Beef broth, cheese, bread","Dairy, Wheat",Contains
Orange Juice,Oranges,Sugar,None,None,None,Does not contain
Chicken Satay,Chicken,None,Peanut oil,"Satay sauce, spices",Peanuts,Contains
French Onion Soup,Onions,None,Butter,"Beef broth, cheese, bread","Dairy, Wheat",Contains
Onion Rings,Onions,None,Vegetable oil,Flour,Wheat,Contains
Tiramisu,Ladyfingers,Sugar,"Mascarpone cheese, coffee liqueur",Cocoa powder,"Wheat, Dairy, Alcohol",Contains
Chicken Parmesan,Chicken,None,Olive oil,"Tomato sauce, cheese","Wheat, Dairy",Contains
Greek Salad,Cucumber,None,Olive oil,Lemon juice,None,Does not contain
Almond Cookies,Almonds,Sugar,Butter,Flour,"Almonds, Wheat, Dairy",Contains
Pumpkin Pie,Pumpkin,Sugar,Butter,"Pumpkin spice, pastry","Wheat, Dairy",Contains
Prawn Biryani,Prawns,None,Ghee,"Basmati rice, spices",Shellfish,Contains
Tuna Sandwich,Tuna,Mayonnaise,None,"Salt, Pepper","Fish, Eggs",Contains
S'mores,Graham crackers,Marshmallows,Chocolate,None,"Wheat, Dairy",Contains
Rogan Josh,Lamb,None,Ghee,"Yogurt, Kashmiri red chili",Dairy,Contains
Greek Gyro Wrap,Lamb,None,None,"Tzatziki sauce, tomatoes, onions",Dairy,Contains
Margherita Pasta,Pasta,None,Olive oil,"Fresh tomatoes, mozzarella",Dairy,Contains
Beef Stroganoff,Beef,None,Sour cream,"Mushrooms, onions",Dairy,Contains
Sausage Pizza,Sausage,None,None,Mozzarella cheese,None,Does not contain
Tandoori Chicken,Chicken,None,Yogurt,Tandoori spices,Dairy,Contains
Hawaiian Pizza,Pizza dough,None,None,"Pineapple, ham","Wheat, Pork, Dairy",Contains
Pesto Chicken,Chicken,None,Pesto sauce,None,None,Does not contain
Spinach Artichoke Dip,Spinach,None,"Cream cheese, sour cream","Parmesan cheese, garlic",Dairy,Contains
Gulab Jamun,Milk solids,Sugar,Ghee,Cardamom syrup,Dairy,Contains
Stuffed Bell Peppers,Bell peppers,None,Olive oil,"Ground meat, rice",None,Does not contain
BBQ Ribs,Pork ribs,Brown sugar,Vegetable oil,BBQ sauce,None,Contains
French Onion Soup,Onions,None,Butter,"Beef broth, cheese, bread","Dairy, Wheat",Contains
Baked Ziti,Pasta,None,None,"Tomato sauce, cheese","Wheat, Dairy",Contains
Beef Burritos,Beef,None,Vegetable oil,Burrito seasoning,None,Does not contain
Tofu Stir-Fry,Tofu,None,Vegetable oil,Soy sauce,Soybeans,Contains
Berry Parfait,Mixed berries,Sugar,"Yogurt (milk, cultures)",Granola,Dairy,Contains
Tiramisu,Ladyfingers,Sugar,"Mascarpone cheese, coffee liqueur",Cocoa powder,"Wheat, Dairy, Alcohol",Contains
Vada Pav,Potato,None,Oil,"Pav bun, chutney",None,Does not contain
Vegetable Lasagna,Vegetables,None,Olive oil,"Tomato sauce, cheese","Wheat, Dairy",Contains
Mushroom Risotto,Mushrooms,None,Butter,"Arborio rice, Parmesan cheese",Dairy,Contains
Stuffed Tomatoes,Tomatoes,None,None,"Herbs, breadcrumbs",None,Does not contain
Strawberry Smoothie,Strawberries,Sugar,Yogurt,Milk,Dairy,Contains
Mushroom Risotto,Arborio rice,None,Butter,Mushroom,"Wheat, Dairy",Contains
Chicken Noodle Soup,Chicken broth,None,None,Salt,"Chicken, Wheat, Celery",Contains
Orange Chicken,Chicken,None,Vegetable oil,Orange sauce,None,Does not contain
Greek Lemon Potatoes,Potatoes,None,Olive oil,"Lemon juice, herbs",None,Does not contain
Tomato Soup,Tomatoes,None,None,"Salt, Sugar",None,Does not contain
Raspberry Cheesecake,Cream cheese,Sugar,Butter,"Graham cracker crust, raspberries","Wheat, Dairy",Contains
Chicken Korma,Chicken,None,Ghee,"Creamy sauce, spices",Dairy,Contains
Chicken Parmesan,Chicken,None,Olive oil,"Tomato sauce, cheese","Wheat, Dairy",Contains
Strawberry Yogurt,"Yogurt (milk, cultures)",Sugar,None,Pectin,"Milk, Strawberries",Contains
Chicken Satay,Chicken,None,Peanut butter,Soy sauce,Peanuts,Contains
Beef and Mushroom Stir-Fry,Beef,None,Vegetable oil,Soy sauce,None,Does not contain
Mushroom Risotto,Mushrooms,None,Butter,"Arborio rice, Parmesan cheese",Dairy,Contains
Lemon Pepper Chicken,Chicken,None,Olive oil,Lemon pepper seasoning,None,Does not contain
Onion Rings,Onions,None,Vegetable oil,Flour,Wheat,Contains
Chicken Enchiladas,Chicken,None,Vegetable oil,Enchilada sauce,None,Does not contain
Dal Makhani,Lentils,None,Ghee,"Cream, spices",Dairy,Contains
Chocolate Mousse,Chocolate,Sugar,Heavy cream,Vanilla extract,Dairy,Contains
Chicken Caesar Salad,Chicken,None,Caesar dressing,"Romaine lettuce, croutons","Wheat, Dairy",Contains
Chocolate Chip Pancakes,Flour,Sugar,Butter,Chocolate chips,"Wheat, Dairy, Cocoa",Contains
Lemon Herb Roasted Chicken,Chicken,None,Olive oil,"Lemon, herbs",None,Does not contain
Rogan Josh,Lamb,None,Ghee,"Yogurt, Kashmiri red chili",Dairy,Contains
Margherita Pizza,Cheese,None,None,"Tomato sauce, basil",Dairy,Contains
Fruit Salad,Mixed fruits,Sugar,None,Lemon juice,None,Does not contain
Garlic Shrimp,Shrimp,None,Olive oil,Garlic,Shellfish,Contains
Banana Pudding,Bananas,Sugar,Milk,"Vanilla pudding mix, cookies",Dairy,Contains
Chicken Stir-Fry,Chicken,None,Vegetable oil,Soy sauce,None,Does not contain
Chicken Piccata,Chicken,None,Butter,"Lemon, capers","Dairy, Fish",Contains
Beef Tacos,Beef,None,Vegetable oil,Taco seasoning,None,Does not contain
Butternut Squash Soup,Butternut squash,None,Butter,"Nutmeg, cream",Dairy,Contains
Samosa,Potatoes,None,Ghee,Spices,None,Contains
Chicken Shawarma,Chicken,None,Olive oil,Shawarma spices,None,Does not contain
Rogan Josh,Lamb,None,Ghee,"Yogurt, Kashmiri red chili",Dairy,Contains
Blueberry Muffins,Blueberries,Sugar,Butter,Flour,"Wheat, Dairy",Contains
Prawn Curry,Prawns,None,Coconut milk,Curry spices,"Shellfish, Dairy",Contains
Spaghetti Bolognese,Ground beef,Sugar,Olive oil,Tomato sauce,None,Contains
Stuffed Portobello Mushrooms,Portobello mushrooms,None,None,"Cheese, breadcrumbs",Dairy,Contains
Jalebi,Flour,Sugar,Ghee,Saffron syrup,"Wheat, Dairy",Contains
Margherita Pasta,Pasta,None,Olive oil,"Mozzarella cheese, tomatoes, basil",Dairy,Contains
Gazpacho,Tomatoes,None,Olive oil,"Garlic, herbs",None,Does not contain
Lemon Bars,Flour,Sugar,Butter,Lemon juice,"Wheat, Dairy",Contains
Vegetable Stir-Fry,Mixed vegetables,None,Vegetable oil,Soy sauce,None,Does not contain
Beef Wellington,Beef,None,Butter,"Mushrooms, puff pastry","Wheat, Dairy",Contains
Chole Kulche,Chickpeas,None,Ghee,"Kulcha bread, spices",None,Does not contain
Chicken Satay,Chicken,None,Peanut oil,"Satay sauce, spices",Peanuts,Contains
Pumpkin Pie,Pumpkin,Sugar,Butter,"Pumpkin spice, pastry","Wheat, Dairy",Contains
Beef Stir-Fry,Beef,None,Vegetable oil,Soy sauce,None,Does not contain
Blueberry Pancakes,Flour,Sugar,Butter,Blueberries,"Wheat, Dairy",Contains
French Fries,Potatoes,None,Vegetable oil,Salt,None,Does not contain
Rabri,Milk,Sugar,Ghee,"Cardamom, nuts",Dairy,Contains
Caprese Salad,Tomatoes,None,Olive oil,"Mozzarella cheese, basil",Dairy,Contains
Vanilla Cupcakes,Flour,Sugar,Butter,Vanilla extract,"Wheat, Dairy",Contains
Mushroom Soup,Mushrooms,None,Butter,Vegetable broth,Dairy,Contains
Vanilla Yogurt,"Yogurt (milk, cultures)",Sugar,None,Vanilla extract,Milk,Contains
Tandoori Chicken,Chicken,None,Yogurt,Tandoori spices,Dairy,Contains
Chocolate Mousse,Chocolate,Sugar,Heavy cream,Vanilla extract,Dairy,Contains
Honey Soy Glazed Salmon,Salmon,Honey,Soy sauce,"Garlic, ginger","Fish, Soybeans",Contains
Chicken Fajitas,Chicken,None,Vegetable oil,Fajita seasoning,None,Does not contain
Pumpkin Pie,Pumpkin,Sugar,Butter,"Pumpkin spice, pastry","Wheat, Dairy",Contains
Rasmalai,Paneer,Sugar,"Milk, Ghee","Cardamom, nuts",Dairy,Contains
Beef and Mushroom Stir-Fry,Beef,None,Vegetable oil,Soy sauce,None,Does not contain
Chicken Caesar Salad,Chicken,None,Caesar dressing,"Romaine lettuce, croutons","Wheat, Dairy",Contains
Stuffed Bell Peppers,Bell peppers,None,Olive oil,"Ground meat, rice",None,Does not contain
Egg Salad,Eggs,Mayonnaise,None,"Celery, onion",Eggs,Contains
Pineapple Upside-Down Cake,Pineapple,Sugar,Butter,Flour,"Wheat, Dairy",Contains
Caesar Shrimp Skewers,Shrimp,None,Olive oil,Caesar dressing,"Shellfish, Dairy",Contains
Oatmeal Raisin Cookies,Oats,Sugar,Butter,Flour,"Wheat, Dairy",Contains
Key Lime Pie,Lime juice,Sugar,Butter,Graham cracker crust,"Wheat, Dairy",Contains
Honey Glazed Carrots,Carrots,Honey,Butter,None,None,Does not contain
Lemon Garlic Shrimp,Shrimp,None,Olive oil,"Lemon juice, garlic",Shellfish,Contains
Lemon Poppy Seed Muffins,Flour,Sugar,Butter,"Lemon zest, poppy seeds","Wheat, Dairy",Contains
Cinnamon Rolls,Dough,Sugar,Butter,"Cinnamon, icing","Wheat, Dairy",Contains
Strawberry Smoothie,Strawberries,Honey,"Yogurt (milk, cultures)",None,Dairy,Contains
Miso Soup,Miso paste,None,None,"Tofu, seaweed",Soybeans,Contains
Margherita Pizza,Pizza dough,None,Olive oil,"Mozzarella cheese, tomatoes, basil",Dairy,Contains
Tuna Salad,Tuna,Mayonnaise,None,"Celery, onion","Fish, Eggs",Contains
Honey Mustard Chicken,Chicken breast,Honey,Mustard,Vegetable oil,None,Contains
Shrimp Fried Rice,Shrimp,None,Vegetable oil,Soy sauce,"Shellfish, Soybeans",Contains
Chocolate Chip Cookies,Flour,Sugar,Butter,Chocolate chips,"Wheat, Dairy",Contains
Caesar Wrap,Grilled chicken,None,Caesar dressing,"Lettuce, Parmesan cheese",Dairy,Contains
Spinach Salad,Spinach,None,Olive oil,Balsamic vinaigrette,None,Does not contain
Ratatouille Pasta,Pasta,None,Olive oil,Ratatouille vegetables,None,Does not contain
Tiramisu,Ladyfingers,Sugar,"Mascarpone cheese, coffee liqueur",Cocoa powder,"Wheat, Dairy, Alcohol",Contains
Greek Gyro,Lamb/Chicken,None,None,"Tzatziki sauce, vegetables","Dairy, Wheat",Contains
Chicken Piccata,Chicken,None,Butter,"Lemon, capers",Dairy,Contains
Honey Soy Glazed Salmon,Salmon,Honey,Soy sauce,"Garlic, ginger","Fish, Soybeans",Contains
Quiche,Eggs,None,Cheese,Vegetables,"Eggs, Dairy",Contains
Pancake Stack,Flour,Sugar,Butter,Maple syrup,"Wheat, Dairy",Contains
Oatmeal Raisin Cookies,Oats,Sugar,Butter,Flour,"Wheat, Dairy",Contains
Beef Burritos,Beef,None,Vegetable oil,Burrito seasoning,None,Does not contain
Eggplant Parmesan,Eggplant,None,Olive oil,"Marinara sauce, cheese",Dairy,Contains
Zucchini Noodles with Pesto,Zucchini,None,Olive oil,Pesto sauce,"Pine nuts, Dairy",Contains
Vanilla Ice Cream,Milk,Sugar,Cream,Vanilla extract,Milk,Contains
Tiramisu,Ladyfingers,Sugar,Mascarpone cheese,"Coffee, cocoa","Wheat, Dairy",Contains
Cinnamon Rolls,Flour,Sugar,Butter,Cinnamon,"Wheat, Dairy",Contains
Garlic Bread,Bread,None,Butter,Garlic,"Wheat, Dairy",Contains
Pesto Pasta,Pasta,None,Olive oil,"Basil, garlic",None,Does not contain
Caesar Shrimp Skewers,Shrimp,None,Olive oil,Caesar dressing,"Shellfish, Dairy",Contains
Baked Salmon,Salmon,None,Olive oil,"Lemon, herbs",Fish,Contains
Honey Glazed Carrots,Carrots,Honey,Butter,None,None,Does not contain
Paneer Tikka,Paneer,None,Oil,"Tikka masala, spices",Dairy,Contains
Beef Burritos,Ground beef,None,Vegetable oil,Taco seasoning,None,Does not contain
Lemon Garlic Shrimp,Shrimp,None,Olive oil,"Lemon juice, garlic",Shellfish,Contains
Butternut Squash Soup,Butternut squash,None,Butter,"Nutmeg, cream",Dairy,Contains
Mango Coconut Popsicles,Mango,Sugar,Coconut milk,None,None,Does not contain
Raspberry Spinach Salad,Spinach,None,None,"Raspberries, vinaigrette",None,Does not contain
Wheat Bread,Wheat flour,None,None,Salt,Wheat,Contains
Aloo Paratha,Potatoes,None,Ghee,"Wheat flour, spices",Wheat,Contains
Gulab Jamun,Milk solids,Sugar,Ghee,Cardamom syrup,Dairy,Contains
Strawberry Smoothie,Strawberries,Honey,"Yogurt (milk, cultures)",None,Dairy,Contains
Stuffed Bell Peppers,Bell peppers,None,Olive oil,"Ground meat, rice",None,Does not contain
Honey Glazed Carrots,Carrots,Honey,Butter,None,None,Does not contain
Berry Crumble,Mixed berries,Sugar,Butter,"Oats, cinnamon","Wheat, Dairy",Contains
Butternut Squash Soup,Butternut squash,None,Butter,Vegetable broth,Dairy,Contains
Caesar Pasta Salad,Pasta,None,Caesar dressing,"Romaine lettuce, Parmesan cheese","Wheat, Dairy",Contains
Lobster Bisque,Lobster,None,Butter,"Cream, brandy","Shellfish, Dairy",Contains
Banana Bread,Bananas,Sugar,Butter,"Cinnamon, nuts","Wheat, Dairy, Nuts",Contains
Rasmalai,Paneer,Sugar,"Milk, Ghee","Cardamom, nuts",Dairy,Contains
Butter Naan,Flour,None,Butter,None,"Wheat, Dairy",Contains
Stuffed Tomatoes,Tomatoes,None,None,"Herbs, breadcrumbs",None,Does not contain
Chicken Caesar Salad,Chicken,None,Caesar dressing,"Romaine lettuce, croutons","Wheat, Dairy",Contains
Ratatouille Pasta,Pasta,None,Olive oil,Ratatouille vegetables,None,Does not contain
Prawn Curry,Prawns,None,Coconut milk,Curry spices,"Shellfish, Dairy",Contains
Tiramisu,Ladyfingers,Sugar,Mascarpone cheese,"Coffee, cocoa","Wheat, Dairy",Contains
Stuffed Tomatoes,Tomatoes,None,None,"Herbs, breadcrumbs",None,Does not contain
Chicken Enchiladas,Chicken,None,Enchilada sauce,"Cheese, tortillas","Wheat, Dairy",Contains
Rogan Josh,Lamb,None,Ghee,"Yogurt, Kashmiri red chili",Dairy,Contains
Vada Pav,Potato,None,Oil,"Pav bun, chutney",None,Does not contain
Greek Yogurt,"Yogurt (milk, cultures)",None,None,None,Dairy,Contains
Greek Gyro Wrap,Lamb,None,None,"Tzatziki sauce, tomatoes, onions",Dairy,Contains
Tiramisu,Ladyfingers,Sugar,Mascarpone cheese,"Coffee, cocoa","Wheat, Dairy",Contains
Lemon Dill Salmon,Salmon,None,Olive oil,"Lemon, dill",Fish,Contains
Baked Salmon,Salmon,None,Olive oil,"Lemon, herbs",Fish,Contains
Mushroom Risotto,Mushrooms,None,Butter,"Arborio rice, Parmesan cheese",Dairy,Contains
Raspberry Cheesecake,Cream cheese,Sugar,Butter,"Graham cracker crust, raspberries","Wheat, Dairy",Contains
Prawn Biryani,Prawns,None,Ghee,"Basmati rice, spices",Shellfish,Contains
Chicken Alfredo Pizza,Pizza dough,None,None,"Chicken, Alfredo sauce","Wheat, Dairy",Contains
Greek Lemon Potatoes,Potatoes,None,Olive oil,"Lemon juice, herbs",None,Does not contain
Minestrone Soup,Vegetables,None,Olive oil,Tomato broth,None,Does not contain
Stuffed Mushrooms,Mushrooms,None,None,"Garlic, herbs",None,Does not contain
Margherita Pizza,Cheese,None,None,"Tomato sauce, basil",Dairy,Contains
Margherita Pasta,Pasta,None,Olive oil,"Mozzarella cheese, tomatoes, basil",Dairy,Contains
Egg Salad,Eggs,Mayonnaise,None,"Celery, onion",Eggs,Contains
Beef Stroganoff,Beef,None,Sour cream,"Mushroom, onion",Dairy,Contains
Chicken Alfredo Pizza,Pizza dough,None,None,"Chicken, Alfredo sauce","Wheat, Dairy",Contains
Ratatouille,Eggplant,None,Olive oil,"Tomatoes, zucchini",None,Does not contain
Minestrone Soup,Vegetables,None,Olive oil,Tomato broth,None,Does not contain
Mushroom Risotto,Arborio rice,None,Butter,Mushroom,"Wheat, Dairy",Contains
Tomato Soup,Tomatoes,None,None,"Salt, Sugar",None,Does not contain
Hyderabadi Biryani,Basmati rice,None,Ghee,"Meat/vegetables, spices",None,Does not contain
Chicken Shawarma,Chicken,None,Olive oil,Shawarma spices,None,Does not contain
Vanilla Ice Cream,Milk,Sugar,Cream,Vanilla extract,Milk,Contains
Chicken Noodle Soup,Chicken,None,Vegetable oil,"Noodles, vegetables",None,Does not contain
Lobster Roll,Lobster,None,Mayonnaise,"Celery, lemon juice","Shellfish, Eggs",Contains
Garlic Bread,Bread,None,Butter,Garlic,"Wheat, Dairy",Contains
Rice Pudding,Rice,Sugar,Milk,"Cinnamon, raisins","Rice, Dairy",Contains
Lemonade,Lemon juice,Sugar,Water,None,None,Does not contain
Lemon Pepper Chicken,Chicken,None,Olive oil,Lemon pepper seasoning,None,Does not contain
Fruit Salad,Mixed fruits,Sugar,None,Lemon juice,None,Does not contain
Beef Kabobs,Beef,None,Olive oil,Seasonings,None,Does not contain
Raspberry Cheesecake,Cream cheese,Sugar,Butter,"Graham cracker crust, raspberries","Wheat, Dairy",Contains
Butternut Squash Soup,Butternut squash,None,Butter,Vegetable broth,Dairy,Contains
Shrimp Fried Rice,Shrimp,None,Vegetable oil,Soy sauce,"Shellfish, Soybeans",Contains
Chicken Noodle Casserole,Chicken,None,Butter,"Noodles, vegetables",Wheat,Contains
Lobster Roll,Lobster,None,Mayonnaise,"Celery, lemon juice","Shellfish, Eggs",Contains
Chicken Alfredo Pizza,Pizza dough,None,None,"Chicken, Alfredo sauce","Wheat, Dairy",Contains
Bacon-Wrapped Shrimp,Shrimp,None,Bacon,Seasonings,"Shellfish, Pork",Contains
Beef Stroganoff,Beef,None,Sour cream,"Mushroom, onion",Dairy,Contains
Chicken Korma,Chicken,None,Ghee,"Creamy sauce, spices",Dairy,Contains
Sushi,"Fish (salmon, tuna)",Rice vinegar,Sesame oil,Soy sauce,"Fish, Soybeans",Contains
Chicken Stir-Fry,Chicken,None,Vegetable oil,Soy sauce,None,Does not contain
Mango Salsa,Mango,None,None,"Red onion, lime",None,Does not contain
Biryani,Rice,None,Ghee,"Biryani masala, spices",None,Does not contain
Vegetable Curry,Mixed vegetables,None,Coconut milk,Curry paste,None,Does not contain
Chicken Biryani,Chicken,None,Ghee,"Basmati rice, spices",None,Does not contain
Cucumber Salad,Cucumber,None,Olive oil,"Lemon juice, dill",None,Does not contain
Mushroom Risotto,Mushrooms,None,Butter,"Arborio rice, Parmesan cheese",Dairy,Contains
Chocolate Mousse,Chocolate,Sugar,Heavy cream,Vanilla extract,Dairy,Contains
Stuffed Bell Peppers,Bell peppers,None,Olive oil,"Ground meat, rice",None,Does not contain
Chicken Enchiladas,Chicken,None,Enchilada sauce,"Cheese, tortillas","Wheat, Dairy",Contains
Chole Kulche,Chickpeas,None,Ghee,"Kulcha bread, spices",None,Does not contain
Blueberry Muffins,Flour,Sugar,Butter,Blueberries,"Wheat, Dairy",Contains
Vegetable Stir-Fry,Mixed vegetables,None,Vegetable oil,Soy sauce,None,Does not contain
Lemon Herb Roasted Chicken,Chicken,None,Olive oil,"Lemon, herbs",None,Does not contain
Ratatouille Pasta,Pasta,None,Olive oil,Ratatouille vegetables,None,Does not contain
Blueberry Muffins,Flour,Sugar,Butter,Blueberries,"Wheat, Dairy",Contains
Caesar Salad Wrap,Romaine lettuce,None,Caesar dressing,"Parmesan cheese, croutons","Wheat, Dairy",Contains
Ratatouille Pasta,Pasta,None,Olive oil,Ratatouille vegetables,None,Does not contain
Chicken Stir-Fry,Chicken,None,Vegetable oil,Soy sauce,None,Does not contain
Stuffed Tomatoes,Tomatoes,None,None,"Herbs, breadcrumbs",None,Does not contain
Chicken Alfredo,Chicken,None,Butter,"Cream, Parmesan cheese",Dairy,Contains
Milk Chocolate,Sugar,Cocoa butter,Milk powder,Vanilla extract,Milk,Contains
Lobster Bisque,Lobster,None,Butter,"Cream, brandy","Shellfish, Dairy",Contains
Greek Spanakopita,Spinach,None,Olive oil,"Feta cheese, phyllo dough",Dairy,Contains
Chicken Noodle Soup,Chicken,None,Vegetable oil,"Noodles, vegetables",None,Does not contain
Spinach Artichoke Dip,Spinach,None,"Cream cheese, sour cream","Parmesan cheese, garlic",Dairy,Contains
Minestrone Soup,Vegetables,None,Olive oil,Tomato broth,None,Does not contain
Gulab Jamun,Milk solids,Sugar,Ghee,Cardamom syrup,Dairy,Contains
Masala Dosa,Rice,None,Oil,"Potato masala, spices",None,Does not contain
Brussels Sprouts,Brussels sprouts,None,Olive oil,Balsamic glaze,None,Does not contain
Quinoa Salad,Quinoa,None,Olive oil,"Lemon juice, herbs",None,Does not contain
Chicken Satay,Chicken,None,Peanut oil,"Satay sauce, spices",Peanuts,Contains
Banana Pudding,Bananas,Sugar,Milk,"Vanilla pudding mix, cookies",Dairy,Contains
Strawberry Spinach Salad,Spinach,None,None,"Strawberries, vinaigrette",None,Does not contain
Mushroom Risotto,Arborio rice,None,Butter,Mushroom,"Wheat, Dairy",Contains
Apple Pie,Apples,Sugar,Butter,"Cinnamon, pastry","Wheat, Dairy",Contains
Vanilla Ice Cream,Milk,Sugar,Cream,Vanilla extract,Milk,Contains
Honey Soy Glazed Salmon,Salmon,Honey,Soy sauce,"Garlic, ginger","Fish, Soybeans",Contains
Caprese Salad,Tomatoes,None,Olive oil,"Mozzarella cheese, basil",Dairy,Contains
Blueberry Pancakes,Flour,Sugar,Butter,Blueberries,"Wheat, Dairy",Contains
Greek Lemon Potatoes,Potatoes,None,Olive oil,"Lemon juice, herbs",None,Does not contain
Greek Salad,Cucumber,None,Olive oil,Lemon juice,None,Does not contain
Chicken Tikka Masala,Chicken,Sugar,Ghee,"Tomato sauce, cream",Dairy,Contains
Greek Moussaka,Eggplant,None,Olive oil,"Ground meat, potatoes",None,Does not contain
Caesar Shrimp Skewers,Shrimp,None,Olive oil,Caesar dressing,"Shellfish, Dairy",Contains
Samosa,Potatoes,None,Ghee,Spices,None,Contains
Black Bean Soup,Black beans,None,Olive oil,Vegetables,None,Does not contain
Sweet Potato Fries,Sweet potatoes,None,Vegetable oil,"Salt, paprika",None,Does not contain
Soy Milk,Soybeans,Sugar,None,Emulsifiers,Soybeans,Contains
Sausage and Pepper Pizza,Pizza dough,None,None,"Sausage, bell peppers","Wheat, Dairy",Contains
Orange Juice,Oranges,Sugar,None,None,None,Does not contain
Chocolate Cake,Flour,Sugar,Butter,Cocoa powder,"Wheat, Dairy, Cocoa",Contains
Pancakes,Flour,Sugar,Butter,Baking powder,"Wheat, Dairy",Contains
Gobi Manchurian,Cauliflower,None,Oil,Manchurian sauce,None,Does not contain
Baked Brie,Brie cheese,None,None,"Herbs, nuts","Dairy, Nuts",Contains
Eggplant Parmesan,Eggplant,None,Olive oil,"Marinara sauce, cheese",Dairy,Contains
Chicken Fajitas,Chicken,None,Vegetable oil,Fajita seasoning,None,Does not contain
Beef Burritos,Ground beef,None,Vegetable oil,Taco seasoning,None,Does not contain
S'mores,Graham crackers,Marshmallows,Chocolate,None,"Wheat, Dairy",Contains
Rasmalai,Paneer,Sugar,"Milk, Ghee","Cardamom, nuts",Dairy,Contains
Spinach Stuffed Chicken,Chicken,None,Olive oil,"Spinach, garlic",None,Does not contain
Chicken Curry,Chicken,None,Oil,Curry spices,None,Does not contain
Tiramisu,Ladyfingers,Sugar,Mascarpone cheese,"Coffee, cocoa","Wheat, Dairy",Contains
Vegetable Stir-Fry,Mixed vegetables,None,Vegetable oil,Soy sauce,None,Does not contain
Honey Soy Glazed Salmon,Salmon,Honey,Soy sauce,"Garlic, ginger","Fish, Soybeans",Contains
Beef Tacos,Beef,None,Vegetable oil,Taco seasoning,None,Does not contain
Fruit Salad,Mixed fruits,Sugar,None,Lemon juice,None,Does not contain
Dahi Vada,Lentil dumplings,None,Yogurt,"Tamarind chutney, spices",Dairy,Contains
Stuffed Bell Peppers,Bell peppers,None,Olive oil,"Ground meat, rice",None,Does not contain
Chicken Caesar Salad,Chicken,None,Caesar dressing,"Romaine lettuce, croutons","Wheat, Dairy",Contains
Pumpkin Pie,Pumpkin,Sugar,Butter,"Pumpkin spice, pastry","Wheat, Dairy",Contains
Mango Lassi,Mango,Sugar,"Yogurt (milk, cultures)",Cardamom,Dairy,Contains
Butternut Squash Soup,Butternut squash,None,Butter,"Nutmeg, cream",Dairy,Contains
Onion Rings,Onions,None,Vegetable oil,Flour,Wheat,Contains
Coconut Curry,Chicken,None,Coconut milk,Curry paste,None,Does not contain
Baked Garlic Parmesan Chicken,Chicken,None,Butter,"Parmesan cheese, garlic",Dairy,Contains
Chicken Noodle Casserole,Chicken,None,Butter,"Noodles, vegetables",Wheat,Contains
Malabar Fish Curry,Fish,None,Coconut oil,"Tamarind, spices","Fish, Coconut",Contains
Margherita Pizza,Cheese,None,None,"Tomato sauce, basil",Dairy,Contains
Apple Crisp,Apples,Sugar,Butter,"Cinnamon, oats","Wheat, Dairy",Contains
Pumpkin Pie,Pumpkin,Sugar,Butter,"Cinnamon, nutmeg","Wheat, Dairy",Contains
Greek Moussaka,Eggplant,None,Olive oil,"Ground meat, potatoes",None,Does not contain
Rabri,Milk,Sugar,Ghee,"Cardamom, nuts",Dairy,Contains
Wheat Bread,Wheat flour,None,None,Salt,Wheat,Contains
Beef Wellington,Beef,None,Butter,"Mushrooms, puff pastry","Wheat, Dairy",Contains
Beef Burritos,Beef,None,Vegetable oil,Burrito seasoning,None,Does not contain
Pancakes,Flour,Sugar,Butter,Baking powder,"Wheat, Dairy",Contains
Key Lime Pie,Lime juice,Sugar,Butter,Graham cracker crust,"Wheat, Dairy",Contains
Key Lime Pie,Lime juice,Sugar,Butter,Graham cracker crust,"Wheat, Dairy",Contains
Beef Tacos,Ground beef,None,Vegetable oil,Taco seasoning,None,Does not contain
Minestrone Soup,Vegetables,None,Olive oil,Tomato broth,None,Does not contain
Caesar Salad Wrap,Romaine lettuce,None,Caesar dressing,"Parmesan cheese, croutons","Wheat, Dairy",Contains
Pecan Pie,Pecans,Sugar,Butter,Corn syrup,"Wheat, Dairy, Nuts",Contains
Chicken Biryani,Chicken,None,Ghee,"Basmati rice, spices",None,Does not contain
Beef Burritos,Beef,None,Vegetable oil,Burrito seasoning,None,Does not contain
Banana Bread,Bananas,Sugar,Butter,Flour,"Wheat, Dairy",Contains
Caesar Salad Wrap,Romaine lettuce,None,Caesar dressing,"Parmesan cheese, croutons","Wheat, Dairy",Contains
Soy Milk,Soybeans,Sugar,None,Emulsifiers,Soybeans,Contains
Chicken Piccata,Chicken,None,Butter,"Lemon, capers","Dairy, Fish",Contains
Apple Cider,Apples,Sugar,None,Cinnamon,None,Does not contain
Greek Moussaka,Eggplant,None,Olive oil,"Ground meat, potatoes",None,Does not contain
Rogan Josh,Lamb,None,Ghee,"Yogurt, Kashmiri red chili",Dairy,Contains
Avocado Toast,Avocado,None,Olive oil,"Salt, pepper",None,Does not contain
Lemon Dill Salmon,Salmon,None,Olive oil,"Lemon, dill",Fish,Contains
Chicken Tikka Masala,Chicken,Sugar,Ghee,"Tomato sauce, cream",Dairy,Contains
Vegetable Lasagna,Vegetables,None,Olive oil,"Tomato sauce, cheese","Wheat, Dairy",Contains
Sushi Rolls,Sushi rice,None,Soy sauce,"Nori (seaweed), fish","Soybeans, Fish",Contains
Vegetable Stir-Fry,Mixed vegetables,None,Vegetable oil,Soy sauce,None,Does not contain
Shrimp Fried Rice,Shrimp,None,Vegetable oil,Soy sauce,"Shellfish, Soybeans",Contains
Chicken Caesar Salad,Chicken breast,None,Olive oil,Parmesan cheese,"Dairy, Anchovies",Contains
Caramel Apple,Apples,Caramel,None,None,None,Does not contain
Chicken Tikka Masala,Chicken,None,Ghee,Tikka masala sauce,"Dairy, Ghee",Contains
Butternut Squash Soup,Butternut squash,None,Butter,Vegetable broth,Dairy,Contains
Pancakes,Flour,Sugar,Butter,Baking powder,"Wheat, Dairy",Contains
Blueberry Muffins,Flour,Sugar,Butter,Blueberries,"Wheat, Dairy",Contains
Baked Cod,Cod,None,Butter,"Lemon, herbs","Fish, Dairy",Contains
Ratatouille,Vegetables,None,Olive oil,Herbs,None,Does not contain
Chicken Noodle Soup,Chicken,None,Vegetable oil,"Noodles, vegetables",None,Does not contain
Aloo Paratha,Potatoes,None,Ghee,"Wheat flour, spices",Wheat,Contains
Raspberry Spinach Salad,Spinach,None,None,"Raspberries, vinaigrette",None,Does not contain
Lemon Poppy Seed Muffins,Flour,Sugar,Butter,"Lemon zest, poppy seeds","Wheat, Dairy",Contains
Baked Apple,Apples,Sugar,Butter,"Cinnamon, oats","Wheat, Dairy",Contains
Lemonade,Lemon juice,Sugar,Water,None,None,Does not contain
Caesar Salad Wrap,Romaine lettuce,None,Caesar dressing,"Parmesan cheese, croutons","Wheat, Dairy",Contains
Milk Chocolate,Sugar,Cocoa butter,Milk powder,Vanilla extract,Milk,Contains
Chicken Piccata,Chicken,None,Butter,"Lemon, capers",Dairy,Contains
Tuna Sandwich,Tuna,Mayonnaise,None,"Salt, Pepper","Fish, Eggs",Contains
Strawberry Smoothie,Strawberries,Honey,"Yogurt (milk, cultures)",None,Dairy,Contains
Dahi Vada,Lentil dumplings,None,Yogurt,"Tamarind chutney, spices",Dairy,Contains
Tomato Soup,Tomatoes,None,None,"Salt, Sugar",None,Does not contain
Egg Fried Rice,Eggs,None,Sesame oil,Soy sauce,"Eggs, Soybeans",Contains
Caesar Wrap,Grilled chicken,None,Caesar dressing,"Lettuce, Parmesan cheese",Dairy,Contains
Minestrone Soup,Vegetables,None,Olive oil,Tomato broth,None,Does not contain
Dal Makhani,Lentils,None,Ghee,"Cream, spices",Dairy,Contains
Chicken Korma,Chicken,None,Ghee,"Creamy sauce, spices",Dairy,Contains
Strawberry Smoothie,Strawberries,Sugar,Yogurt,Milk,Dairy,Contains
Lemon Poppy Seed Muffins,Flour,Sugar,Butter,"Lemon zest, poppy seeds","Wheat, Dairy",Contains
Buffalo Wings,Chicken wings,None,Vegetable oil,Buffalo sauce,None,Does not contain
Chole Kulche,Chickpeas,None,Ghee,"Kulcha bread, spices",None,Does not contain
Spaghetti Bolognese,Ground beef,Sugar,Olive oil,Tomato sauce,None,Contains
Baked Ziti,Pasta,None,Cheese,Tomato sauce,"Wheat, Dairy",Contains
Tuna Salad,Tuna,Mayonnaise,None,"Celery, onion","Fish, Eggs",Contains
Pumpkin Pie,Pumpkin,Sugar,Butter,"Pumpkin spice, pastry","Wheat, Dairy",Contains
Chicken Teriyaki,Chicken,None,Vegetable oil,Teriyaki sauce,None,Does not contain
Hyderabadi Biryani,Basmati rice,None,Ghee,"Meat/vegetables, spices",None,Does not contain
Greek Gyro Wrap,Lamb,None,None,"Tzatziki sauce, tomatoes, onions",Dairy,Contains
Greek Moussaka,Eggplant,None,Olive oil,"Ground meat, potatoes",None,Does not contain
Mushroom Risotto,Mushrooms,None,Butter,"Arborio rice, Parmesan cheese",Dairy,Contains
Soy Milk,Soybeans,Sugar,None,Emulsifiers,Soybeans,Contains
Tiramisu,Ladyfingers,Sugar,"Mascarpone cheese, coffee liqueur",Cocoa powder,"Wheat, Dairy, Alcohol",Contains
Hyderabadi Biryani,Basmati rice,None,Ghee,"Meat/vegetables, spices",None,Does not contain
Vegetable Biryani,Mixed vegetables,None,Ghee,"Basmati rice, spices",None,Does not contain
Beef Kabobs,Beef,None,Olive oil,Seasonings,None,Does not contain
Chocolate Cake,Flour,Sugar,Butter,Cocoa powder,"Wheat, Dairy, Cocoa",Contains
Pineapple Upside-Down Cake,Pineapple,Sugar,Butter,Flour,"Wheat, Dairy",Contains
Wheat Bread,Wheat flour,None,None,Salt,Wheat,Contains
Chicken Piccata,Chicken,None,Butter,"Lemon, capers",Dairy,Contains
Vegetable Curry,Mixed vegetables,None,Coconut milk,Curry paste,None,Does not contain
Malabar Fish Curry,Fish,None,Coconut oil,"Tamarind, spices","Fish, Coconut",Contains
Spinach Artichoke Dip,Spinach,None,"Cream cheese, sour cream","Parmesan cheese, garlic",Dairy,Contains
Soy Milk,Soybeans,Sugar,None,Emulsifiers,Soybeans,Contains
Rabri,Milk,Sugar,Ghee,"Cardamom, nuts",Dairy,Contains
Grilled Portobello Mushroom Burger,Portobello mushrooms,None,None,"Burger bun, vegetables",Wheat,Contains
Berry Smoothie,Mixed berries,Sugar,"Yogurt (milk, cultures)",None,Dairy,Contains
Pumpkin Pie,Pumpkin,Sugar,Butter,"Cinnamon, nutmeg","Wheat, Dairy",Contains
Sushi Bowl,Sushi rice,None,Soy sauce,"Raw fish, vegetables","Fish, Soybeans",Contains
Pesto Chicken,Chicken,None,Olive oil,Pesto sauce,"Pine nuts, Dairy",Contains
Key Lime Pie,Lime juice,Sugar,Butter,Graham cracker crust,"Wheat, Dairy",Contains
Tomato Bruschetta,Tomatoes,None,Olive oil,"Garlic, basil",None,Does not contain
Oatmeal Raisin Cookies,Oats,Sugar,Butter,Flour,"Wheat, Dairy",Contains
Greek Salad,Cucumber,None,Olive oil,Lemon juice,None,Does not contain
Beef and Mushroom Stir-Fry,Beef,None,Vegetable oil,Soy sauce,None,Does not contain
Onion Rings,Onions,None,Vegetable oil,Flour,Wheat,Contains
Zucchini Noodles,Zucchini,None,Olive oil,"Garlic, herbs",None,Does not contain
Stuffed Tomatoes,Tomatoes,None,None,"Herbs, breadcrumbs",None,Does not contain
Beef Stroganoff,Beef,None,Sour cream,"Mushrooms, onions",Dairy,Contains
Tofu Curry,Tofu,None,Coconut milk,Curry paste,None,Does not contain
Tomato Soup,Tomatoes,None,None,"Salt, Sugar",None,Does not contain
Mango Salsa,Mango,None,None,"Lime juice, cilantro",None,Does not contain
Garlic Shrimp,Shrimp,None,Olive oil,Garlic,Shellfish,Contains
Lobster Roll,Lobster,None,Mayonnaise,"Celery, lemon juice","Shellfish, Eggs",Contains
Chicken Noodle Casserole,Chicken,None,Butter,"Noodles, vegetables",Wheat,Contains
Greek Yogurt,"Yogurt (milk, cultures)",None,None,None,Dairy,Contains
Roasted Brussels Sprouts,Brussels sprouts,None,Olive oil,Balsamic glaze,None,Does not contain
Apple Pie,Apples,Sugar,Butter,"Cinnamon, pastry","Wheat, Dairy",Contains
Caramelized Onions,Onions,Sugar,Butter,None,None,Does not contain
Beef Stroganoff,Beef,None,Sour cream,"Mushrooms, onions",Dairy,Contains
Oatmeal,Oats,Sugar,Milk,Cinnamon,"Oats, Dairy",Contains
Baked Apple,Apples,Sugar,Butter,"Cinnamon, oats","Wheat, Dairy",Contains
Chicken Malai Tikka,Chicken,None,Cream,Spices,Dairy,Contains
Baked Chicken Wings,Chicken wings,None,Olive oil,Seasonings,None,Does not contain
Chicken Enchiladas,Chicken,None,Vegetable oil,Enchilada sauce,None,Does not contain
Green Smoothie,Spinach,Honey,Avocado,Almond milk,None,Does not contain
Lentil Salad,Lentils,None,Olive oil,"Lemon juice, vegetables",None,Does not contain
Spinach Artichoke Dip,Spinach,None,"Cream cheese, sour cream","Parmesan cheese, garlic",Dairy,Contains
Pani Puri,Semolina,Tamarind,None,"Spiced water, chutney",None,Does not contain
Oatmeal Raisin Cookies,Oats,Sugar,Butter,Flour,"Wheat, Dairy",Contains
Spaghetti Bolognese,Ground beef,Sugar,Olive oil,Tomato sauce,None,Contains
Banana Bread,Bananas,Sugar,Butter,"Cinnamon, nuts","Wheat, Dairy, Nuts",Contains
Stuffed Bell Peppers,Bell peppers,None,Olive oil,"Ground meat, rice",None,Does not contain
Mango Lassi,Mango,Sugar,"Yogurt (milk, cultures)",Cardamom,Dairy,Contains
Mango Salsa,Mango,None,None,"Red onion, lime",None,Does not contain
Butter Naan,Flour,None,Butter,None,"Wheat, Dairy",Contains
Veggie Omelette,Mixed vegetables,None,Olive oil,"Salt, pepper",None,Does not contain
Lemon Garlic Chicken,Chicken,None,Olive oil,"Lemon juice, garlic",None,Does not contain
Baked Salmon,Salmon,None,Olive oil,"Lemon, herbs",Fish,Contains
Tuna Sandwich,Tuna,Mayonnaise,None,"Salt, Pepper","Fish, Eggs",Contains
Stuffed Mushrooms,Mushrooms,None,None,"Garlic, herbs",None,Does not contain
Malai Chicken Tikka,Chicken,None,Cream,Spices,Dairy,Contains
Soy Milk,Soybeans,Sugar,None,Emulsifiers,Soybeans,Contains
Greek Moussaka,Eggplant,None,Olive oil,"Ground meat, potatoes",None,Does not contain
Strawberry Spinach Salad,Spinach,None,None,"Strawberries, vinaigrette",None,Does not contain
Quiche,Eggs,None,Cheese,Vegetables,"Eggs, Dairy",Contains
Strawberry Spinach Salad,Spinach,None,None,"Strawberries, vinaigrette",None,Does not contain
Ranch Dressing,Buttermilk,Sugar,Vegetable oil,"Garlic, herbs",Dairy,Contains
Omelette,Eggs,None,Butter,"Salt, pepper",Eggs,Contains
Caesar Salad,Romaine lettuce,None,Olive oil,Caesar dressing,Dairy,Contains
Chicken Curry,Chicken,None,Oil,Curry spices,None,Does not contain
Honey Mustard Chicken,Chicken breast,Honey,Mustard,Vegetable oil,None,Contains
Raspberry Cheesecake,Cream cheese,Sugar,Butter,"Graham cracker crust, raspberries","Wheat, Dairy",Contains
Cinnamon Rolls,Flour,Sugar,Butter,Cinnamon,"Wheat, Dairy",Contains
Beef Stroganoff,Beef,None,Sour cream,"Mushroom, onion",Dairy,Contains
Paneer Tikka,Paneer,None,Oil,"Tikka masala, spices",Dairy,Contains
Mushroom Risotto,Mushrooms,None,Butter,"Arborio rice, Parmesan cheese",Dairy,Contains
Lemon Bars,Lemon juice,Sugar,Butter,"Flour, eggs","Wheat, Dairy, Eggs",Contains
Berry Parfait,Mixed berries,Sugar,"Yogurt (milk, cultures)",Granola,Dairy,Contains
Black Bean Soup,Black beans,None,Olive oil,Vegetables,None,Does not contain
Greek Spanakopita,Spinach,None,Olive oil,"Feta cheese, phyllo dough",Dairy,Contains
Chicken Enchiladas,Chicken,None,Vegetable oil,Enchilada sauce,None,Does not contain
Tandoori Chicken,Chicken,None,Yogurt,Tandoori spices,Dairy,Contains
Chocolate Mousse,Chocolate,Sugar,Heavy cream,Vanilla extract,Dairy,Contains
Baked Cod,Cod,None,Butter,"Lemon, herbs","Fish, Dairy",Contains
Chicken Parmesan,Chicken,None,Olive oil,"Tomato sauce, cheese","Wheat, Dairy",Contains
Soy Milk,Soybeans,Sugar,None,Emulsifiers,Soybeans,Contains
Ratatouille Pasta,Pasta,None,Olive oil,Ratatouille vegetables,None,Does not contain
Lobster Bisque,Lobster,None,Butter,"Cream, brandy","Shellfish, Dairy",Contains
Strawberry Smoothie,Strawberries,Honey,"Yogurt (milk, cultures)",None,Dairy,Contains
Chicken Fajitas,Chicken,None,Vegetable oil,Fajita seasoning,None,Does not contain
Chicken Fajitas,Chicken,None,Vegetable oil,Fajita seasoning,None,Does not contain
Shrimp Scampi,Shrimp,None,Butter,"Garlic, lemon",Shellfish,Contains
Stuffed Mushrooms,Mushrooms,None,None,"Garlic, herbs",None,Does not contain
Rasmalai,Paneer,Sugar,"Milk, Ghee","Cardamom, nuts",Dairy,Contains
Chicken Satay,Chicken,None,Peanut oil,"Satay sauce, spices",Peanuts,Contains
Caprese Salad,Tomatoes,None,Olive oil,"Mozzarella cheese, basil",Dairy,Contains
Chicken Noodle Soup,Chicken broth,None,None,Salt,"Chicken, Wheat, Celery",Contains
Caprese Salad,Tomatoes,None,Olive oil,"Mozzarella cheese, basil",Dairy,Contains
Milk Chocolate,Sugar,Cocoa butter,Milk powder,Vanilla extract,Milk,Contains
Pasta Carbonara,Pasta,None,Bacon,"Egg, Parmesan cheese","Wheat, Dairy",Contains
Chicken Noodle Soup,Chicken,None,Vegetable oil,"Noodles, vegetables",None,Does not contain
Margherita Pizza,Cheese,None,None,"Tomato sauce, basil",Dairy,Contains
Pumpkin Pie,Pumpkin,Sugar,Butter,"Pumpkin spice, pastry","Wheat, Dairy",Contains
Beef Stroganoff,Beef,None,Sour cream,"Mushroom, onion",Dairy,Contains
Paneer Tikka,Paneer,None,Oil,"Tikka masala, spices",Dairy,Contains
Mushroom Risotto,Arborio rice,None,Butter,Mushroom,"Wheat, Dairy",Contains
Pumpkin Pie,Pumpkin,Sugar,Butter,"Pumpkin spice, pastry","Wheat, Dairy",Contains
Prawn Curry,Prawns,None,Coconut milk,Curry spices,"Shellfish, Dairy",Contains
Buffalo Wings,Chicken wings,None,Vegetable oil,Buffalo sauce,None,Does not contain
Chicken Caesar Wrap,Chicken,None,Caesar dressing,"Romaine lettuce, Parmesan cheese",Dairy,Contains
Lemon Poppy Seed Muffins,Flour,Sugar,Butter,"Lemon zest, poppy seeds","Wheat, Dairy",Contains
Greek Yogurt,"Yogurt (milk, cultures)",None,None,None,Dairy,Contains
Tandoori Chicken,Chicken,None,Yogurt,Tandoori spices,Dairy,Contains
Baked Apple,Apples,Sugar,Butter,"Cinnamon, oats","Wheat, Dairy",Contains
Chicken Malai Tikka,Chicken,None,Cream,Spices,Dairy,Contains
Omelette,Eggs,None,Butter,"Salt, pepper",Eggs,Contains
Pav Bhaji,Mixed vegetables,None,Butter,"Pav bread, spices",None,Does not contain
Chicken Teriyaki,Chicken,None,Vegetable oil,Teriyaki sauce,None,Does not contain
Apple Pie,Apples,Sugar,Butter,"Cinnamon, pastry","Wheat, Dairy",Contains
Peanut Butter,Peanuts,Sugar,Vegetable oil,Salt,Peanuts,Contains
Banana Bread,Bananas,Sugar,Butter,"Cinnamon, nuts","Wheat, Dairy, Nuts",Contains
Peanut Butter,Peanuts,Sugar,Vegetable oil,Salt,Peanuts,Contains
Vegetable Biryani,Mixed vegetables,None,Ghee,"Basmati rice, spices",None,Does not contain
Wheat Bread,Wheat flour,None,None,Salt,Wheat,Contains
Spinach Artichoke Dip,Spinach,None,"Cream cheese, sour cream","Parmesan cheese, garlic",Dairy,Contains
Honey Soy Glazed Salmon,Salmon,Honey,Soy sauce,"Garlic, ginger","Fish, Soybeans",Contains
Rogan Josh,Lamb,None,Ghee,"Yogurt, Kashmiri red chili",Dairy,Contains
Chicken Noodle Soup,Chicken,None,Vegetable oil,"Noodles, vegetables",None,Does not contain
Stuffed Bell Peppers,Bell peppers,None,Olive oil,"Ground meat, rice",None,Does not contain
Chole Kulche,Chickpeas,None,Ghee,"Kulcha bread, spices",None,Does not contain
Chicken and Rice Soup,Chicken,None,Vegetable oil,"Rice, vegetables",None,Does not contain
Roasted Brussels Sprouts,Brussels sprouts,None,Olive oil,Balsamic glaze,None,Does not contain
Chicken Curry,Chicken,None,Oil,Curry spices,None,Does not contain
Stuffed Portobello Mushrooms,Portobello mushrooms,None,None,"Cheese, breadcrumbs",Dairy,Contains
Vegetable Curry,Mixed vegetables,None,Coconut milk,Curry paste,None,Does not contain
Cinnamon Rolls,Flour,Sugar,Butter,Cinnamon,"Wheat, Dairy",Contains
Mango Coconut Popsicles,Mango,Sugar,Coconut milk,None,None,Does not contain
Caesar Salad Wrap,Romaine lettuce,None,Caesar dressing,"Parmesan cheese, croutons","Wheat, Dairy",Contains
Chicken Korma,Chicken,None,Ghee,"Creamy sauce, spices",Dairy,Contains
Quinoa Salad,Quinoa,None,Olive oil,"Lemon juice, vegetables",None,Does not contain
Quiche Lorraine,Bacon,None,Heavy cream,"Cheese, eggs","Dairy, Eggs",Contains
Tomato Soup,Tomatoes,None,None,"Salt, Sugar",None,Does not contain
Pumpkin Pie,Pumpkin,Sugar,Butter,"Pumpkin spice, pastry","Wheat, Dairy",Contains
Honey Soy Glazed Salmon,Salmon,Honey,Soy sauce,"Garlic, ginger","Fish, Soybeans",Contains
Pesto Pasta Salad,Pasta,None,Pesto sauce,"Tomatoes, vegetables",None,Does not contain
Shrimp Scampi,Shrimp,None,Butter,"Garlic, lemon",Shellfish,Contains
Apple,Apples,None,None,None,None,Does not contain
Stuffed Bell Peppers,Bell peppers,None,Olive oil,"Ground meat, rice",None,Does not contain
Pesto Pizza,Pesto sauce,None,None,"Mozzarella cheese, basil",Dairy,Contains
Honey Glazed Carrots,Carrots,Honey,Butter,None,None,Does not contain
Tofu Scramble,Tofu,None,Vegetable oil,"Turmeric, spices",Soybeans,Contains
Buffalo Wings,Chicken wings,None,Vegetable oil,Buffalo sauce,None,Does not contain
Apple,Apples,None,None,None,None,Does not contain
Caesar Shrimp Skewers,Shrimp,None,Olive oil,Caesar dressing,"Shellfish, Dairy",Contains
Honey Soy Glazed Salmon,Salmon,Honey,Soy sauce,"Garlic, ginger","Fish, Soybeans",Contains
Oatmeal Raisin Cookies,Oats,Brown sugar,Butter,"Raisins, cinnamon","Wheat, Dairy",Contains
Ratatouille Tart,Vegetables,None,Olive oil,"Puff pastry, herbs",None,Does not contain
Vegetable Stir-Fry,Mixed vegetables,None,Vegetable oil,Soy sauce,None,Does not contain
Ratatouille,Eggplant,None,Olive oil,"Tomatoes, zucchini",None,Does not contain
Rasgulla,Paneer,Sugar,None,"Rose water, syrup",Dairy,Contains
Malabar Fish Curry,Fish,None,Coconut oil,"Tamarind, spices","Fish, Coconut",Contains
Margherita Pasta,Pasta,None,Olive oil,"Fresh tomatoes, mozzarella",Dairy,Contains
Pesto Pasta,Pasta,None,Olive oil,"Basil, garlic",None,Does not contain
Baked Cod,Cod,None,Butter,"Lemon, herbs","Fish, Dairy",Contains
Lemon Garlic Shrimp,Shrimp,None,Olive oil,"Lemon juice, garlic",Shellfish,Contains
Honey Glazed Carrots,Carrots,Honey,Butter,None,None,Does not contain
Greek Yogurt Parfait,Greek yogurt,Honey,None,"Granola, mixed berries",Dairy,Contains
Greek Yogurt Parfait,Greek yogurt,Honey,None,"Granola, mixed berries",Dairy,Contains
Pancake Stack,Flour,Sugar,Butter,Maple syrup,"Wheat, Dairy",Contains
Chicken Satay,Chicken,None,Peanut oil,"Satay sauce, spices",Peanuts,Contains
Lemon Bars,Lemon juice,Sugar,Butter,"Flour, eggs","Wheat, Dairy, Eggs",Contains
Egg Fried Rice,Eggs,None,Sesame oil,Soy sauce,"Eggs, Soybeans",Contains
Beef Stroganoff,Beef,None,Sour cream,"Mushrooms, onions",Dairy,Contains
Malai Chicken Tikka,Chicken,None,Cream,Spices,Dairy,Contains
Shrimp Scampi,Shrimp,None,Butter,"Garlic, lemon",Shellfish,Contains
Stuffed Bell Peppers,Bell peppers,None,Olive oil,"Ground meat, rice",None,Does not contain
Garlic Bread,Bread,None,Butter,Garlic,"Wheat, Dairy",Contains
Spinach Salad,Spinach,None,Olive oil,Balsamic vinegar,None,Does not contain
Lentil Salad,Lentils,None,Olive oil,"Lemon juice, vegetables",None,Does not contain
Baked Garlic Parmesan Chicken,Chicken,None,Butter,"Parmesan cheese, garlic",Dairy,Contains
Garlic Bread,Bread,None,Butter,Garlic,"Wheat, Dairy",Contains
Banana Smoothie,Bananas,Honey,"Yogurt (milk, cultures)",None,Dairy,Contains
Jalebi,Flour,Sugar,Ghee,Saffron syrup,"Wheat, Dairy",Contains
Beef Stroganoff,Beef,None,Sour cream,"Mushrooms, onions",Dairy,Contains
Greek Spanakopita,Spinach,None,Olive oil,"Feta cheese, phyllo dough",Dairy,Contains
Pav Bhaji,Mixed vegetables,None,Butter,"Pav bread, spices",None,Does not contain
Chicken Pot Pie,Chicken,None,Butter,"Vegetables, pastry",Wheat,Contains
Caesar Salad Wrap,Romaine lettuce,None,Caesar dressing,"Parmesan cheese, croutons","Wheat, Dairy",Contains
Prawn Biryani,Prawns,None,Ghee,"Basmati rice, spices",Shellfish,Contains
Chicken Quesadilla,Chicken,None,Butter,Cheese,"Wheat, Dairy",Contains
Caesar Pasta Salad,Pasta,None,Caesar dressing,"Romaine lettuce, Parmesan cheese","Wheat, Dairy",Contains
Strawberry Spinach Salad,Spinach,None,None,"Strawberries, vinaigrette",None,Does not contain
Rice Pudding,Rice,Sugar,Milk,"Cinnamon, raisins","Rice, Dairy",Contains
Gulab Jamun,Milk solids,Sugar,Ghee,Cardamom syrup,Dairy,Contains
Blueberry Muffins,Blueberries,Sugar,Butter,Flour,"Wheat, Dairy",Contains
Prawn Curry,Prawns,None,Coconut milk,Curry spices,"Shellfish, Dairy",Contains
Malai Kofta,Cottage cheese,None,Ghee,Creamy tomato sauce,Dairy,Contains
Chicken Satay,Chicken,None,Peanut butter,Soy sauce,Peanuts,Contains
Stuffed Bell Peppers,Bell peppers,None,Olive oil,"Ground meat, rice",None,Does not contain
Ratatouille,Vegetables,None,Olive oil,"Herbs, garlic",None,Does not contain
Stuffed Portobello Mushrooms,Portobello mushrooms,None,None,"Cheese, breadcrumbs",Dairy,Contains
Cheese Pizza,Cheese,None,None,Tomato sauce,Dairy,Contains
Cucumber Salad,Cucumbers,None,Olive oil,"Vinegar, herbs",None,Does not contain
Spinach Salad,Spinach,None,Olive oil,Balsamic vinaigrette,None,Does not contain
Watermelon Salad,Watermelon,None,None,"Feta cheese, mint",Dairy,Contains
Apple Crisp,Apples,Sugar,Butter,"Cinnamon, oats","Wheat, Dairy",Contains
Greek Yogurt Parfait,Greek yogurt,Honey,None,"Granola, mixed berries",Dairy,Contains
Baked Apple,Apples,Sugar,Butter,"Cinnamon, oats","Wheat, Dairy",Contains
Sushi Bowl,Sushi rice,None,Soy sauce,"Raw fish, vegetables","Fish, Soybeans",Contains
Samosa,Potatoes,None,Ghee,Spices,None,Contains
Lobster Roll,Lobster,None,Mayonnaise,"Celery, lemon juice","Shellfish, Eggs",Contains
Raspberry Spinach Salad,Spinach,None,None,"Raspberries, vinaigrette",None,Does not contain
Cucumber Salad,Cucumber,None,Olive oil,"Lemon juice, dill",None,Does not contain
Beef and Mushroom Stir-Fry,Beef,None,Vegetable oil,Soy sauce,None,Does not contain
Shrimp Fried Rice,Shrimp,None,Vegetable oil,Soy sauce,"Shellfish, Soybeans",Contains
Chicken Parmesan,Chicken,None,Olive oil,"Tomato sauce, cheese","Wheat, Dairy",Contains
Chicken Caesar Wrap,Chicken,None,Caesar dressing,"Romaine lettuce, Parmesan cheese",Dairy,Contains
Spinach and Feta Stuffed Chicken,Chicken,None,Olive oil,"Spinach, feta cheese",Dairy,Contains
Chicken Satay,Chicken,None,Peanut butter,Soy sauce,Peanuts,Contains
Chicken Quesadilla,Chicken,None,Butter,Cheese,"Wheat, Dairy",Contains
Pumpkin Pie,Pumpkin,Sugar,Butter,"Pumpkin spice, pastry","Wheat, Dairy",Contains
Stuffed Portobello Mushrooms,Portobello mushrooms,None,None,"Cheese, breadcrumbs",Dairy,Contains
Blueberry Muffins,Flour,Sugar,Butter,Blueberries,"Wheat, Dairy",Contains
Cucumber Salad,Cucumbers,None,Olive oil,"Vinegar, herbs",None,Does not contain
Cinnamon Rolls,Flour,Sugar,Butter,Cinnamon,"Wheat, Dairy",Contains
Pecan Pie,Pecans,Sugar,Butter,Corn syrup,"Wheat, Dairy, Nuts",Contains
Pineapple Upside-Down Cake,Pineapple,Sugar,Butter,Flour,"Wheat, Dairy",Contains
Sweet and Sour Chicken,Chicken,Sugar,Vegetable oil,"Pineapple, bell peppers",None,Does not contain
Strawberry Spinach Salad,Spinach,None,None,"Strawberries, vinaigrette",None,Does not contain
Spinach Stuffed Chicken,Chicken,None,Olive oil,"Spinach, garlic",None,Does not contain
Orange Chicken,Chicken,None,Vegetable oil,Orange sauce,None,Does not contain
Avocado Toast,Avocado,None,Olive oil,"Salt, pepper",None,Does not contain
Baked Ziti,Pasta,None,Cheese,Tomato sauce,"Wheat, Dairy",None
Gobi Manchurian,Cauliflower,None,Oil,Manchurian sauce,None,Does not contain
Avocado Toast,Avocado,None,Olive oil,"Salt, pepper",None,Does not contain
Vegetable Biryani,Mixed vegetables,None,Ghee,"Basmati rice, spices",None,Does not contain
Spinach Salad,Spinach,None,Olive oil,Balsamic vinaigrette,None,Does not contain
Zucchini Bread,Zucchini,Sugar,Butter,"Cinnamon, nuts","Wheat, Dairy, Nuts",Contains
Stuffed Tomatoes,Tomatoes,None,None,"Herbs, breadcrumbs",None,Does not contain
Spaghetti Bolognese,Ground beef,Sugar,Olive oil,Tomato sauce,None,Contains
Egg Salad,Eggs,Mayonnaise,None,"Celery, onion",Eggs,Contains
Spaghetti Bolognese,Ground beef,Sugar,Olive oil,Tomato sauce,None,Contains
Pesto Chicken,Chicken,None,Olive oil,Pesto sauce,"Pine nuts, Dairy",Contains
Honey Mustard Chicken,Chicken,Honey,Olive oil,"Mustard, herbs",None,Does not contain
Beef Burritos,Ground beef,None,Vegetable oil,Taco seasoning,None,Does not contain
Spinach and Feta Stuffed Chicken,Chicken,None,Olive oil,"Spinach, feta cheese",Dairy,Contains
Greek Yogurt,"Yogurt (milk, cultures)",None,None,None,Dairy,Contains
Tofu Stir-Fry,Tofu,None,Vegetable oil,Soy sauce,Soybeans,Contains
Caprese Skewers,Tomatoes,None,Olive oil,"Mozzarella cheese, basil",Dairy,Contains
Lobster Bisque,Lobster,None,Butter,"Cream, brandy","Shellfish, Dairy",Contains
Berry Smoothie,Mixed berries,Sugar,"Yogurt (milk, cultures)",None,Dairy,Contains
Aloo Gobi,Potatoes,None,Oil,"Cauliflower, spices",None,Does not contain
Chicken Satay,Chicken,None,Peanut butter,Soy sauce,Peanuts,Contains
Zucchini Noodles,Zucchini,None,Olive oil,"Garlic, herbs",None,Does not contain
Lemon Dill Salmon,Salmon,None,Olive oil,"Lemon, dill",Fish,Contains
Chicken Caesar Wrap,Chicken,None,Caesar dressing,"Romaine lettuce, Parmesan cheese",Dairy,Contains
Pancakes,Flour,Sugar,Butter,Baking powder,"Wheat, Dairy",Contains
Caprese Sandwich,Tomatoes,None,Olive oil,"Mozzarella cheese, basil",Dairy,Contains
Pesto Pasta,Pasta,None,Olive oil,"Basil, garlic",None,Does not contain
Greek Lemon Chicken,Chicken,None,Olive oil,"Lemon juice, herbs",None,Does not contain
Apple Crisp,Apples,Sugar,Butter,Cinnamon,"Wheat, Dairy",Contains
Beef Kabobs,Beef,None,Olive oil,Seasonings,None,Does not contain
Tuna Sandwich,Tuna,Mayonnaise,None,"Salt, Pepper","Fish, Eggs",Contains
Spinach and Feta Stuffed Chicken,Chicken,None,Olive oil,"Spinach, feta cheese",Dairy,Contains
Chocolate Cake,Flour,Sugar,Butter,Cocoa powder,"Wheat, Dairy, Cocoa",Contains
Caramel Apple,Apples,Caramel,None,None,None,Does not contain
Berry Smoothie,Mixed berries,Sugar,"Yogurt (milk, cultures)",None,Dairy,Contains
Butter Chicken,Chicken,Sugar,Butter,"Tomato sauce, cream",Dairy,Contains
Pumpkin Pie,Pumpkin,Sugar,Butter,"Pumpkin spice, pastry","Wheat, Dairy",Contains
S'mores,Graham crackers,Marshmallows,Chocolate,None,"Wheat, Dairy",Contains
Prawn Biryani,Prawns,None,Ghee,"Basmati rice, spices",Shellfish,Contains
Margherita Pasta,Pasta,None,Olive oil,"Fresh tomatoes, mozzarella",Dairy,Contains
Zucchini Bread,Zucchini,Sugar,Vegetable oil,Flour,Wheat,Contains
Greek Lemon Potatoes,Potatoes,None,Olive oil,"Lemon juice, herbs",None,Does not contain
Apple,Apples,None,None,None,None,Does not contain
Stuffed Bell Peppers,Bell peppers,None,Olive oil,"Ground meat, rice",None,Does not contain
French Onion Soup,Onions,None,Butter,"Beef broth, cheese, bread","Dairy, Wheat",Contains
Banana Bread,Bananas,Sugar,Butter,"Cinnamon, nuts","Wheat, Dairy, Nuts",Contains
Pesto Pasta,Pasta,None,Olive oil,"Basil, garlic",None,Does not contain
Strawberry Shortcake,Strawberries,Sugar,Whipped cream,Shortcake,"Wheat, Dairy",Contains
Baked Apple,Apples,Sugar,Butter,"Cinnamon, oats","Wheat, Dairy",Contains
Veggie Burger,Mixed vegetables,None,Vegetable oil,Seasonings,None,Does not contain
Caesar Pasta Salad,Pasta,None,Caesar dressing,"Romaine lettuce, Parmesan cheese","Wheat, Dairy",Contains
Mushroom Risotto,Arborio rice,None,Butter,Mushroom,"Wheat, Dairy",Contains
Baked Salmon,Salmon fillet,None,Olive oil,"Lemon, herbs",Fish,Contains
Peanut Butter,Peanuts,Sugar,Vegetable oil,Salt,Peanuts,Contains
Tandoori Chicken,Chicken,None,Yogurt,Tandoori spices,Dairy,Contains
Chicken Korma,Chicken,None,Ghee,"Creamy sauce, spices",Dairy,Contains
Honey Soy Glazed Salmon,Salmon,Honey,Soy sauce,"Garlic, ginger","Fish, Soybeans",Contains
Paniyaram,Fermented batter,None,Oil,"Mustard seeds, curry leaves",None,Does not contain
Stuffed Mushrooms,Mushrooms,None,None,"Cheese, breadcrumbs",Dairy,Contains
Baked Apple,Apples,Sugar,Butter,"Cinnamon, oats","Wheat, Dairy",Contains
Ratatouille,Vegetables,None,Olive oil,Herbs,None,Does not contain
Spinach Artichoke Dip,Spinach,None,"Cream cheese, sour cream","Parmesan cheese, garlic",Dairy,Contains
Butternut Squash Soup,Butternut squash,None,Butter,"Nutmeg, cream",Dairy,Contains
Lemon Poppy Seed Muffins,Flour,Sugar,Butter,"Lemon zest, poppy seeds","Wheat, Dairy",Contains
Stuffed Bell Peppers,Bell peppers,None,Olive oil,"Ground meat, rice",None,Does not contain
Tuna Salad,Tuna,Mayonnaise,None,"Celery, onion","Fish, Eggs",Contains
Tuna Salad,Tuna,Mayonnaise,None,"Celery, onion","Fish, Eggs",Contains
Chicken Shawarma,Chicken,None,Olive oil,Shawarma spices,None,Does not contain
Aloo Paratha,Potatoes,None,Ghee,"Wheat flour, spices",Wheat,Contains
Beef Kabobs,Beef,None,Olive oil,Seasonings,None,Does not contain
Caprese Salad,Tomatoes,None,Olive oil,"Mozzarella cheese, basil",Dairy,Contains
Beef Tacos,Beef,None,Vegetable oil,Taco seasoning,None,Does not contain
Fruit Salad,Mixed fruits,Sugar,None,Lemon juice,None,Does not contain
Vegetable Curry,Mixed vegetables,None,Coconut milk,Curry paste,None,Does not contain
Tofu Curry,Tofu,None,Coconut milk,Curry paste,None,Does not contain
Quinoa Salad,Quinoa,None,Olive oil,"Lemon juice, herbs",None,Does not contain
Vegetable Lasagna,Vegetables,None,Olive oil,"Tomato sauce, cheese","Wheat, Dairy",Contains
Mushroom and Goat Cheese Flatbread,Mushrooms,None,Olive oil,"Goat cheese, herbs",Dairy,Contains
Ratatouille Pasta,Pasta,None,Olive oil,Ratatouille vegetables,None,Does not contain
Pancakes,Flour,Sugar,Butter,Baking powder,"Wheat, Dairy",Contains
Ratatouille Pizza,Pizza dough,None,Olive oil,Ratatouille vegetables,None,Does not contain
Greek Lemon Potatoes,Potatoes,None,Olive oil,"Lemon juice, herbs",None,Does not contain
Garlic Bread,Bread,None,Butter,Garlic,"Wheat, Dairy",Contains
Caprese Salad,Tomatoes,None,Olive oil,"Mozzarella cheese, basil",Dairy,Contains
Lemon Bars,Lemon juice,Sugar,Butter,"Flour, eggs","Wheat, Dairy, Eggs",Contains
Apple Crisp,Apples,Sugar,Butter,"Cinnamon, oats","Wheat, Dairy",Contains
Pasta Carbonara,Pasta,None,Bacon,"Egg, Parmesan cheese","Wheat, Dairy",Contains
Chicken Caesar Salad,Chicken breast,None,Olive oil,Parmesan cheese,"Dairy, Anchovies",Contains
Chicken Biryani,Chicken,None,Ghee,"Basmati rice, spices",None,Does not contain
Chocolate Mousse,Chocolate,Sugar,Heavy cream,Vanilla extract,"Dairy, Cocoa",Contains
Pesto Chicken,Chicken,None,Olive oil,Pesto sauce,"Pine nuts, Dairy",Contains
Baked Apple,Apples,Sugar,Butter,"Cinnamon, oats","Wheat, Dairy",Contains
Paneer Tikka,Paneer,None,Oil,"Tikka masala, spices",Dairy,Contains
Avocado Toast,Avocado,None,Olive oil,"Salt, pepper",None,Does not contain
Paniyaram,Fermented batter,None,Oil,"Mustard seeds, curry leaves",None,Does not contain
Cucumber Salad,Cucumber,None,Olive oil,"Lemon juice, dill",None,Does not contain
Chocolate Cake,Flour,Sugar,Butter,Cocoa powder,"Wheat, Dairy, Cocoa",Contains
Rice Pudding,Rice,Sugar,Milk,"Cinnamon, raisins","Rice, Dairy",Contains
Caramel Popcorn,Popcorn,Sugar,Butter,Salt,Dairy,Contains
Masala Dosa,Rice,None,Oil,"Potato masala, spices",None,Does not contain
Chicken Biryani,Chicken,None,Ghee,"Basmati rice, spices",None,Does not contain
Blueberry Pancakes,Flour,Sugar,Butter,Blueberries,"Wheat, Dairy",Contains
Lemon Pepper Chicken,Chicken,None,Olive oil,Lemon pepper seasoning,None,Does not contain
Cinnamon Rolls,Flour,Sugar,Butter,Cinnamon,"Wheat, Dairy",Contains
Vanilla Yogurt,"Yogurt (milk, cultures)",Sugar,None,Vanilla extract,Milk,Contains
Lemon Bars,Flour,Sugar,Butter,Lemon juice,"Wheat, Dairy",Contains
French Onion Soup,Onions,None,Butter,"Beef broth, cheese, bread","Dairy, Wheat",Contains
Apple Crisp,Apples,Sugar,Butter,"Cinnamon, oats","Wheat, Dairy",Contains
Banana Bread,Bananas,Sugar,Butter,"Cinnamon, nuts","Wheat, Dairy, Nuts",Contains
Chicken Caesar Wrap,Chicken,None,Caesar dressing,"Romaine lettuce, Parmesan cheese",Dairy,Contains
Vegetable Soup,Mixed vegetables,None,Olive oil,Seasonings,None,Does not contain
Mango Salsa,Mango,None,None,"Lime juice, cilantro",None,Does not contain
Mango Lassi,Mango,Sugar,"Yogurt (milk, cultures)",Cardamom,Dairy,Contains
Margherita Pizza,Cheese,None,None,"Tomato sauce, basil",Dairy,Contains
Vegetable Soup,Mixed vegetables,None,Olive oil,Seasonings,None,Does not contain
Baked Cod,Cod,None,Butter,"Lemon, herbs","Fish, Dairy",Contains
Caesar Wrap,Grilled chicken,None,Caesar dressing,"Lettuce, Parmesan cheese",Dairy,Contains
S'mores,Graham crackers,Marshmallows,Chocolate,None,"Wheat, Dairy",Contains
Beef Burritos,Ground beef,None,Vegetable oil,Taco seasoning,None,Does not contain
Garlic Bread,Bread,None,Butter,Garlic,"Wheat, Dairy",Contains
Almond Cookies,Almonds,Sugar,Butter,Flour,"Almonds, Wheat, Dairy",Contains
Chicken Pot Pie,Chicken,None,Butter,"Vegetables, pastry",Wheat,Contains
Brussels Sprouts,Brussels sprouts,None,Olive oil,Balsamic glaze,None,Does not contain
Greek Spanakopita,Spinach,None,Olive oil,"Feta cheese, phyllo dough",Dairy,Contains
Lobster Bisque,Lobster,None,Butter,"Cream, brandy","Shellfish, Dairy",Contains
Greek Yogurt Parfait,Greek yogurt,Honey,None,"Granola, mixed berries",Dairy,Contains
Butter Chicken,Chicken,Sugar,Butter,"Tomato sauce, cream",Dairy,Contains
Tofu Curry,Tofu,None,Coconut milk,Curry paste,None,Does not contain
Rabri,Milk,Sugar,Ghee,"Cardamom, nuts",Dairy,Contains
Blueberry Muffins,Blueberries,Sugar,Butter,Flour,"Wheat, Dairy",Contains
Garlic Shrimp,Shrimp,None,Olive oil,Garlic,Shellfish,Contains
Tandoori Chicken,Chicken,None,Yogurt,Tandoori spices,Dairy,Contains
Sausage Pizza,Sausage,None,None,Mozzarella cheese,None,Does not contain
Tofu Scramble,Tofu,None,Vegetable oil,"Turmeric, spices",Soybeans,Contains
Chicken Tikka Masala,Chicken,None,Ghee,Tikka masala sauce,"Dairy, Ghee",Contains
Milk Chocolate,Sugar,Cocoa butter,Milk powder,Vanilla extract,Milk,Contains
Garlic Bread,Bread,None,Butter,Garlic,"Wheat, Dairy",Contains
Hyderabadi Biryani,Basmati rice,None,Ghee,"Meat/vegetables, spices",None,Does not contain
Wheat Bread,Wheat flour,None,None,Salt,Wheat,Contains
Chicken and Rice Soup,Chicken,None,Vegetable oil,"Rice, vegetables",None,Does not contain
Veggie Omelette,Mixed vegetables,None,Olive oil,"Salt, pepper",None,Does not contain
Blueberry Pancakes,Flour,Sugar,Butter,Blueberries,"Wheat, Dairy",Contains
Gulab Jamun,Milk solids,Sugar,Ghee,Cardamom syrup,Dairy,Contains
Orange Juice,Oranges,Sugar,None,None,None,Does not contain
Chicken Biryani,Chicken,None,Ghee,"Basmati rice, spices",None,Does not contain
Lobster Roll,Lobster,None,Mayonnaise,"Celery, lemon juice","Shellfish, Eggs",Contains
Rice Pudding,Rice,Sugar,Milk,"Cinnamon, raisins","Rice, Dairy",Contains
Spinach Artichoke Dip,Spinach,None,"Cream cheese, sour cream","Parmesan cheese, garlic",Dairy,Contains
Vanilla Ice Cream,Milk,Sugar,Cream,Vanilla extract,Milk,Contains
Lemon Garlic Chicken,Chicken,None,Olive oil,"Lemon juice, garlic",None,Does not contain
Caprese Salad,Tomatoes,None,Olive oil,"Mozzarella cheese, basil",Dairy,Contains
Chicken Parmesan,Chicken,None,"Bread crumbs, Parmesan cheese",Marinara sauce,Dairy,Contains
Stuffed Portobello Mushrooms,Portobello mushrooms,None,None,"Cheese, breadcrumbs",Dairy,Contains
Almond Cookies,Almonds,Sugar,Butter,Flour,"Almonds, Wheat, Dairy",Contains
Caesar Salad Wrap,Romaine lettuce,None,Caesar dressing,"Parmesan cheese, croutons","Wheat, Dairy",Contains
Pancetta Pasta,Pasta,None,Pancetta,"Garlic, herbs",None,Does not contain
Beef Tacos,Ground beef,None,Vegetable oil,Taco seasoning,None,Does not contain
Chicken Enchiladas,Chicken,None,Enchilada sauce,"Cheese, tortillas","Wheat, Dairy",Contains
Pesto Pasta,Pasta,None,Olive oil,"Basil, garlic",None,Does not contain
Chicken Enchiladas,Chicken,None,Enchilada sauce,"Cheese, tortillas","Wheat, Dairy",Contains
Lemon Herb Roasted Chicken,Chicken,None,Olive oil,"Lemon, herbs",None,Does not contain
Apple Crisp,Apples,Sugar,Butter,Cinnamon,"Wheat, Dairy",Contains
Peanut Butter,Peanuts,Sugar,Vegetable oil,Salt,Peanuts,Contains
Lemon Poppy Seed Muffins,Flour,Sugar,Butter,"Lemon zest, poppy seeds","Wheat, Dairy",Contains
Cucumber Salad,Cucumbers,None,Olive oil,"Vinegar, herbs",None,Does not contain
Banana Bread,Bananas,Sugar,Butter,Flour,"Wheat, Dairy",Contains
Caprese Salad,Tomatoes,None,Olive oil,"Mozzarella cheese, basil",Dairy,Contains
Chicken Enchiladas,Chicken,None,Enchilada sauce,"Cheese, tortillas","Wheat, Dairy",Contains
Chicken Curry,Chicken,None,Oil,Curry spices,None,Does not contain
Vegetable Curry,Mixed vegetables,None,Coconut milk,Curry paste,None,Does not contain
Lentil Soup,Lentils,None,Olive oil,Vegetables,None,Does not contain
Strawberry Smoothie,Strawberries,Sugar,Yogurt,Milk,Dairy,Contains
Beef Tacos,Ground beef,None,Vegetable oil,Taco seasoning,None,Does not contain
Mango Salsa,Mango,None,None,"Red onion, lime",None,Does not contain
Avocado Toast,Avocado,None,Olive oil,"Salt, pepper",None,Does not contain
Zucchini Bread,Zucchini,Sugar,Butter,"Cinnamon, nuts","Wheat, Dairy, Nuts",Contains
Prawn Curry,Prawns,None,Coconut milk,Curry spices,"Shellfish, Dairy",Contains
Honey Soy Glazed Salmon,Salmon,Honey,Soy sauce,"Garlic, ginger","Fish, Soybeans",Contains
Chicken Fettuccine Alfredo,Chicken,None,Butter,"Cream, Parmesan cheese",Dairy,Contains
Caesar Salad Wrap,Romaine lettuce,None,Caesar dressing,"Parmesan cheese, croutons","Wheat, Dairy",Contains
Fish Sticks,Fish fillets,None,Vegetable oil,Salt,Fish,Contains
Greek Gyro Wrap,Lamb,None,None,"Tzatziki sauce, tomatoes, onions",Dairy,Contains
Vanilla Ice Cream,Milk,Sugar,Cream,Vanilla extract,Milk,Contains
Shrimp Scampi,Shrimp,None,Butter,"Garlic, lemon","Shellfish, Dairy",Contains
Pecan Pie,Pecans,Sugar,Butter,Corn syrup,"Wheat, Dairy, Nuts",Contains
Ratatouille,Eggplant,None,Olive oil,Tomatoes,None,Does not contain
Mixed Berry Pie,Mixed berries,Sugar,Butter,Flour,"Wheat, Dairy",Contains
Pani Puri,Semolina,Tamarind,None,"Spiced water, chutney",None,Does not contain
Vanilla Yogurt,"Yogurt (milk, cultures)",Sugar,None,Vanilla extract,Milk,Contains
Grilled Portobello Mushroom Burger,Portobello mushrooms,None,None,"Burger bun, vegetables",Wheat,Contains
Garlic Bread,Bread,None,Butter,Garlic,"Wheat, Dairy",Contains
Chicken Enchiladas,Chicken,None,Vegetable oil,Enchilada sauce,None,Does not contain
Rabri,Milk,Sugar,Ghee,"Cardamom, nuts",Dairy,Contains
Teriyaki Salmon,Salmon,None,Vegetable oil,Teriyaki sauce,Fish,Contains
Mango Salsa,Mango,None,None,"Lime juice, cilantro",None,Does not contain
Pesto Chicken,Chicken,None,Olive oil,Pesto sauce,"Pine nuts, Dairy",Contains
Teriyaki Salmon,Salmon,None,Vegetable oil,Teriyaki sauce,Fish,Contains
Honey Glazed Carrots,Carrots,Honey,Butter,None,None,Does not contain
Chicken Shawarma,Chicken,None,Olive oil,Shawarma seasoning,None,Does not contain
Apple Pie,Apples,Sugar,Butter,Cinnamon,"Wheat, Dairy",Contains
Jalebi,Flour,Sugar,Ghee,Saffron syrup,"Wheat, Dairy",Contains
Mango Salsa,Mango,None,None,"Red onion, lime",None,Does not contain
Almond Cookies,Almonds,Sugar,Butter,Flour,"Almonds, Wheat, Dairy",Contains
Pesto Pizza,Pesto sauce,None,None,"Mozzarella cheese, basil",Dairy,Contains
Beef Stroganoff,Beef,None,Sour cream,"Mushrooms, onions",Dairy,Contains
Pesto Chicken,Chicken,None,Olive oil,Pesto sauce,"Pine nuts, Dairy",Contains
Greek Lemon Potatoes,Potatoes,None,Olive oil,"Lemon juice, herbs",None,Does not contain
Pecan Pie,Pecans,Sugar,Butter,Corn syrup,"Wheat, Dairy, Nuts",Contains
Butter Chicken,Chicken,Sugar,Butter,"Tomato sauce, cream",Dairy,Contains
Pumpkin Pie,Pumpkin,Sugar,Butter,"Cinnamon, nutmeg","Wheat, Dairy",Contains
Chicken Satay,Chicken,None,Peanut oil,"Satay sauce, spices",Peanuts,Contains
Caesar Shrimp Skewers,Shrimp,None,Olive oil,Caesar dressing,"Shellfish, Dairy",Contains
Greek Salad,Cucumbers,None,Olive oil,"Feta cheese, olives",Dairy,Contains
Margherita Pizza,Pizza dough,None,Olive oil,"Mozzarella cheese, tomatoes, basil",Dairy,Contains
Jalebi,Flour,Sugar,Ghee,Saffron syrup,"Wheat, Dairy",Contains
Stuffed Bell Peppers,Bell peppers,None,Olive oil,"Ground meat, rice",None,Does not contain
Mutton Biryani,Mutton,None,Ghee,"Basmati rice, spices",None,Does not contain
Omelette,Eggs,None,Butter,"Salt, pepper",Eggs,Contains
Peanut Butter,Peanuts,Sugar,Vegetable oil,Salt,Peanuts,Contains
Miso Soup,Miso paste,None,None,"Tofu, seaweed",Soybeans,Contains
Chicken Alfredo,Chicken,None,Butter,"Cream, Parmesan cheese",Dairy,Contains
Apple Cider,Apples,Sugar,None,Cinnamon,None,Does not contain
Veggie Burger,Mixed vegetables,None,Vegetable oil,Seasonings,None,Does not contain
Onion Rings,Onions,None,Vegetable oil,Flour,Wheat,Contains
Pumpkin Pie,Pumpkin,Sugar,Butter,"Pumpkin spice, pastry","Wheat, Dairy",Contains
Grilled Portobello Mushroom Burger,Portobello mushrooms,None,None,"Burger bun, vegetables",Wheat,Contains
Chicken Fajitas,Chicken,None,Vegetable oil,Fajita seasoning,None,Does not contain
Pecan Pie,Pecans,Sugar,Butter,Corn syrup,"Wheat, Dairy, Nuts",Contains
Samosa,Potatoes,None,Ghee,Spices,None,Contains
Chole Bhature,Chickpeas,Sugar,Ghee,"Chole masala, spices",None,Does not contain
Ratatouille,Vegetables,None,Olive oil,"Herbs, garlic",None,Does not contain
Banana Smoothie,Bananas,Honey,"Yogurt (milk, cultures)",None,Dairy,Contains
Rice Pudding,Rice,Sugar,Milk,"Cinnamon, raisins","Rice, Dairy",Contains
Greek Moussaka,Eggplant,None,Olive oil,"Ground meat, potatoes",None,Does not contain
Banana Smoothie,Bananas,Honey,"Yogurt (milk, cultures)",None,Dairy,Contains
Berry Parfait,Mixed berries,Sugar,"Yogurt (milk, cultures)",Granola,Dairy,Contains
Dal Makhani,Lentils,None,Ghee,"Cream, spices",Dairy,Contains
Lemon Bars,Flour,Sugar,Butter,Lemon juice,"Wheat, Dairy",Contains
Baked Apple,Apples,Sugar,Butter,"Cinnamon, oats","Wheat, Dairy",Contains
Caesar Salad Wrap,Romaine lettuce,None,Caesar dressing,"Parmesan cheese, croutons","Wheat, Dairy",Contains
S'mores,Graham crackers,Marshmallows,Chocolate,None,"Wheat, Dairy",Contains
Stuffed Bell Peppers,Bell peppers,None,Olive oil,"Ground meat, rice",None,Does not contain
Honey Soy Glazed Salmon,Salmon,Honey,Soy sauce,"Garlic, ginger","Fish, Soybeans",Contains
Paniyaram,Fermented batter,None,Oil,"Mustard seeds, curry leaves",None,Does not contain
BBQ Ribs,Pork ribs,Brown sugar,Vegetable oil,BBQ sauce,None,Contains
Berry Smoothie,Mixed berries,Sugar,"Yogurt (milk, cultures)",None,Dairy,Contains
Chicken Tikka Masala,Chicken,Sugar,Ghee,"Tomato sauce, cream",Dairy,Contains
Chole Kulche,Chickpeas,None,Ghee,"Kulcha bread, spices",None,Does not contain
Avocado Toast,Avocado,None,Olive oil,"Salt, pepper",None,Does not contain
Mushroom Soup,Mushrooms,None,Butter,Vegetable broth,Dairy,Contains
Hawaiian Pizza,Pizza dough,None,None,"Pineapple, ham","Wheat, Pork, Dairy",Contains
Apple Crisp,Apples,Sugar,Butter,"Cinnamon, oats","Wheat, Dairy",Contains
Greek Spanakopita,Spinach,None,Olive oil,"Feta cheese, phyllo dough",Dairy,Contains
Cheese Pizza,Cheese,None,None,Tomato sauce,Dairy,Contains
Butter Naan,Flour,None,Butter,None,"Wheat, Dairy",Contains
Palak Paneer,Spinach,None,Ghee,"Paneer, spices",Dairy,Contains
Chicken Alfredo Pizza,Pizza dough,None,None,"Chicken, Alfredo sauce","Wheat, Dairy",Contains
Lobster Bisque,Lobster,None,Butter,"Cream, brandy","Shellfish, Dairy",Contains
Caesar Salad Wrap,Romaine lettuce,None,Caesar dressing,"Parmesan cheese, croutons","Wheat, Dairy",Contains
Blueberry Pancakes,Flour,Sugar,Butter,Blueberries,"Wheat, Dairy",Contains
Chicken Alfredo,Chicken,None,Butter,"Cream, Parmesan cheese",Dairy,Contains
Ratatouille Pasta,Pasta,None,Olive oil,Ratatouille vegetables,None,Does not contain
Sausage Pizza,Sausage,None,None,Mozzarella cheese,None,Does not contain
Beef Tacos,Ground beef,None,Vegetable oil,Taco seasoning,None,Does not contain
Coconut Curry,Chicken,None,Coconut milk,Curry paste,None,Does not contain
Pani Puri,Semolina,Tamarind,None,"Spiced water, chutney",None,Does not contain
Chicken Fajitas,Chicken,None,Vegetable oil,Fajita seasoning,None,Does not contain
Honey Soy Glazed Salmon,Salmon,Honey,Soy sauce,"Garlic, ginger","Fish, Soybeans",Contains
Beef Stroganoff,Beef,None,Sour cream,"Mushrooms, onions",Dairy,Contains
Aloo Paratha,Potatoes,None,Ghee,"Wheat flour, spices",Wheat,Contains
Pesto Chicken,Chicken,None,Olive oil,Pesto sauce,"Pine nuts, Dairy",Contains
Caprese Sandwich,Tomatoes,None,Olive oil,"Mozzarella cheese, basil",Dairy,Contains
Sausage Pizza,Sausage,None,None,Mozzarella cheese,None,Does not contain
Stuffed Portobello Mushrooms,Portobello mushrooms,None,None,"Cheese, breadcrumbs",Dairy,Contains
Stuffed Bell Peppers,Bell peppers,None,Olive oil,"Ground meat, rice",None,Does not contain
Fruit Salad,Mixed fruits,Sugar,None,Lemon juice,None,Does not contain
Paneer Tikka,Paneer,None,Oil,"Tikka masala, spices",Dairy,Contains
Rajma Chawal,Kidney beans,None,Ghee,Spices,None,Contains
Apple Crisp,Apples,Sugar,Butter,"Cinnamon, oats","Wheat, Dairy",Contains
Beef Tacos,Ground beef,None,Vegetable oil,Taco seasoning,None,Does not contain
Cucumber Salad,Cucumber,None,Olive oil,"Lemon juice, dill",None,Does not contain
Baked Brie,Brie cheese,None,None,"Herbs, nuts","Dairy, Nuts",Contains
Chicken Piccata,Chicken,None,Butter,"Lemon, capers","Dairy, Fish",Contains
Hawaiian Pizza,Pizza dough,None,None,"Pineapple, ham","Wheat, Pork, Dairy",Contains
Beef Burger,Ground beef,None,Vegetable oil,"Salt, Pepper",None,Does not contain
Chicken Piccata,Chicken,None,Butter,"Lemon, capers","Dairy, Fish",Contains
Sweet and Sour Chicken,Chicken,Sugar,Vegetable oil,"Pineapple, bell peppers",None,Does not contain
Margherita Pasta,Pasta,None,Olive oil,"Fresh tomatoes, mozzarella",Dairy,Contains
Vegetable Curry,Mixed vegetables,None,Coconut milk,Curry paste,None,Does not contain
Lobster Roll,Lobster,None,Mayonnaise,"Celery, lemon juice","Shellfish, Eggs",Contains
Chicken Tikka Masala,Chicken,None,Ghee,Tikka masala sauce,"Dairy, Ghee",Contains
Baked Chicken Wings,Chicken wings,None,Olive oil,Seasonings,None,Does not contain
Pecan Pie,Pecans,Sugar,Butter,Corn syrup,"Wheat, Dairy, Nuts",Contains
Chicken Curry,Chicken,None,Oil,Curry spices,None,Does not contain
Chocolate Mousse,Chocolate,Sugar,Heavy cream,Vanilla extract,"Dairy, Cocoa",Contains
Apple Crisp,Apples,Sugar,Butter,"Cinnamon, oats","Wheat, Dairy",Contains
Caramelized Onions,Onions,Sugar,Butter,None,None,Does not contain
Chicken Noodle Soup,Chicken,None,Vegetable oil,"Noodles, vegetables",None,Does not contain
Greek Lemon Potatoes,Potatoes,None,Olive oil,"Lemon juice, herbs",None,Does not contain
Baked Salmon,Salmon fillet,None,Olive oil,"Lemon, herbs",Fish,Contains
Spinach Artichoke Dip,Spinach,None,"Cream cheese, sour cream","Parmesan cheese, garlic",Dairy,Contains
Sausage and Pepper Pizza,Pizza dough,None,None,"Sausage, bell peppers","Wheat, Dairy",Contains
Cinnamon Rolls,Dough,Sugar,Butter,"Cinnamon, icing","Wheat, Dairy",Contains
Greek Yogurt,"Yogurt (milk, cultures)",Honey,None,None,Dairy,Contains
Chicken Shawarma,Chicken,None,Olive oil,Shawarma seasoning,None,Does not contain
Biryani,Rice,None,Ghee,"Biryani masala, spices",None,Does not contain
Egg Salad,Eggs,Mayonnaise,None,"Celery, onion",Eggs,Contains
Chicken Curry,Chicken,None,Oil,Curry spices,None,Does not contain
Mango Salsa,Mango,None,None,"Lime juice, cilantro",None,Does not contain
Spinach Salad,Spinach,None,Olive oil,Balsamic vinegar,None,Does not contain
Pumpkin Soup,Pumpkin,None,Butter,"Nutmeg, cream",Dairy,Contains
Ratatouille,Vegetables,None,Olive oil,Herbs,None,Does not contain
Honey Glazed Carrots,Carrots,Honey,Butter,None,None,Does not contain
Cucumber Salad,Cucumber,None,Olive oil,"Lemon juice, dill",None,Does not contain
Mushroom Risotto,Mushrooms,None,Butter,"Arborio rice, Parmesan cheese",Dairy,Contains
Shrimp Scampi,Shrimp,None,Butter,"Garlic, lemon",Shellfish,Contains
Strawberry Yogurt,"Yogurt (milk, cultures)",Sugar,None,Pectin,"Milk, Strawberries",Contains
Egg Salad Sandwich,Eggs,Mayonnaise,None,"Celery, mustard","Eggs, Mustard",Contains
Beef Chili,Ground beef,None,None,Chili powder,None,Does not contain
Pesto Chicken,Chicken,None,Olive oil,Pesto sauce,"Pine nuts, Dairy",Contains
Lemonade,Lemon juice,Sugar,Water,None,None,Does not contain
Hawaiian Pizza,Pizza dough,None,None,"Pineapple, ham","Wheat, Pork, Dairy",Contains
Oatmeal Raisin Cookies,Oats,Brown sugar,Butter,"Raisins, cinnamon","Wheat, Dairy",Contains
Omelette,Eggs,None,Butter,"Salt, pepper",Eggs,Contains
Peanut Butter,Peanuts,Sugar,Vegetable oil,Salt,Peanuts,Contains
Rice Pudding,Rice,Sugar,Milk,"Cinnamon, raisins","Rice, Dairy",Contains
Beef and Mushroom Stir-Fry,Beef,None,Vegetable oil,Soy sauce,None,Does not contain
Tofu Stir-Fry,Tofu,None,Vegetable oil,Soy sauce,Soybeans,Contains
Teriyaki Beef,Beef,None,Soy sauce,"Teriyaki sauce, vegetables",Soybeans,Contains
Caesar Salad Wrap,Romaine lettuce,None,Caesar dressing,"Parmesan cheese, croutons","Wheat, Dairy",Contains
Ratatouille Pizza,Pizza dough,None,Olive oil,Ratatouille vegetables,None,Does not contain
French Onion Soup,Onions,None,Butter,"Beef broth, cheese, bread","Dairy, Wheat",Contains
Miso Soup,Miso paste,None,None,"Tofu, seaweed",Soybeans,Contains
Baked Cod,Cod,None,Butter,"Lemon, herbs","Fish, Dairy",Contains
Caesar Salad,Romaine lettuce,None,Olive oil,Parmesan cheese,Dairy,Contains
Tuna Sandwich,Tuna,Mayonnaise,None,"Salt, Pepper","Fish, Eggs",Contains
Dosa,Rice,None,Oil,"Potato masala, chutney",None,Does not contain
Caramel Apple,Apples,Caramel,None,None,None,Does not contain
Raspberry Cheesecake,Cream cheese,Sugar,Butter,"Graham cracker crust, raspberries","Wheat, Dairy",Contains
Vanilla Cupcakes,Flour,Sugar,Butter,Vanilla extract,"Wheat, Dairy",Contains
Aloo Paratha,Potatoes,None,Ghee,"Wheat flour, spices",Wheat,Contains
Shrimp Scampi Pasta,Shrimp,None,Butter,"Garlic, lemon",Shellfish,Contains
Pesto Chicken,Chicken,None,Olive oil,Pesto sauce,"Pine nuts, Dairy",Contains
Chicken Fajitas,Chicken,None,Vegetable oil,Fajita seasoning,None,Does not contain
Chicken Enchiladas,Chicken,None,Enchilada sauce,"Cheese, tortillas","Wheat, Dairy",Contains
Chole Kulche,Chickpeas,None,Ghee,"Kulcha bread, spices",None,Does not contain
Spinach Artichoke Dip,Spinach,None,"Cream cheese, sour cream","Parmesan cheese, garlic",Dairy,Contains
Beef Burger,Ground beef,None,Vegetable oil,"Salt, Pepper",None,Does not contain
Quinoa Salad,Quinoa,None,Olive oil,"Lemon juice, vegetables",None,Does not contain
Coconut Curry,Chicken,None,Coconut milk,Curry paste,None,Does not contain
Chicken Shawarma,Chicken,None,Olive oil,Shawarma seasoning,None,Does not contain
Egg Salad,Eggs,Mayonnaise,None,"Celery, onion",Eggs,Contains
Veggie Burger,Mixed vegetables,None,Vegetable oil,Seasonings,None,Does not contain
Caesar Salad Wrap,Romaine lettuce,None,Caesar dressing,"Parmesan cheese, croutons","Wheat, Dairy",Contains
Chocolate Mousse,Chocolate,Sugar,Heavy cream,Vanilla extract,Dairy,Contains
Baked Salmon,Salmon,None,Olive oil,"Lemon, herbs",Fish,Contains
Quiche,Eggs,None,Cheese,Vegetables,"Eggs, Dairy",Contains
Greek Lemon Potatoes,Potatoes,None,Olive oil,"Lemon juice, herbs",None,Does not contain
Cinnamon Rolls,Dough,Sugar,Butter,"Cinnamon, icing","Wheat, Dairy",Contains
Chicken Noodle Soup,Chicken,None,Vegetable oil,"Noodles, vegetables",None,Does not contain
Caramelized Onions,Onions,Sugar,Butter,None,None,Does not contain
Sushi Bowl,Sushi rice,None,Soy sauce,"Raw fish, vegetables","Fish, Soybeans",Contains
Mutton Biryani,Mutton,None,Ghee,"Basmati rice, spices",None,Does not contain
Butter Naan,Flour,None,Butter,None,"Wheat, Dairy",Contains
Minestrone Soup,Vegetables,None,Olive oil,Tomato broth,None,Does not contain
Gulab Jamun,Milk solids,Sugar,Ghee,Cardamom syrup,Dairy,Contains
Pumpkin Pie,Pumpkin,Sugar,Butter,"Cinnamon, nutmeg","Wheat, Dairy",Contains
Aloo Gobi,Potatoes,None,Oil,"Cauliflower, spices",None,Does not contain
Stuffed Portobello Mushrooms,Portobello mushrooms,None,None,"Cheese, breadcrumbs",Dairy,Contains
Dosa,Rice,None,Oil,"Potato masala, chutney",None,Does not contain
Beef and Broccoli,Beef,None,Vegetable oil,Soy sauce,None,Does not contain
Vegetable Stir-Fry,Mixed vegetables,None,Vegetable oil,Soy sauce,None,Does not contain
Caprese Skewers,Tomatoes,None,Olive oil,"Mozzarella cheese, basil",Dairy,Contains
Lobster Bisque,Lobster,None,Butter,"Cream, brandy","Shellfish, Dairy",Contains
Shrimp Scampi Pasta,Shrimp,None,Butter,"Garlic, lemon",Shellfish,Contains
Cinnamon Rolls,Flour,Sugar,Butter,Cinnamon,"Wheat, Dairy",Contains
Stuffed Cabbage Rolls,Cabbage,None,Olive oil,"Ground meat, rice",None,Does not contain
Vegetable Biryani,Mixed vegetables,None,Ghee,"Basmati rice, spices",None,Does not contain
Baked Garlic Parmesan Chicken,Chicken,None,Butter,"Parmesan cheese, garlic",Dairy,Contains
Honey Mustard Chicken,Chicken,Honey,Olive oil,"Mustard, herbs",None,Does not contain
Greek Lemon Potatoes,Potatoes,None,Olive oil,"Lemon juice, herbs",None,Does not contain
Sushi,"Fish (salmon, tuna)",Rice vinegar,Sesame oil,Soy sauce,"Fish, Soybeans",Contains
Vegetable Soup,Mixed vegetables,None,Olive oil,Seasonings,None,Does not contain
Chicken Tikka Masala,Chicken,Sugar,Ghee,"Tomato sauce, cream",Dairy,Contains
Cucumber Salad,Cucumbers,None,Olive oil,"Vinegar, herbs",None,Does not contain
Tiramisu,Ladyfingers,Sugar,Mascarpone cheese,"Coffee, cocoa","Wheat, Dairy",Contains
Chicken Satay,Chicken,None,Peanut oil,"Satay sauce, spices",Peanuts,Contains
Mango Salsa,Mango,None,None,"Red onion, lime",None,Does not contain
Beef Wellington,Beef,None,Butter,"Mushrooms, puff pastry","Wheat, Dairy",Contains
Kheer,Rice,Sugar,Ghee,"Cardamom, nuts",Dairy,Contains
Malabar Fish Curry,Fish,None,Coconut oil,"Tamarind, spices","Fish, Coconut",Contains
Avocado Toast,Avocado,None,Olive oil,"Salt, pepper",None,Does not contain
Bacon-Wrapped Shrimp,Shrimp,None,Bacon,Seasonings,"Shellfish, Pork",Contains
Chicken Korma,Chicken,None,Ghee,"Creamy sauce, spices",Dairy,Contains
Chicken Enchiladas,Chicken,None,Enchilada sauce,"Cheese, tortillas","Wheat, Dairy",Contains
Caesar Wrap,Grilled chicken,None,Caesar dressing,"Lettuce, Parmesan cheese",Dairy,Contains
Honey Soy Glazed Salmon,Salmon,Honey,Soy sauce,"Garlic, ginger","Fish, Soybeans",Contains
Berry Crumble,Mixed berries,Sugar,Butter,"Oats, cinnamon","Wheat, Dairy",Contains
Strawberry Shortcake,Strawberries,Sugar,Whipped cream,Shortcake,"Wheat, Dairy",Contains
Beef Tacos,Ground beef,None,Vegetable oil,Taco seasoning,None,Does not contain
Mashed Potatoes,Potatoes,None,Butter,"Salt, Pepper",Dairy,Contains
Sausage Pizza,Sausage,None,None,Mozzarella cheese,None,Does not contain
Beef Tacos,Beef,None,Vegetable oil,Taco seasoning,None,Does not contain
Mango Coconut Popsicles,Mango,Sugar,Coconut milk,None,None,Does not contain
Spaghetti Bolognese,Ground beef,Sugar,Olive oil,Tomato sauce,None,Contains
Chocolate Chip Cookies,Flour,Sugar,Butter,Chocolate chips,"Wheat, Dairy",Contains
Baked Salmon,Salmon,None,Olive oil,"Lemon, herbs",Fish,Contains
Stuffed Bell Peppers,Bell peppers,None,Olive oil,"Ground meat, rice",None,Does not contain
Mango Salsa,Mango,None,None,"Lime juice, cilantro",None,Does not contain
Beef Stir-Fry,Beef,None,Vegetable oil,Soy sauce,None,Does not contain
Baked Salmon,Salmon fillet,None,Olive oil,"Lemon, herbs",Fish,Contains
Chicken Enchiladas,Chicken,None,Vegetable oil,Enchilada sauce,None,Does not contain
Greek Lemon Potatoes,Potatoes,None,Olive oil,"Lemon juice, herbs",None,Does not contain
Baked Garlic Parmesan Chicken,Chicken,None,Butter,"Parmesan cheese, garlic",Dairy,Contains
Chicken Parmesan,Chicken,None,Olive oil,"Tomato sauce, cheese","Wheat, Dairy",Contains
Greek Gyro,Lamb/Chicken,None,None,"Tzatziki sauce, vegetables","Dairy, Wheat",Contains
Chicken Korma,Chicken,None,Ghee,"Creamy sauce, spices",Dairy,Contains
Beef and Mushroom Stir-Fry,Beef,None,Vegetable oil,Soy sauce,None,Does not contain
Shrimp Scampi,Shrimp,None,Butter,"Garlic, lemon",Shellfish,Contains
Beef and Mushroom Stir-Fry,Beef,None,Vegetable oil,Soy sauce,None,Does not contain
Vegetable Stir-Fry,Mixed vegetables,None,Vegetable oil,Soy sauce,None,Does not contain
Spinach Salad,Spinach,None,Olive oil,Balsamic vinaigrette,None,Does not contain
Chicken Noodle Soup,Chicken,None,Vegetable oil,"Noodles, vegetables",None,Does not contain
Vada Pav,Potato,None,Oil,"Pav bun, chutney",None,Does not contain
Pecan Pie,Pecans,Sugar,Butter,Corn syrup,"Wheat, Dairy, Nuts",Contains
Spinach Artichoke Dip,Spinach,None,"Cream cheese, sour cream","Parmesan cheese, garlic",Dairy,Contains
Blueberry Muffins,Blueberries,Sugar,Butter,Flour,"Wheat, Dairy",Contains
Vanilla Yogurt,"Yogurt (milk, cultures)",Sugar,None,Vanilla extract,Milk,Contains
Mutton Biryani,Mutton,None,Ghee,"Basmati rice, spices",None,Does not contain
Chole Bhature,Chickpeas,Sugar,Ghee,"Chole masala, spices",None,Does not contain
Garlic Shrimp,Shrimp,None,Olive oil,Garlic,Shellfish,Contains
Caprese Salad,Tomatoes,None,Olive oil,"Mozzarella cheese, basil",Dairy,Contains
Tandoori Chicken,Chicken,None,Yogurt,Tandoori spices,Dairy,Contains
Chicken Noodle Soup,Chicken,None,Vegetable oil,"Noodles, vegetables",None,Does not contain
Strawberry Spinach Salad,Spinach,None,None,"Strawberries, vinaigrette",None,Does not contain
Garlic Bread,Bread,None,Butter,Garlic,"Wheat, Dairy",Contains
Blueberry Muffins,Flour,Sugar,Butter,Blueberries,"Wheat, Dairy",Contains
Chicken Parmesan,Chicken,None,"Bread crumbs, Parmesan cheese",Marinara sauce,Dairy,Contains
Baked Salmon,Salmon,None,Olive oil,"Lemon, herbs",Fish,Contains
French Onion Soup,Onions,None,Butter,"Beef broth, cheese, bread","Dairy, Wheat",Contains
Chicken Fettuccine Alfredo,Chicken,None,Butter,"Cream, Parmesan cheese",Dairy,Contains
Tomato Soup,Tomatoes,None,None,"Salt, Sugar",None,Does not contain
Gulab Jamun,Milk solids,Sugar,Ghee,Cardamom syrup,Dairy,Contains
Chicken Satay,Chicken,None,Peanut oil,"Satay sauce, spices",Peanuts,Contains
Chole Kulche,Chickpeas,None,Ghee,"Kulcha bread, spices",None,Does not contain
Pineapple Upside-Down Cake,Pineapple,Sugar,Butter,Flour,"Wheat, Dairy",Contains
Apple,Apples,None,None,None,None,Does not contain
Apple,Apples,None,None,None,None,Does not contain
Blueberry Pancakes,Flour,Sugar,Butter,Blueberries,"Wheat, Dairy",Contains
Honey Soy Glazed Salmon,Salmon,Honey,Soy sauce,"Garlic, ginger","Fish, Soybeans",Contains
Greek Gyro Wrap,Lamb,None,None,"Tzatziki sauce, tomatoes, onions",Dairy,Contains
Biryani,Rice,None,Ghee,"Biryani masala, spices",None,Does not contain
Baked Ziti,Pasta,None,None,"Tomato sauce, cheese","Wheat, Dairy",Contains
Beef and Mushroom Stir-Fry,Beef,None,Vegetable oil,Soy sauce,None,Does not contain
Beef Tacos,Ground beef,None,Vegetable oil,Taco seasoning,None,Does not contain
Baked Cod,Cod,None,Butter,"Lemon, herbs","Fish, Dairy",Contains
Beef Stir-Fry,Beef,None,Vegetable oil,Soy sauce,None,Does not contain
Greek Lemon Chicken,Chicken,None,Olive oil,"Lemon juice, herbs",None,Does not contain
Beef and Mushroom Stir-Fry,Beef,None,Vegetable oil,Soy sauce,None,Does not contain
Baked Salmon,Salmon fillet,None,Olive oil,"Lemon, herbs",Fish,Contains
Lemon Garlic Shrimp,Shrimp,None,Olive oil,"Lemon juice, garlic",Shellfish,Contains
Apple Pie,Apples,Sugar,Butter,Cinnamon,"Wheat, Dairy",Contains
Chocolate Cake,Flour,Sugar,Butter,Cocoa powder,"Wheat, Dairy, Cocoa",Contains
Apple Pie,Apples,Sugar,Butter,"Cinnamon, pastry","Wheat, Dairy",Contains
Chicken Piccata,Chicken,None,Butter,"Lemon, capers",Dairy,Contains
Beef Stir-Fry,Beef,None,Vegetable oil,Soy sauce,None,Does not contain
Honey Mustard Chicken,Chicken,Honey,Olive oil,"Mustard, herbs",None,Does not contain
Rajma Chawal,Kidney beans,None,Ghee,Spices,None,Contains
Egg Salad Sandwich,Eggs,Mayonnaise,None,"Celery, mustard","Eggs, Mustard",Contains
Ratatouille Pizza,Pizza dough,None,Olive oil,Ratatouille vegetables,None,Does not contain
Chicken Satay,Chicken,None,Peanut oil,"Satay sauce, spices",Peanuts,Contains
Baked Ziti,Pasta,None,Cheese,Tomato sauce,"Wheat, Dairy",None
Greek Gyro,Lamb/Chicken,None,None,"Tzatziki sauce, vegetables","Dairy, Wheat",Contains
Stuffed Bell Peppers,Bell peppers,None,Olive oil,"Ground meat, rice",None,Does not contain
Vegetable Biryani,Mixed vegetables,None,Ghee,"Basmati rice, spices",None,Does not contain
Strawberry Smoothie,Strawberries,Honey,"Yogurt (milk, cultures)",None,Dairy,Contains
Mushroom Risotto,Mushrooms,None,Butter,"Arborio rice, Parmesan cheese",Dairy,Contains
Chicken Alfredo,Chicken,None,Butter,"Cream, Parmesan cheese",Dairy,Contains
Chicken Curry,Chicken,None,Oil,Curry spices,None,Does not contain
Chicken Caesar Wrap,Chicken,None,Caesar dressing,"Romaine lettuce, Parmesan cheese",Dairy,Contains
Beef Stir-Fry,Beef,None,Vegetable oil,Soy sauce,None,Does not contain
Oatmeal,Oats,Sugar,Milk,Cinnamon,"Oats, Dairy",Contains
Vegetable Lasagna,Vegetables,None,Olive oil,"Tomato sauce, cheese","Wheat, Dairy",Contains
Pesto Pasta Salad,Pasta,None,Pesto sauce,"Tomatoes, vegetables",None,Does not contain
Chicken Korma,Chicken,None,Ghee,"Creamy sauce, spices",Dairy,Contains
Chicken Noodle Soup,Chicken broth,None,None,Salt,"Chicken, Wheat, Celery",Contains
Gobi Manchurian,Cauliflower,None,Oil,Manchurian sauce,None,Does not contain
Stuffed Bell Peppers,Bell peppers,None,Olive oil,"Ground meat, rice",None,Does not contain
Pav Bhaji,Mixed vegetables,None,Butter,"Pav bread, spices",None,Does not contain
Lentil Soup,Lentils,None,Olive oil,Vegetables,None,Does not contain
Caprese Skewers,Tomatoes,None,Olive oil,"Mozzarella cheese, basil",Dairy,Contains
Wheat Bread,Wheat flour,None,None,Salt,Wheat,Contains
Mushroom Risotto,Arborio rice,None,Butter,Mushroom,"Wheat, Dairy",Contains
Baked Cod,Cod,None,Butter,"Lemon, herbs","Fish, Dairy",Contains
Brussels Sprouts,Brussels sprouts,None,Olive oil,Balsamic glaze,None,Does not contain
Chicken Stir-Fry,Chicken,None,Vegetable oil,Soy sauce,None,Does not contain
Ratatouille,Eggplant,None,Olive oil,Tomatoes,None,Does not contain
Margherita Pasta,Pasta,None,Olive oil,"Mozzarella cheese, tomatoes, basil",Dairy,Contains
Greek Salad,Cucumber,None,Olive oil,Lemon juice,None,Does not contain
Beef and Mushroom Stir-Fry,Beef,None,Vegetable oil,Soy sauce,None,Does not contain
Chicken Curry,Chicken,None,Vegetable oil,Curry powder,None,Does not contain
Baked Cod,Cod,None,Butter,"Lemon, herbs","Fish, Dairy",Contains
Quiche Lorraine,Bacon,None,Heavy cream,"Cheese, eggs","Dairy, Eggs",Contains
Banana Smoothie,Bananas,Honey,"Yogurt (milk, cultures)",None,Dairy,Contains
Baked Cod,Cod,None,Butter,"Lemon, herbs","Fish, Dairy",Contains
Lemon Bars,Flour,Sugar,Butter,Lemon juice,"Wheat, Dairy",Contains
Quinoa Stuffed Peppers,Quinoa,None,Olive oil,"Vegetables, spices",None,Does not contain
Sushi Rolls,Sushi rice,None,Soy sauce,"Nori (seaweed), fish","Soybeans, Fish",Contains
Vanilla Yogurt,"Yogurt (milk, cultures)",Sugar,None,Vanilla extract,Milk,Contains
Baked Salmon,Salmon,None,Olive oil,"Lemon, herbs",Fish,Contains
Beef Wellington,Beef,None,Butter,"Mushrooms, puff pastry","Wheat, Dairy",Contains
Greek Moussaka,Eggplant,None,Olive oil,"Ground meat, potatoes",None,Does not contain
Mango Lassi,Mango,Sugar,"Yogurt (milk, cultures)",Cardamom,Dairy,Contains
Beef Kabobs,Beef,None,Olive oil,Seasonings,None,Does not contain
Ratatouille,Eggplant,None,Olive oil,"Tomatoes, zucchini",None,Does not contain
Apple Cider,Apples,Sugar,None,Cinnamon,None,Does not contain
Baked Cod,Cod,None,Butter,"Lemon, herbs","Fish, Dairy",Contains
Brussels Sprouts,Brussels sprouts,None,Olive oil,Balsamic glaze,None,Does not contain
BBQ Ribs,Pork ribs,Brown sugar,Vegetable oil,BBQ sauce,None,Contains
Cilantro Lime Chicken,Chicken,None,Olive oil,"Cilantro, lime",None,Does not contain
Greek Lemon Chicken,Chicken,None,Olive oil,"Lemon juice, herbs",None,Does not contain
Beef Stir-Fry,Beef,None,Vegetable oil,Soy sauce,None,Does not contain
S'mores,Graham crackers,Marshmallows,Chocolate,None,"Wheat, Dairy",Contains
Baked Brie,Brie cheese,None,None,"Herbs, nuts","Dairy, Nuts",Contains
Banana Smoothie,Bananas,Honey,"Yogurt (milk, cultures)",None,Dairy,Contains
Beef Stir-Fry,Beef,None,Vegetable oil,Soy sauce,None,Does not contain
Chicken Fajitas,Chicken,None,Vegetable oil,Fajita seasoning,None,Does not contain
Almond Cookies,Almonds,Sugar,Butter,Flour,"Almonds, Wheat, Dairy",Contains
Sushi,"Fish (salmon, tuna)",Rice vinegar,Sesame oil,Soy sauce,"Fish, Soybeans",Contains
Chicken Shawarma,Chicken,None,Olive oil,Shawarma spices,None,Does not contain
Beef Stir-Fry,Beef,None,Vegetable oil,Soy sauce,None,Does not contain
Mango Salsa,Mango,None,None,"Red onion, lime",None,Does not contain
Pav Bhaji,Mixed vegetables,None,Butter,"Pav bread, spices",None,Does not contain
Lentil Soup,Lentils,None,Olive oil,Vegetables,None,Does not contain
Apple Crisp,Apples,Sugar,Butter,"Cinnamon, oats","Wheat, Dairy",Contains
Shrimp Scampi,Shrimp,None,Butter,"Garlic, lemon",Shellfish,Contains
Chicken Malai Tikka,Chicken,None,Cream,Spices,Dairy,Contains
Caprese Salad,Tomatoes,None,Olive oil,"Mozzarella cheese, basil",Dairy,Contains
Ratatouille Pizza,Pizza dough,None,Olive oil,Ratatouille vegetables,None,Does not contain
Peanut Butter,Peanuts,Sugar,Vegetable oil,Salt,Peanuts,Contains
Vanilla Cupcakes,Flour,Sugar,Butter,Vanilla extract,"Wheat, Dairy",Contains
Shrimp Scampi,Shrimp,None,Butter,"Garlic, lemon",Shellfish,Contains
Greek Salad,Cucumber,None,Olive oil,Lemon juice,None,Does not contain
Lobster Roll,Lobster,None,Mayonnaise,"Celery, lemon juice","Shellfish, Eggs",Contains
Sushi Rolls,Sushi rice,None,Soy sauce,"Nori (seaweed), fish","Soybeans, Fish",Contains
Black Bean Soup,Black beans,None,Olive oil,Vegetables,None,Does not contain
Baked Chicken Wings,Chicken wings,None,Olive oil,Seasonings,None,Does not contain
S'mores,Graham crackers,Marshmallows,Chocolate,None,"Wheat, Dairy",Contains
Lentil Salad,Lentils,None,Olive oil,"Lemon juice, vegetables",None,Does not contain
Sushi,"Fish (salmon, tuna)",Rice vinegar,Sesame oil,Soy sauce,"Fish, Soybeans",Contains
Egg Salad Sandwich,Eggs,Mayonnaise,None,"Celery, mustard","Eggs, Mustard",Contains
Beef Burger,Ground beef,None,Vegetable oil,"Salt, Pepper",None,Does not contain
Chicken Alfredo Pizza,Pizza dough,None,None,"Chicken, Alfredo sauce","Wheat, Dairy",Contains
Butternut Squash Soup,Butternut squash,None,Butter,Vegetable broth,Dairy,Contains
Pesto Pasta Salad,Pasta,None,Pesto sauce,"Tomatoes, vegetables",None,Does not contain
Honey Soy Glazed Salmon,Salmon,Honey,Soy sauce,"Garlic, ginger","Fish, Soybeans",Contains
Margherita Pasta,Pasta,None,Olive oil,"Fresh tomatoes, mozzarella",Dairy,Contains
Spinach Artichoke Dip,Spinach,None,"Cream cheese, sour cream","Parmesan cheese, garlic",Dairy,Contains
Sushi Rolls,Sushi rice,None,Soy sauce,"Nori (seaweed), fish","Soybeans, Fish",Contains
Greek Gyro Wrap,Lamb,None,None,"Tzatziki sauce, tomatoes, onions",Dairy,Contains
Vanilla Cupcakes,Flour,Sugar,Butter,Vanilla extract,"Wheat, Dairy",Contains
Pumpkin Pie,Pumpkin,Sugar,Butter,"Pumpkin spice, pastry","Wheat, Dairy",Contains
Caesar Salad,Romaine lettuce,None,Olive oil,Parmesan cheese,Dairy,Contains
Rajma Chawal,Kidney beans,None,Ghee,Spices,None,Contains
Pumpkin Pie,Pumpkin,Sugar,Butter,"Pumpkin spice, pastry","Wheat, Dairy",Contains
Spinach Salad,Spinach,None,Olive oil,Balsamic vinaigrette,None,Does not contain
Pumpkin Soup,Pumpkin,None,Butter,"Nutmeg, cream",Dairy,Contains
Lentil Soup,Lentils,None,Olive oil,Vegetables,None,Does not contain
Pumpkin Pie,Pumpkin,Sugar,Butter,"Pumpkin spice, pastry","Wheat, Dairy",Contains
Beef and Mushroom Stir-Fry,Beef,None,Vegetable oil,Soy sauce,None,Does not contain
Mango Coconut Popsicles,Mango,Sugar,Coconut milk,None,None,Does not contain
Vanilla Ice Cream,Milk,Sugar,Cream,Vanilla extract,Milk,Contains
Lentil Salad,Lentils,None,Olive oil,"Lemon juice, vegetables",None,Does not contain
Caprese Salad,Tomatoes,None,Olive oil,"Mozzarella cheese, basil",Dairy,Contains
Chole Kulche,Chickpeas,None,Ghee,"Kulcha bread, spices",None,Does not contain
Sausage Pizza,Sausage,None,None,Mozzarella cheese,None,Does not contain
Greek Yogurt Parfait,Greek yogurt,Honey,None,"Granola, mixed berries",Dairy,Contains
Caesar Shrimp Skewers,Shrimp,None,Olive oil,Caesar dressing,"Shellfish, Dairy",Contains
Honey Glazed Carrots,Carrots,Honey,Butter,None,None,Does not contain
Spinach Salad,Spinach,None,Olive oil,Balsamic vinegar,None,Does not contain
Chicken Curry,Chicken,None,Oil,Curry spices,None,Does not contain
Avocado Toast,Avocado,None,Olive oil,"Salt, pepper",None,Does not contain
Banana Bread,Bananas,Sugar,Butter,"Cinnamon, nuts","Wheat, Dairy, Nuts",Contains
Tofu Curry,Tofu,None,Coconut milk,Curry paste,None,Does not contain
Mashed Potatoes,Potatoes,None,Butter,"Salt, Pepper",Dairy,Contains
Sushi Rolls,Sushi rice,None,Soy sauce,"Nori (seaweed), fish","Soybeans, Fish",Contains
Quinoa Salad,Quinoa,None,Olive oil,"Lemon juice, vegetables",None,Does not contain
Fruit Salad,Mixed fruits,Sugar,None,Lemon juice,None,Does not contain
Apple Crisp,Apples,Sugar,Butter,"Cinnamon, oats","Wheat, Dairy",Contains
Vegetable Stir-Fry,Mixed vegetables,None,Vegetable oil,Soy sauce,None,Does not contain
Spaghetti Bolognese,Ground beef,Sugar,Olive oil,Tomato sauce,None,Contains
Stuffed Bell Peppers,Bell peppers,None,Olive oil,"Ground meat, rice",None,Does not contain
Sweet Potato Fries,Sweet potatoes,None,Vegetable oil,"Salt, paprika",None,Does not contain
Lemon Bars,Lemon juice,Sugar,Butter,"Flour, eggs","Wheat, Dairy, Eggs",Contains
Pancake Stack,Flour,Sugar,Butter,Maple syrup,"Wheat, Dairy",Contains
Spinach Salad,Spinach,None,Olive oil,Balsamic vinaigrette,None,Does not contain
Spinach and Feta Stuffed Chicken,Chicken,None,Olive oil,"Spinach, feta cheese",Dairy,Contains
Pesto Pasta,Pasta,None,Olive oil,"Basil, garlic",None,Does not contain
Apple Pie,Apples,Sugar,Butter,"Cinnamon, pastry","Wheat, Dairy",Contains
Mushroom Soup,Mushrooms,None,Butter,Vegetable broth,Dairy,Contains
Chicken Piccata,Chicken,None,Butter,"Lemon, capers",Dairy,Contains
Pesto Chicken,Chicken,None,Olive oil,Pesto sauce,"Pine nuts, Dairy",Contains
Lemon Bars,Flour,Sugar,Butter,Lemon juice,"Wheat, Dairy",Contains
Apple Pie,Apples,Sugar,Butter,"Cinnamon, pastry","Wheat, Dairy",Contains
Samosa,Potatoes,None,Ghee,Spices,None,Contains
Beef Stir-Fry,Beef,None,Vegetable oil,Soy sauce,None,Does not contain
Chicken Fajitas,Chicken,None,Vegetable oil,Fajita seasoning,None,Does not contain
Beef Stir-Fry,Beef,None,Vegetable oil,Soy sauce,None,Does not contain
Pesto Chicken,Chicken,None,Olive oil,Pesto sauce,"Pine nuts, Dairy",Contains
Cabbage Rolls,Cabbage,None,Olive oil,"Ground meat, rice",None,Does not contain
Chicken Alfredo Pizza,Pizza dough,None,None,"Chicken, Alfredo sauce","Wheat, Dairy",Contains
Caesar Salad Wrap,Romaine lettuce,None,Caesar dressing,"Parmesan cheese, croutons","Wheat, Dairy",Contains
Vegetable Lasagna,Vegetables,None,Olive oil,"Tomato sauce, cheese","Wheat, Dairy",Contains
Pesto Pasta,Pasta,None,Olive oil,"Basil, garlic",None,Does not contain
Ratatouille,Vegetables,None,Olive oil,Herbs,None,Does not contain
Tofu Scramble,Tofu,None,Vegetable oil,"Turmeric, spices",Soybeans,Contains
Lobster Roll,Lobster,None,Mayonnaise,"Celery, lemon juice","Shellfish, Eggs",Contains
Chicken Piccata,Chicken,None,Butter,"Lemon, capers","Dairy, Fish",Contains
Lemon Herb Roasted Chicken,Chicken,None,Olive oil,"Lemon, herbs",None,Does not contain
Chicken Teriyaki,Chicken,None,Soy sauce,"Honey, ginger",Soybeans,Contains
Cheddar Cheese,Cheese,None,None,Salt,Dairy,Contains
Ratatouille Tart,Vegetables,None,Olive oil,"Puff pastry, herbs",None,Does not contain
Tofu Stir-Fry,Tofu,None,Vegetable oil,Soy sauce,Soybeans,Contains
Chicken Caesar Salad,Chicken,None,Caesar dressing,"Romaine lettuce, croutons","Wheat, Dairy",Contains
Chicken Parmesan,Chicken,None,"Bread crumbs, Parmesan cheese",Marinara sauce,Dairy,Contains
Chole Bhature,Chickpeas,Sugar,Ghee,"Chole masala, spices",None,Does not contain
Mutton Biryani,Mutton,None,Ghee,"Basmati rice, spices",None,Does not contain
Ratatouille Pasta,Pasta,None,Olive oil,Ratatouille vegetables,None,Does not contain
Jalebi,Flour,Sugar,Ghee,Saffron syrup,"Wheat, Dairy",Contains
Greek Gyro,Lamb/Chicken,None,None,"Tzatziki sauce, vegetables","Dairy, Wheat",Contains
Baked Ziti,Pasta,None,None,"Tomato sauce, cheese","Wheat, Dairy",Contains
Baked Chicken Wings,Chicken wings,None,Olive oil,Seasonings,None,Does not contain
Cabbage Rolls,Cabbage,None,Olive oil,"Ground meat, rice",None,Does not contain
Chole Kulche,Chickpeas,None,Ghee,"Kulcha bread, spices",None,Does not contain
Spinach Salad,Spinach,None,Olive oil,Balsamic vinegar,None,Does not contain
Butter Naan,Flour,None,Butter,None,"Wheat, Dairy",Contains
French Fries,Potatoes,None,Vegetable oil,Salt,None,Does not contain
Beef Tacos,Beef,None,Vegetable oil,Taco seasoning,None,Does not contain
Chicken Teriyaki,Chicken,None,Soy sauce,"Honey, ginger",Soybeans,Contains
Chole Bhature,Chickpeas,Sugar,Ghee,"Chole masala, spices",None,Does not contain
Pancake Stack,Flour,Sugar,Butter,Maple syrup,"Wheat, Dairy",Contains
Gazpacho,Tomatoes,None,Olive oil,"Garlic, herbs",None,Does not contain
Rajma Chawal,Kidney beans,None,Ghee,Spices,None,Contains
Shrimp Scampi,Shrimp,None,Butter,"Garlic, lemon","Shellfish, Dairy",Contains
Lemon Dill Salmon,Salmon,None,Olive oil,"Lemon, dill",Fish,Contains
Butter Chicken,Chicken,Sugar,Butter,"Tomato sauce, cream",Dairy,Contains
Orange Juice,Oranges,Sugar,None,None,None,Does not contain
Sausage and Pepper Pizza,Pizza dough,None,None,"Sausage, bell peppers","Wheat, Dairy",Contains
Apple Crisp,Apples,Sugar,Butter,"Cinnamon, oats","Wheat, Dairy",Contains
Vegetable Stir-Fry,Mixed vegetables,None,Vegetable oil,Soy sauce,None,Does not contain
Milk Chocolate,Sugar,Cocoa butter,Milk powder,Vanilla extract,Milk,Contains
Strawberry Smoothie,Strawberries,Sugar,Yogurt,Milk,Dairy,Contains
Caramel Apple,Apples,Caramel,None,None,None,Does not contain
Spinach Salad,Spinach,None,Olive oil,Balsamic vinaigrette,None,Does not contain
Grilled Portobello Mushroom Burger,Portobello mushrooms,None,None,"Burger bun, vegetables",Wheat,Contains
Strawberry Spinach Salad,Spinach,None,None,"Strawberries, vinaigrette",None,Does not contain
Cinnamon Rolls,Dough,Sugar,Butter,"Cinnamon, icing","Wheat, Dairy",Contains
Chole Bhature,Chickpeas,Sugar,Ghee,"Chole masala, spices",None,Does not contain
Pesto Pasta Salad,Pasta,None,Pesto sauce,"Tomatoes, vegetables",None,Does not contain
Mango Lassi,Mango,Sugar,"Yogurt (milk, cultures)",Cardamom,Dairy,Contains
Chicken Alfredo Pizza,Pizza dough,None,None,"Chicken, Alfredo sauce","Wheat, Dairy",Contains
Chocolate Cake,Flour,Sugar,Butter,Cocoa powder,"Wheat, Dairy, Cocoa",Contains
Rasmalai,Paneer,Sugar,"Milk, Ghee","Cardamom, nuts",Dairy,Contains
Baked Brie,Brie cheese,None,None,"Herbs, nuts","Dairy, Nuts",Contains
Caesar Salad Wrap,Romaine lettuce,None,Caesar dressing,"Parmesan cheese, croutons","Wheat, Dairy",Contains
Chicken Alfredo Pizza,Pizza dough,None,None,"Chicken, Alfredo sauce","Wheat, Dairy",Contains
Caesar Shrimp Skewers,Shrimp,None,Olive oil,Caesar dressing,"Shellfish, Dairy",Contains
Caramel Popcorn,Popcorn,Sugar,Butter,Salt,Dairy,Contains
Greek Gyro,Lamb/Chicken,None,None,"Tzatziki sauce, vegetables","Dairy, Wheat",Contains
Veggie Omelette,Mixed vegetables,None,Olive oil,"Salt, pepper",None,Does not contain
Onion Rings,Onions,None,Vegetable oil,Flour,Wheat,Contains
Caesar Salad Wrap,Romaine lettuce,None,Caesar dressing,"Parmesan cheese, croutons","Wheat, Dairy",Contains
Avocado Toast,Avocado,None,Olive oil,"Salt, pepper",None,Does not contain
Chocolate Chip Pancakes,Flour,Sugar,Butter,Chocolate chips,"Wheat, Dairy, Cocoa",Contains
Shrimp Fried Rice,Shrimp,None,Vegetable oil,Soy sauce,"Shellfish, Soybeans",Contains
Coconut Curry,Chicken,None,Coconut milk,Curry paste,None,Does not contain
Salsa,Tomatoes,None,None,"Onion, cilantro",None,Does not contain
Gulab Jamun,Milk solids,Sugar,Ghee,Cardamom syrup,Dairy,Contains
Chicken Teriyaki,Chicken,None,Vegetable oil,Teriyaki sauce,None,Does not contain
Chicken Biryani,Chicken,None,Ghee,"Basmati rice, spices",None,Does not contain
Lentil Salad,Lentils,None,Olive oil,"Lemon juice, vegetables",None,Does not contain
Oatmeal Raisin Cookies,Oats,Sugar,Butter,Flour,"Wheat, Dairy",Contains
Chicken Korma,Chicken,None,Ghee,"Creamy sauce, spices",Dairy,Contains
Pancake Stack,Flour,Sugar,Butter,Maple syrup,"Wheat, Dairy",Contains
Honey Glazed Carrots,Carrots,Honey,Butter,None,None,Does not contain
Sausage and Pepper Pizza,Pizza dough,None,None,"Sausage, bell peppers","Wheat, Dairy",Contains
Beef and Mushroom Stir-Fry,Beef,None,Vegetable oil,Soy sauce,None,Does not contain
Chana Masala,Chickpeas,None,Oil,Masala spices,None,Does not contain
Tomato Soup,Tomatoes,None,None,"Salt, Sugar",None,Does not contain
Banana Bread,Bananas,Sugar,Butter,Flour,"Wheat, Dairy",Contains
Tomato Soup,Tomatoes,None,None,"Salt, Sugar",None,Does not contain
Ratatouille,Eggplant,None,Olive oil,Tomatoes,None,Does not contain
Beef Burritos,Ground beef,None,Vegetable oil,Taco seasoning,None,Does not contain
Stuffed Bell Peppers,Bell peppers,None,Olive oil,"Ground meat, rice",None,Does not contain
Caesar Salad Wrap,Romaine lettuce,None,Caesar dressing,"Parmesan cheese, croutons","Wheat, Dairy",Contains
Mushroom Soup,Mushrooms,None,Butter,Vegetable broth,Dairy,Contains
Salsa,Tomatoes,None,None,"Onion, cilantro",None,Does not contain
Greek Yogurt,"Yogurt (milk, cultures)",Honey,None,None,Dairy,Contains
Peanut Butter,Peanuts,Sugar,Vegetable oil,Salt,Peanuts,Contains
Quinoa Salad,Quinoa,None,Olive oil,"Lemon juice, herbs",None,Does not contain
Chicken Noodle Casserole,Chicken,None,Butter,"Noodles, vegetables",Wheat,Contains
Wheat Bread,Wheat flour,None,None,Salt,Wheat,Contains
Strawberry Smoothie,Strawberries,Honey,"Yogurt (milk, cultures)",None,Dairy,Contains
Beef Wellington,Beef,None,Butter,"Mushrooms, puff pastry","Wheat, Dairy",Contains
Chicken Curry,Chicken,None,Coconut milk,Curry powder,None,Does not contain
Chicken Satay,Chicken,None,Peanut butter,Soy sauce,Peanuts,Contains
Lemon Pepper Chicken,Chicken,None,Olive oil,Lemon pepper seasoning,None,Does not contain
Chicken Parmesan,Chicken,None,"Bread crumbs, Parmesan cheese",Marinara sauce,Dairy,Contains
Cinnamon Rolls,Dough,Sugar,Butter,"Cinnamon, icing","Wheat, Dairy",Contains
Lobster Roll,Lobster,None,Mayonnaise,"Celery, lemon juice","Shellfish, Eggs",Contains
Chicken Biryani,Chicken,None,Ghee,"Basmati rice, spices",None,Does not contain
Spinach Salad,Spinach,None,Olive oil,Balsamic vinaigrette,None,Does not contain
Honey Soy Glazed Salmon,Salmon,Honey,Soy sauce,"Garlic, ginger","Fish, Soybeans",Contains
Mushroom Risotto,Arborio rice,None,Butter,Mushroom,"Wheat, Dairy",Contains
Lemon Garlic Chicken,Chicken,None,Olive oil,"Lemon juice, garlic",None,Does not contain
Pumpkin Pie,Pumpkin,Sugar,Butter,"Pumpkin spice, pastry","Wheat, Dairy",Contains
Spinach and Feta Stuffed Chicken,Chicken,None,Olive oil,"Spinach, feta cheese",Dairy,Contains
Sushi Bowl,Sushi rice,None,Soy sauce,"Raw fish, vegetables","Fish, Soybeans",Contains
Caesar Salad Wrap,Romaine lettuce,None,Caesar dressing,"Parmesan cheese, croutons","Wheat, Dairy",Contains
Baked Chicken Wings,Chicken wings,None,Olive oil,Seasonings,None,Does not contain
Chicken Caesar Salad,Chicken,None,Caesar dressing,"Romaine lettuce, croutons","Wheat, Dairy",Contains
Tomato Soup,Tomatoes,None,None,"Salt, Sugar",None,Does not contain
Eggplant Parmesan,Eggplant,None,Olive oil,"Marinara sauce, cheese",Dairy,Contains
Tofu Scramble,Tofu,None,Vegetable oil,"Turmeric, spices",Soybeans,Contains
Chicken Alfredo Pizza,Pizza dough,None,None,"Chicken, Alfredo sauce","Wheat, Dairy",Contains
Palak Paneer,Spinach,None,Ghee,"Paneer, spices",Dairy,Contains
Hawaiian Pizza,Pizza dough,None,None,"Pineapple, ham","Wheat, Pork, Dairy",Contains
Chicken Enchiladas,Chicken,None,Vegetable oil,Enchilada sauce,None,Does not contain
Lobster Roll,Lobster,None,Mayonnaise,"Celery, lemon juice","Shellfish, Eggs",Contains
Malai Chicken Tikka,Chicken,None,Cream,Spices,Dairy,Contains
Fruit Salad,Mixed fruits,Sugar,None,Lemon juice,None,Does not contain
Beef Burritos,Beef,None,Vegetable oil,Burrito seasoning,None,Does not contain
Chicken Satay,Chicken,None,Peanut oil,"Satay sauce, spices",Peanuts,Contains
Garlic Bread,Bread,None,Butter,Garlic,"Wheat, Dairy",Contains
Berry Cobbler,Mixed berries,Sugar,Butter,Flour,"Wheat, Dairy",Contains
Greek Moussaka,Eggplant,None,Olive oil,"Ground meat, potatoes",None,Does not contain
Lemon Poppy Seed Muffins,Flour,Sugar,Butter,"Lemon zest, poppy seeds","Wheat, Dairy",Contains
Greek Salad,Cucumbers,None,Olive oil,"Feta cheese, olives",Dairy,Contains
Rogan Josh,Lamb,None,Ghee,"Yogurt, Kashmiri red chili",Dairy,Contains
Mushroom Risotto,Mushrooms,None,Butter,"Arborio rice, Parmesan cheese",Dairy,Contains
Chicken Satay,Chicken,None,Peanut butter,Soy sauce,Peanuts,Contains
Lemon Pepper Chicken,Chicken,None,Olive oil,Lemon pepper seasoning,None,Does not contain
Pesto Pasta,Pasta,None,Olive oil,"Basil, garlic",None,Does not contain
Tuna Salad,Tuna,Mayonnaise,None,"Celery, onion","Fish, Eggs",Contains
Butternut Squash Soup,Butternut squash,None,Butter,"Nutmeg, cream",Dairy,Contains
Baked Ziti,Pasta,None,Cheese,Tomato sauce,"Wheat, Dairy",Contains
Shrimp Scampi,Shrimp,None,Butter,"Garlic, lemon","Shellfish, Dairy",Contains
Teriyaki Salmon,Salmon fillet,Sugar,Soy sauce,"Ginger, garlic","Fish, Soybeans",Contains
Blueberry Muffins,Flour,Sugar,Butter,Blueberries,"Wheat, Dairy",Contains
Pumpkin Soup,Pumpkin,None,Butter,"Nutmeg, cream",Dairy,Contains
Chocolate Mousse,Chocolate,Sugar,Heavy cream,Vanilla extract,Dairy,Contains
Strawberry Smoothie,Strawberries,Sugar,Yogurt,Milk,Dairy,Contains
Gazpacho,Tomatoes,None,Olive oil,"Garlic, herbs",None,Does not contain
Prawn Biryani,Prawns,None,Ghee,"Basmati rice, spices",Shellfish,Contains
Apple Crisp,Apples,Sugar,Butter,"Cinnamon, oats","Wheat, Dairy",Contains
Sushi,"Fish (salmon, tuna)",Rice vinegar,Sesame oil,Soy sauce,"Fish, Soybeans",Contains
Chicken Satay,Chicken,None,Peanut oil,"Satay sauce, spices",Peanuts,Contains
Chicken Caesar Salad,Chicken,None,Caesar dressing,"Romaine lettuce, croutons","Wheat, Dairy",Contains
Tandoori Chicken,Chicken,None,Yogurt,Tandoori spices,Dairy,Contains
Chicken Korma,Chicken,None,Ghee,"Creamy sauce, spices",Dairy,Contains
Margherita Pizza,Pizza dough,None,Olive oil,"Mozzarella cheese, tomatoes, basil",Dairy,Contains
Ratatouille Pasta,Pasta,None,Olive oil,Ratatouille vegetables,None,Does not contain
Sausage and Pepper Pizza,Pizza dough,None,None,"Sausage, bell peppers","Wheat, Dairy",Contains
Strawberry Smoothie,Strawberries,Honey,"Yogurt (milk, cultures)",None,Dairy,Contains
Kheer,Rice,Sugar,Ghee,"Cardamom, nuts",Dairy,Contains
Spinach Stuffed Chicken,Chicken,None,Olive oil,"Spinach, garlic",None,Does not contain
Butter Chicken,Chicken,Sugar,Butter,"Tomato sauce, cream",Dairy,Contains
Prawn Curry,Prawns,None,Coconut milk,Curry spices,"Shellfish, Dairy",Contains
Sweet and Sour Chicken,Chicken,Sugar,Vegetable oil,"Pineapple, bell peppers",None,Does not contain
Rasgulla,Paneer,Sugar,None,"Rose water, syrup",Dairy,Contains
Mango Salsa,Mango,None,None,"Lime juice, cilantro",None,Does not contain
Strawberry Smoothie,Strawberries,Sugar,Yogurt,Milk,Dairy,Contains
Caramel Apple,Apples,Caramel,None,None,None,Does not contain
Baked Brie,Brie cheese,None,None,"Herbs, nuts","Dairy, Nuts",Contains
Avocado Toast,Avocado,None,Olive oil,"Salt, pepper",None,Does not contain
Pesto Pasta,Pasta,None,Olive oil,"Basil, garlic",None,Does not contain
Chicken Curry,Chicken,None,Oil,Curry spices,None,Does not contain
Caesar Pasta Salad,Pasta,None,Caesar dressing,"Romaine lettuce, Parmesan cheese","Wheat, Dairy",Contains
Beef Wellington,Beef,None,Butter,"Mushrooms, puff pastry","Wheat, Dairy",Contains
Pesto Chicken,Chicken,None,Olive oil,Pesto sauce,"Pine nuts, Dairy",Contains
Caprese Salad,Tomatoes,None,Olive oil,"Mozzarella cheese, basil",Dairy,Contains
Beef Stir-Fry,Beef,None,Vegetable oil,Soy sauce,None,Does not contain
Bacon-Wrapped Shrimp,Shrimp,None,Bacon,Seasonings,"Shellfish, Pork",Contains
Ratatouille,Eggplant,None,Olive oil,Tomatoes,None,Does not contain
Lemon Poppy Seed Muffins,Flour,Sugar,Butter,"Lemon zest, poppy seeds","Wheat, Dairy",Contains
Beef Burritos,Ground beef,None,Vegetable oil,Taco seasoning,None,Does not contain
Chicken Parmesan,Chicken,None,Olive oil,"Tomato sauce, cheese","Wheat, Dairy",Contains
Stuffed Bell Peppers,Bell peppers,None,Olive oil,"Ground meat, rice",None,Does not contain
Beef Stroganoff,Beef,None,Sour cream,"Mushroom, onion",Dairy,Contains
Orange Juice,Oranges,Sugar,None,None,None,Does not contain
Margherita Pasta,Pasta,None,Olive oil,"Mozzarella cheese, tomatoes, basil",Dairy,Contains
Rogan Josh,Lamb,None,Ghee,"Yogurt, Kashmiri red chili",Dairy,Contains
Brussels Sprouts,Brussels sprouts,None,Olive oil,Balsamic glaze,None,Does not contain
S'mores,Graham crackers,Marshmallows,Chocolate,None,"Wheat, Dairy",Contains
Stuffed Bell Peppers,Bell peppers,None,Olive oil,"Ground meat, rice",None,Does not contain
Caesar Salad,Romaine lettuce,None,Olive oil,Caesar dressing,Dairy,Contains
Hyderabadi Biryani,Basmati rice,None,Ghee,"Meat/vegetables, spices",None,Does not contain
Chicken Curry,Chicken,None,Oil,Curry spices,None,Does not contain
Chicken Caesar Salad,Chicken,None,Caesar dressing,"Romaine lettuce, croutons","Wheat, Dairy",Contains
Apple,Apples,None,None,None,None,Does not contain
Chicken Stir-Fry,Chicken,None,Vegetable oil,Soy sauce,None,Does not contain
Honey Mustard Chicken,Chicken,Honey,Olive oil,"Mustard, herbs",None,Does not contain
Caramel Apple,Apples,Caramel,None,None,None,Does not contain
Vanilla Cupcakes,Flour,Sugar,Butter,Vanilla extract,"Wheat, Dairy",Contains
Stuffed Portobello Mushrooms,Portobello mushrooms,None,None,"Cheese, breadcrumbs",Dairy,Contains
Beef and Broccoli,Beef,None,Vegetable oil,Soy sauce,None,Does not contain
Baked Ziti,Pasta,None,None,"Tomato sauce, cheese","Wheat, Dairy",Contains
Chicken Curry,Chicken,None,Coconut milk,Curry powder,None,Does not contain
BBQ Ribs,Pork ribs,Brown sugar,Vegetable oil,BBQ sauce,None,Contains
Stuffed Mushrooms,Mushrooms,None,None,"Garlic, herbs",None,Does not contain
Margherita Pasta,Pasta,None,Olive oil,"Mozzarella cheese, tomatoes, basil",Dairy,Contains
Lobster Bisque,Lobster,None,Butter,"Cream, brandy","Shellfish, Dairy",Contains
Greek Salad,Cucumbers,None,Olive oil,"Feta cheese, olives",Dairy,Contains
Miso Soup,Miso paste,None,None,"Tofu, seaweed",Soybeans,Contains
Tuna Sandwich,Tuna,Mayonnaise,None,"Salt, Pepper","Fish, Eggs",Contains
Chicken Piccata,Chicken,None,Butter,"Lemon, capers",Dairy,Contains
Lentil Soup,Lentils,None,Olive oil,Vegetables,None,Does not contain
Lentil Salad,Lentils,None,Olive oil,"Lemon juice, vegetables",None,Does not contain
Wheat Bread,Wheat flour,None,None,Salt,Wheat,Contains
Baked Salmon,Salmon fillet,None,Olive oil,"Lemon, herbs",Fish,Contains
Zucchini Noodles with Pesto,Zucchini,None,Olive oil,Pesto sauce,"Pine nuts, Dairy",Contains
Greek Spanakopita,Spinach,None,Olive oil,"Feta cheese, phyllo dough",Dairy,Contains
Caesar Pasta Salad,Pasta,None,Caesar dressing,"Romaine lettuce, Parmesan cheese","Wheat, Dairy",Contains
Ratatouille,Eggplant,None,Olive oil,Tomatoes,None,Does not contain
Chicken Teriyaki,Chicken,None,Soy sauce,"Honey, ginger",Soybeans,Contains
Chicken Enchiladas,Chicken,None,Enchilada sauce,"Cheese, tortillas","Wheat, Dairy",Contains
Greek Salad,Cucumber,None,Olive oil,Lemon juice,None,Does not contain
Ratatouille,Vegetables,None,Olive oil,Herbs,None,Does not contain
Mashed Potatoes,Potatoes,None,Butter,"Salt, Pepper",Dairy,Contains
Pumpkin Pie,Pumpkin,Sugar,Butter,"Pumpkin spice, pastry","Wheat, Dairy",Contains
Lemon Garlic Shrimp,Shrimp,None,Olive oil,"Lemon juice, garlic",Shellfish,Contains
Lemon Garlic Shrimp,Shrimp,None,Olive oil,"Lemon juice, garlic",Shellfish,Contains
Mashed Potatoes,Potatoes,None,Butter,"Salt, Pepper",Dairy,Contains
Rajma Chawal,Kidney beans,None,Ghee,Spices,None,Contains
Caesar Salad,Romaine lettuce,None,Olive oil,Parmesan cheese,Dairy,Contains
Pecan Pie,Pecans,Sugar,Butter,Corn syrup,"Wheat, Dairy, Nuts",Contains
Raspberry Cheesecake,Cream cheese,Sugar,Butter,"Graham cracker crust, raspberries","Wheat, Dairy",Contains
Sushi,"Fish (salmon, tuna)",Rice vinegar,Sesame oil,Soy sauce,"Fish, Soybeans",Contains
Egg Salad,Eggs,Mayonnaise,None,"Celery, onion",Eggs,Contains
Caramel Popcorn,Popcorn,Sugar,Butter,Salt,Dairy,Contains
Lemon Bars,Flour,Sugar,Butter,Lemon juice,"Wheat, Dairy",Contains
Beef Stroganoff,Beef,None,Sour cream,"Mushrooms, onions",Dairy,Contains
Blueberry Muffins,Flour,Sugar,Butter,Blueberries,"Wheat, Dairy",Contains
Baked Apple,Apples,Sugar,Butter,"Cinnamon, oats","Wheat, Dairy",Contains
Tandoori Chicken,Chicken,None,Yogurt,Tandoori spices,Dairy,Contains
Stuffed Bell Peppers,Bell peppers,None,Olive oil,"Ground meat, rice",None,Does not contain
Veggie Omelette,Mixed vegetables,None,Olive oil,"Salt, pepper",None,Does not contain
Shrimp Scampi,Shrimp,None,Butter,"Garlic, lemon","Shellfish, Dairy",Contains
Aloo Paratha,Potatoes,None,Ghee,"Wheat flour, spices",Wheat,Contains
Caesar Salad,Romaine lettuce,None,Olive oil,Parmesan cheese,Dairy,Contains
Cheese Pizza,Cheese,None,None,Tomato sauce,Dairy,Contains
Stuffed Portobello Mushrooms,Portobello mushrooms,None,None,"Cheese, breadcrumbs",Dairy,Contains
Aloo Gobi,Potatoes,None,Oil,"Cauliflower, spices",None,Does not contain
Paneer Tikka,Paneer,None,Oil,"Tikka masala, spices",Dairy,Contains
Coconut Curry,Chicken,None,Coconut milk,Curry paste,None,Does not contain
Mutton Biryani,Mutton,None,Ghee,"Basmati rice, spices",None,Does not contain
Sweet Potato Fries,Sweet potatoes,None,Vegetable oil,"Salt, paprika",None,Does not contain
Teriyaki Salmon,Salmon fillet,Sugar,Soy sauce,"Ginger, garlic","Fish, Soybeans",Contains
Caramelized Onions,Onions,Sugar,Butter,None,None,Does not contain
Strawberry Shortcake,Strawberries,Sugar,Whipped cream,Shortcake,"Wheat, Dairy",Contains
Chicken Shawarma,Chicken,None,Olive oil,Shawarma seasoning,None,Does not contain
Chocolate Mousse,Chocolate,Sugar,Heavy cream,Vanilla extract,Dairy,Contains
Honey Soy Glazed Salmon,Salmon,Honey,Soy sauce,"Garlic, ginger","Fish, Soybeans",Contains
Quiche,Eggs,None,Cheese,Vegetables,"Eggs, Dairy",Contains
Teriyaki Beef,Beef,None,Soy sauce,"Teriyaki sauce, vegetables",Soybeans,Contains
Shrimp Fried Rice,Shrimp,None,Vegetable oil,Soy sauce,"Shellfish, Soybeans",Contains
Peanut Butter,Peanuts,Sugar,Vegetable oil,Salt,Peanuts,Contains
Chicken Satay,Chicken,None,Peanut oil,"Satay sauce, spices",Peanuts,Contains
Tofu Stir-Fry,Tofu,None,Vegetable oil,Soy sauce,Soybeans,Contains
Chicken Noodle Soup,Chicken broth,None,None,Salt,"Chicken, Wheat, Celery",Contains
Teriyaki Salmon,Salmon fillet,Sugar,Soy sauce,"Ginger, garlic","Fish, Soybeans",Contains
Pesto Pizza,Pesto sauce,None,None,"Mozzarella cheese, basil",Dairy,Contains
Spinach Stuffed Chicken,Chicken,None,Olive oil,"Spinach, garlic",None,Does not contain
Chole Kulche,Chickpeas,None,Ghee,"Kulcha bread, spices",None,Does not contain
Apple Cider,Apples,Sugar,None,Cinnamon,None,Does not contain
Chicken Caesar Wrap,Chicken,None,Caesar dressing,"Romaine lettuce, Parmesan cheese",Dairy,Contains
Caprese Skewers,Tomatoes,None,Olive oil,"Mozzarella cheese, basil",Dairy,Contains
Chicken and Rice Soup,Chicken,None,Vegetable oil,"Rice, vegetables",None,Does not contain
Soy Milk,Soybeans,Sugar,None,Emulsifiers,Soybeans,Contains
Chocolate Cake,Flour,Sugar,Butter,Cocoa powder,"Wheat, Dairy, Cocoa",Contains
Soy Milk,Soybeans,Sugar,None,Emulsifiers,Soybeans,Contains
Egg Salad,Eggs,Mayonnaise,None,"Celery, onion",Eggs,Contains
Baked Ziti,Pasta,None,None,"Tomato sauce, cheese","Wheat, Dairy",Contains
Cabbage Rolls,Cabbage,None,Olive oil,"Ground meat, rice",None,Does not contain
Rabri,Milk,Sugar,Ghee,"Cardamom, nuts",Dairy,Contains
Sweet Potato Fries,Sweet potatoes,None,Vegetable oil,"Salt, paprika",None,Does not contain
Chicken Shawarma,Chicken,None,Olive oil,Shawarma spices,None,Does not contain
Stuffed Cabbage Rolls,Cabbage,None,Olive oil,"Ground meat, rice",None,Does not contain
Tomato Soup,Tomatoes,None,None,"Salt, Sugar",None,Does not contain
Brussels Sprouts,Brussels sprouts,None,Olive oil,Balsamic glaze,None,Does not contain
Rice Pudding,Rice,Sugar,Milk,"Cinnamon, raisins","Rice, Dairy",Contains
Prawn Curry,Prawns,None,Coconut milk,Curry spices,"Shellfish, Dairy",Contains
Cucumber Salad,Cucumbers,None,Olive oil,"Vinegar, herbs",None,Does not contain
Beef Stroganoff,Beef,None,Sour cream,"Mushrooms, onions",Dairy,Contains
Vegetable Curry,Mixed vegetables,None,Coconut milk,Curry paste,None,Does not contain
Mixed Berry Pie,Mixed berries,Sugar,Butter,Flour,"Wheat, Dairy",Contains
Caesar Salad Wrap,Romaine lettuce,None,Caesar dressing,"Parmesan cheese, croutons","Wheat, Dairy",Contains
Honey Mustard Chicken,Chicken,Honey,Olive oil,"Mustard, herbs",None,Does not contain
Chicken Parmesan,Chicken,None,Olive oil,"Tomato sauce, cheese","Wheat, Dairy",Contains
Tomato Soup,Tomatoes,None,None,"Salt, Sugar",None,Does not contain
Apple Pie,Apples,Sugar,Butter,"Cinnamon, pastry","Wheat, Dairy",Contains
Greek Yogurt,"Yogurt (milk, cultures)",None,None,None,Dairy,Contains
Sausage Pizza,Sausage,None,None,Mozzarella cheese,None,Does not contain
Malai Chicken Tikka,Chicken,None,Cream,Spices,Dairy,Contains
Blueberry Pancakes,Flour,Sugar,Butter,Blueberries,"Wheat, Dairy",Contains
Sausage Pizza,Sausage,None,None,Mozzarella cheese,None,Does not contain
Chicken Curry,Chicken,None,Coconut milk,Curry powder,None,Does not contain
Prawn Biryani,Prawns,None,Ghee,"Basmati rice, spices",Shellfish,Contains
Orange Chicken,Chicken,None,Vegetable oil,Orange sauce,None,Does not contain
Greek Lemon Potatoes,Potatoes,None,Olive oil,"Lemon juice, herbs",None,Does not contain
Chicken Parmesan,Chicken,None,Olive oil,"Tomato sauce, cheese","Wheat, Dairy",Contains
Cucumber Salad,Cucumbers,None,Olive oil,"Vinegar, herbs",None,Does not contain
Spaghetti Bolognese,Ground beef,Sugar,Olive oil,Tomato sauce,None,Contains
Brussels Sprouts,Brussels sprouts,None,Olive oil,Balsamic glaze,None,Does not contain
Baked Salmon,Salmon,None,Olive oil,"Lemon, herbs",Fish,Contains
Honey Mustard Chicken,Chicken breast,Honey,Mustard,Vegetable oil,None,Contains
Greek Spanakopita,Spinach,None,Olive oil,"Feta cheese, phyllo dough",Dairy,Contains
Egg Salad,Eggs,Mayonnaise,None,"Celery, onion",Eggs,Contains
Mango Salsa,Mango,None,None,"Lime juice, cilantro",None,Does not contain
Chicken Quesadilla,Chicken,None,Butter,Cheese,"Wheat, Dairy",Contains
Greek Moussaka,Eggplant,None,Olive oil,"Ground meat, potatoes",None,Does not contain
Strawberry Smoothie,Strawberries,Sugar,Yogurt,Milk,Dairy,Contains
Tofu Scramble,Tofu,None,Vegetable oil,"Turmeric, spices",Soybeans,Contains
Chicken Alfredo Pizza,Pizza dough,None,None,"Chicken, Alfredo sauce","Wheat, Dairy",Contains
Chicken Alfredo,Chicken,None,Butter,"Cream, Parmesan cheese",Dairy,Contains
Baked Ziti,Pasta,None,Cheese,Tomato sauce,"Wheat, Dairy",None
Chicken Fajitas,Chicken,None,Vegetable oil,Fajita seasoning,None,Does not contain
Vegetable Lasagna,Vegetables,None,Olive oil,"Tomato sauce, cheese","Wheat, Dairy",Contains
Peanut Butter,Peanuts,Sugar,Vegetable oil,Salt,Peanuts,Contains
Spinach Artichoke Dip,Spinach,None,"Cream cheese, sour cream","Parmesan cheese, garlic",Dairy,Contains
Beef Tacos,Beef,None,Vegetable oil,Taco seasoning,None,Does not contain
Tuna Sandwich,Tuna,Mayonnaise,None,"Salt, Pepper","Fish, Eggs",Contains
Chicken Caesar Salad,Chicken,None,Caesar dressing,"Romaine lettuce, croutons","Wheat, Dairy",Contains
Zucchini Noodles,Zucchini,None,Olive oil,"Garlic, herbs",None,Does not contain
Key Lime Pie,Lime juice,Sugar,Butter,Graham cracker crust,"Wheat, Dairy",Contains
Mango Salsa,Mango,None,None,"Red onion, lime",None,Does not contain
Lemon Garlic Shrimp,Shrimp,None,Olive oil,"Lemon juice, garlic",Shellfish,Contains
Lemon Bars,Flour,Sugar,Butter,Lemon juice,"Wheat, Dairy",Contains
Chicken Curry,Chicken,None,Coconut milk,Curry powder,None,Does not contain
Chicken Quesadilla,Chicken,None,Butter,Cheese,"Wheat, Dairy",Contains
Cucumber Salad,Cucumbers,None,Olive oil,"Vinegar, herbs",None,Does not contain
Rajma Chawal,Kidney beans,None,Ghee,Spices,None,Contains
Garlic Bread,Bread,None,Butter,Garlic,"Wheat, Dairy",Contains
Strawberry Smoothie,Strawberries,Sugar,Yogurt,Milk,Dairy,Contains
Chocolate Mousse,Chocolate,Sugar,Heavy cream,Vanilla extract,"Dairy, Cocoa",Contains
Onion Rings,Onions,None,Vegetable oil,Flour,Wheat,Contains
Apple Pie,Apples,Sugar,Butter,"Cinnamon, pastry","Wheat, Dairy",Contains
Malai Kofta,Cottage cheese,None,Ghee,Creamy tomato sauce,Dairy,Contains
Veggie Burger,Mixed vegetables,None,Vegetable oil,Seasonings,None,Does not contain
Apple Pie,Apples,Sugar,Butter,Cinnamon,"Wheat, Dairy",Contains
Chicken Curry,Chicken,None,Oil,Curry spices,None,Does not contain
Chicken Korma,Chicken,None,Ghee,"Creamy sauce, spices",Dairy,Contains
Avocado Toast,Avocado,None,Olive oil,"Salt, pepper",None,Does not contain
Rice Pudding,Rice,Sugar,Milk,"Cinnamon, raisins","Rice, Dairy",Contains
Tiramisu,Ladyfingers,Sugar,Mascarpone cheese,"Coffee, cocoa","Wheat, Dairy",Contains
Tomato Soup,Tomatoes,None,None,"Salt, Sugar",None,Does not contain
Egg Salad,Eggs,Mayonnaise,None,"Celery, onion",Eggs,Contains
Chicken Satay,Chicken,None,Peanut oil,"Satay sauce, spices",Peanuts,Contains
Lemonade,Lemon juice,Sugar,Water,None,None,Does not contain
Caramel Apple,Apples,Caramel,None,None,None,Does not contain
Chicken Noodle Soup,Chicken broth,None,None,Salt,"Chicken, Wheat, Celery",Contains
Tiramisu,Ladyfingers,Sugar,Mascarpone cheese,"Coffee, cocoa","Wheat, Dairy",Contains
Chicken Caesar Salad,Chicken,None,Caesar dressing,"Romaine lettuce, croutons","Wheat, Dairy",Contains
Mashed Potatoes,Potatoes,None,Butter,"Salt, Pepper",Dairy,Contains
Vegetable Stir-Fry,Mixed vegetables,None,Vegetable oil,Soy sauce,None,Does not contain
Oatmeal Raisin Cookies,Oats,Sugar,Butter,Flour,"Wheat, Dairy",Contains
Pesto Chicken,Chicken,None,Olive oil,Pesto sauce,"Pine nuts, Dairy",Contains
Caesar Salad Wrap,Grilled chicken,None,Caesar dressing,"Lettuce, Parmesan cheese",Dairy,Contains
Quinoa Salad,Quinoa,None,Olive oil,"Lemon juice, herbs",None,Does not contain
Stuffed Bell Peppers,Bell peppers,None,Olive oil,"Ground meat, rice",None,Does not contain
Spinach and Feta Stuffed Chicken,Chicken,None,Olive oil,"Spinach, feta cheese",Dairy,Contains
Caesar Pasta Salad,Pasta,None,Caesar dressing,"Romaine lettuce, Parmesan cheese","Wheat, Dairy",Contains
Margherita Pasta,Pasta,None,Olive oil,"Mozzarella cheese, tomatoes, basil",Dairy,Contains
Pav Bhaji,Mixed vegetables,None,Butter,"Pav bread, spices",None,Does not contain
Tomato Soup,Tomatoes,None,None,"Salt, Sugar",None,Does not contain
Baked Apple,Apples,Sugar,Butter,"Cinnamon, oats","Wheat, Dairy",Contains
Tomato Soup,Tomatoes,None,None,"Salt, Sugar",None,Does not contain
Egg Salad,Eggs,Mayonnaise,None,"Celery, onion",Eggs,Contains
Zucchini Noodles,Zucchini,None,Olive oil,"Garlic, herbs",None,Does not contain
Pani Puri,Semolina,Tamarind,None,"Spiced water, chutney",None,Does not contain
Ratatouille,Vegetables,None,Olive oil,"Herbs, garlic",None,Does not contain
Greek Yogurt,"Yogurt (milk, cultures)",None,None,None,Dairy,Contains
Lemon Poppy Seed Muffins,Flour,Sugar,Butter,"Lemon zest, poppy seeds","Wheat, Dairy",Contains
Chicken Fajitas,Chicken,None,Vegetable oil,Fajita seasoning,None,Does not contain
Lemon Garlic Shrimp,Shrimp,None,Olive oil,"Lemon juice, garlic",Shellfish,Contains
Pesto Chicken,Chicken,None,Pesto sauce,None,None,Does not contain
Chicken Alfredo Pizza,Pizza dough,None,None,"Chicken, Alfredo sauce","Wheat, Dairy",Contains
Rasmalai,Paneer,Sugar,"Milk, Ghee","Cardamom, nuts",Dairy,Contains
Gazpacho,Tomatoes,None,Olive oil,"Garlic, herbs",None,Does not contain
Egg Salad,Eggs,Mayonnaise,None,"Celery, onion",Eggs,Contains
Chicken Noodle Soup,Chicken broth,None,None,Salt,"Chicken, Wheat, Celery",Contains
Apple,Apples,None,None,None,None,Does not contain
Mango Salsa,Mango,None,None,"Red onion, lime",None,Does not contain
Chicken Alfredo Pizza,Pizza dough,None,None,"Chicken, Alfredo sauce","Wheat, Dairy",Contains
Caesar Salad Wrap,Romaine lettuce,None,Caesar dressing,"Parmesan cheese, croutons","Wheat, Dairy",Contains
Tiramisu,Ladyfingers,Sugar,Mascarpone cheese,"Coffee, cocoa","Wheat, Dairy",Contains
S'mores,Graham crackers,Marshmallows,Chocolate,None,"Wheat, Dairy",Contains
Banana Bread,Bananas,Sugar,Butter,Flour,"Wheat, Dairy",Contains
Chicken Curry,Chicken,None,Oil,Curry spices,None,Does not contain
Cinnamon Rolls,Dough,Sugar,Butter,"Cinnamon, icing","Wheat, Dairy",Contains
Greek Gyro Wrap,Lamb,None,None,"Tzatziki sauce, tomatoes, onions",Dairy,Contains
Ratatouille,Eggplant,None,Olive oil,Tomatoes,None,Does not contain
Sushi Rolls,Sushi rice,None,Soy sauce,"Nori (seaweed), fish","Soybeans, Fish",Contains
Strawberry Yogurt,"Yogurt (milk, cultures)",Sugar,None,Pectin,"Milk, Strawberries",Contains
Caesar Salad Wrap,Grilled chicken,None,Caesar dressing,"Lettuce, Parmesan cheese",Dairy,Contains
Tiramisu,Ladyfingers,Sugar,Mascarpone cheese,"Coffee, cocoa","Wheat, Dairy",Contains
Chicken Curry,Chicken,None,Vegetable oil,Curry powder,None,Does not contain
Garlic Bread,Bread,None,Butter,Garlic,"Wheat, Dairy",Contains
Fruit Salad,Mixed fruits,Sugar,None,Lemon juice,None,Does not contain
Baked Garlic Parmesan Chicken,Chicken,None,Butter,"Parmesan cheese, garlic",Dairy,Contains
Chicken Piccata,Chicken,None,Butter,"Lemon, capers",Dairy,Contains
Chicken Alfredo,Chicken,None,Butter,"Cream, Parmesan cheese",Dairy,Contains
Onion Rings,Onions,None,Vegetable oil,Flour,Wheat,Contains
Stuffed Tomatoes,Tomatoes,None,None,"Herbs, breadcrumbs",None,Does not contain
Black Bean Soup,Black beans,None,Olive oil,Vegetables,None,Does not contain
Beef Stir-Fry,Beef,None,Vegetable oil,Soy sauce,None,Does not contain
Rogan Josh,Lamb,None,Ghee,"Yogurt, Kashmiri red chili",Dairy,Contains
Stuffed Bell Peppers,Bell peppers,None,Olive oil,"Ground meat, rice",None,Does not contain
Berry Smoothie,Mixed berries,Sugar,"Yogurt (milk, cultures)",None,Dairy,Contains
Vegetable Biryani,Mixed vegetables,None,Ghee,"Basmati rice, spices",None,Does not contain
Caramel Apple,Apples,Caramel,None,None,None,Does not contain
Orange Juice,Oranges,Sugar,None,None,None,Does not contain
Almond Cookies,Almonds,Sugar,Butter,Flour,"Almonds, Wheat, Dairy",Contains
Carrot Cake,Carrots,Sugar,Vegetable oil,Cinnamon,"Wheat, Dairy",Contains
Quinoa Stuffed Peppers,Quinoa,None,Olive oil,"Vegetables, spices",None,Does not contain
Ratatouille Pasta,Pasta,None,Olive oil,Ratatouille vegetables,None,Does not contain
Lemonade,Lemon juice,Sugar,Water,None,None,Does not contain
Apple,Apples,None,None,None,None,Does not contain
S'mores,Graham crackers,Marshmallows,Chocolate,None,"Wheat, Dairy",Contains
Chicken Biryani,Chicken,None,Ghee,"Basmati rice, spices",None,Does not contain
Chicken Curry,Chicken,None,Oil,Curry spices,None,Does not contain
Ratatouille,Vegetables,None,Olive oil,"Herbs, garlic",None,Does not contain
Honey Soy Glazed Salmon,Salmon,Honey,Soy sauce,"Garlic, ginger","Fish, Soybeans",Contains
Oatmeal,Oats,Sugar,Milk,Cinnamon,"Oats, Dairy",Contains
Palak Paneer,Spinach,None,Ghee,"Paneer, spices",Dairy,Contains
Caramelized Onions,Onions,Sugar,Butter,None,None,Does not contain
Sushi Bowl,Sushi rice,None,Soy sauce,"Raw fish, vegetables","Fish, Soybeans",Contains
Gulab Jamun,Milk solids,Sugar,Ghee,Cardamom syrup,Dairy,Contains
Rogan Josh,Lamb,None,Ghee,"Yogurt, Kashmiri red chili",Dairy,Contains
Chicken Korma,Chicken,None,Ghee,"Creamy sauce, spices",Dairy,Contains
Beef and Broccoli,Beef,None,Vegetable oil,Soy sauce,None,Does not contain
Greek Gyro Wrap,Lamb,None,None,"Tzatziki sauce, tomatoes, onions",Dairy,Contains
Caesar Salad Wrap,Romaine lettuce,None,Caesar dressing,"Parmesan cheese, croutons","Wheat, Dairy",Contains
Pancakes,Flour,Sugar,Butter,Baking powder,"Wheat, Dairy",Contains
Avocado Toast,Avocado,None,Olive oil,"Salt, pepper",None,Does not contain
Tuna Sandwich,Tuna,Mayonnaise,None,"Salt, Pepper","Fish, Eggs",Contains
Vegetable Biryani,Mixed vegetables,None,Ghee,"Basmati rice, spices",None,Does not contain
Egg Salad,Eggs,Mayonnaise,None,"Celery, onion",Eggs,Contains
Ratatouille,Eggplant,None,Olive oil,Tomatoes,None,Does not contain
Almond Cookies,Almonds,Sugar,Butter,Flour,"Almonds, Wheat, Dairy",Contains
Pumpkin Soup,Pumpkin,None,Butter,"Nutmeg, cream",Dairy,Contains
Tandoori Chicken,Chicken,None,Yogurt,Tandoori spices,Dairy,Contains
Chicken Curry,Chicken,None,Vegetable oil,Curry powder,None,Does not contain
Veggie Burger,Mixed vegetables,None,Vegetable oil,Seasonings,None,Does not contain
Chicken Biryani,Chicken,None,Ghee,"Basmati rice, spices",None,Does not contain
Tiramisu,Ladyfingers,Sugar,Mascarpone cheese,"Coffee, cocoa","Wheat, Dairy",Contains
Lentil Curry,Lentils,None,Coconut milk,Curry powder,None,Does not contain
Chicken Parmesan,Chicken,None,Olive oil,"Tomato sauce, cheese","Wheat, Dairy",Contains
Grilled Portobello Mushroom Burger,Portobello mushrooms,None,None,"Burger bun, vegetables",Wheat,Contains
Eggplant Parmesan,Eggplant,None,Olive oil,"Marinara sauce, cheese",Dairy,Contains
Jalebi,Flour,Sugar,Ghee,Saffron syrup,"Wheat, Dairy",Contains
Chicken Enchiladas,Chicken,None,Vegetable oil,Enchilada sauce,None,Does not contain
Hawaiian Pizza,Pizza dough,None,None,"Pineapple, ham","Wheat, Pork, Dairy",Contains
Caesar Shrimp Skewers,Shrimp,None,Olive oil,Caesar dressing,"Shellfish, Dairy",Contains
Baked Ziti,Pasta,None,Cheese,Tomato sauce,"Wheat, Dairy",Contains
Chicken Fettuccine Alfredo,Chicken,None,Butter,"Cream, Parmesan cheese",Dairy,Contains
S'mores,Graham crackers,Marshmallows,Chocolate,None,"Wheat, Dairy",Contains
Pumpkin Soup,Pumpkin,None,Butter,"Nutmeg, cream",Dairy,Contains
Malabar Fish Curry,Fish,None,Coconut oil,"Tamarind, spices","Fish, Coconut",Contains
Chicken and Rice Soup,Chicken,None,Vegetable oil,"Rice, vegetables",None,Does not contain
Chocolate Chip Pancakes,Flour,Sugar,Butter,Chocolate chips,"Wheat, Dairy, Cocoa",Contains
Ratatouille Pizza,Pizza dough,None,Olive oil,Ratatouille vegetables,None,Does not contain
Garlic Bread,Bread,None,Butter,Garlic,"Wheat, Dairy",Contains
Mango Coconut Popsicles,Mango,Sugar,Coconut milk,None,None,Does not contain
Cheddar Cheese,Cheese,None,None,Salt,Dairy,Contains
Rice Pudding,Rice,Sugar,Milk,"Cinnamon, raisins","Rice, Dairy",Contains
Rogan Josh,Lamb,None,Ghee,"Yogurt, Kashmiri red chili",Dairy,Contains
Brussels Sprouts,Brussels sprouts,None,Olive oil,Balsamic glaze,None,Does not contain
Baked Garlic Parmesan Chicken,Chicken,None,Butter,"Parmesan cheese, garlic",Dairy,Contains
Strawberry Smoothie,Strawberries,Honey,"Yogurt (milk, cultures)",None,Dairy,Contains
Chicken Satay,Chicken,None,Peanut oil,"Satay sauce, spices",Peanuts,Contains
Chicken Tikka Masala,Chicken,None,Ghee,Tikka masala sauce,"Dairy, Ghee",Contains
Sweet Potato Casserole,Sweet potatoes,Brown sugar,Butter,"Cinnamon, nutmeg","Dairy, Nuts",Contains
Honey Soy Glazed Salmon,Salmon,Honey,Soy sauce,"Garlic, ginger","Fish, Soybeans",Contains
Sweet Potato Fries,Sweet potatoes,None,Vegetable oil,"Salt, paprika",None,Does not contain
Pesto Pasta,Pasta,None,Olive oil,"Basil, garlic",None,Does not contain
Berry Cobbler,Mixed berries,Sugar,Butter,Flour,"Wheat, Dairy",Contains
Watermelon Salad,Watermelon,None,None,"Feta cheese, mint",Dairy,Contains
Greek Salad,Cucumber,None,Olive oil,Lemon juice,None,Does not contain
Lobster Roll,Lobster,None,Mayonnaise,"Celery, lemon juice","Shellfish, Eggs",Contains
Tiramisu,Ladyfingers,Sugar,Mascarpone cheese,"Coffee, cocoa","Wheat, Dairy",Contains
Chicken Caesar Wrap,Chicken,None,Caesar dressing,"Romaine lettuce, Parmesan cheese",Dairy,Contains
Biryani,Rice,None,Ghee,"Biryani masala, spices",None,Does not contain
Zucchini Noodles,Zucchini,None,Olive oil,"Garlic, herbs",None,Does not contain
Quinoa Salad,Quinoa,None,Olive oil,"Lemon juice, vegetables",None,Does not contain
Wheat Bread,Wheat flour,None,None,Salt,Wheat,Contains
Tofu Stir-Fry,Tofu,None,Vegetable oil,Soy sauce,Soybeans,Contains
Stuffed Bell Peppers,Bell peppers,None,Olive oil,"Ground meat, rice",None,Does not contain
Caesar Shrimp Skewers,Shrimp,None,Olive oil,Caesar dressing,"Shellfish, Dairy",Contains
Chicken Parmesan,Chicken,None,Olive oil,"Tomato sauce, cheese","Wheat, Dairy",Contains
Raspberry Spinach Salad,Spinach,None,None,"Raspberries, vinaigrette",None,Does not contain
Lemon Herb Roasted Chicken,Chicken,None,Olive oil,"Lemon, herbs",None,Does not contain
Stuffed Bell Peppers,Bell peppers,None,Olive oil,"Ground meat, rice",None,Does not contain
Chicken Satay,Chicken,None,Peanut oil,"Satay sauce, spices",Peanuts,Contains
Roasted Brussels Sprouts,Brussels sprouts,None,Olive oil,Balsamic glaze,None,Does not contain
Teriyaki Salmon,Salmon,None,Vegetable oil,Teriyaki sauce,Fish,Contains
Chicken Piccata,Chicken,None,Butter,"Lemon, capers","Dairy, Fish",Contains
Chicken Stir-Fry,Chicken,None,Vegetable oil,Soy sauce,None,Does not contain
Sushi Bowl,Sushi rice,None,Soy sauce,"Raw fish, vegetables","Fish, Soybeans",Contains
Strawberry Smoothie,Strawberries,Sugar,Yogurt,Milk,Dairy,Contains
Sausage and Pepper Pizza,Pizza dough,None,None,"Sausage, bell peppers","Wheat, Dairy",Contains
Beef and Mushroom Stir-Fry,Beef,None,Vegetable oil,Soy sauce,None,Does not contain
Butter Chicken,Chicken,Sugar,Butter,"Tomato sauce, cream",Dairy,Contains
Blueberry Muffins,Blueberries,Sugar,Butter,Flour,"Wheat, Dairy",Contains
Hawaiian Pizza,Pizza dough,None,None,"Pineapple, ham","Wheat, Pork, Dairy",Contains
Caesar Shrimp Skewers,Shrimp,None,Olive oil,Caesar dressing,"Shellfish, Dairy",Contains
Carrot Cake,Carrots,Sugar,Vegetable oil,Cinnamon,"Wheat, Dairy",Contains
Paneer Tikka,Paneer,None,Oil,"Tikka masala, spices",Dairy,Contains
Pesto Pasta Salad,Pasta,None,Pesto sauce,"Tomatoes, vegetables",None,Does not contain
Chicken Curry,Chicken,None,Oil,Curry spices,None,Does not contain
Grilled Portobello Mushroom Burger,Portobello mushrooms,None,None,"Burger bun, vegetables",Wheat,Contains
Stuffed Tomatoes,Tomatoes,None,None,"Herbs, breadcrumbs",None,Does not contain
Chicken Korma,Chicken,None,Ghee,"Creamy sauce, spices",Dairy,Contains
Greek Yogurt,"Yogurt (milk, cultures)",None,None,None,Dairy,Contains
Buffalo Wings,Chicken wings,None,Vegetable oil,Buffalo sauce,None,Does not contain
Garlic Bread,Bread,None,Butter,Garlic,"Wheat, Dairy",Contains
Aloo Paratha,Potatoes,None,Ghee,"Wheat flour, spices",Wheat,Contains
Sushi Bowl,Sushi rice,None,Soy sauce,"Raw fish, vegetables","Fish, Soybeans",Contains
Chicken Caesar Wrap,Chicken,None,Caesar dressing,"Romaine lettuce, Parmesan cheese",Dairy,Contains
Caesar Salad Wrap,Grilled chicken,None,Caesar dressing,"Lettuce, Parmesan cheese",Dairy,Contains
Caprese Skewers,Tomatoes,None,Olive oil,"Mozzarella cheese, basil",Dairy,Contains
Spaghetti Bolognese,Ground beef,Sugar,Olive oil,Tomato sauce,None,Contains
Oatmeal,Oats,Sugar,Milk,Cinnamon,"Oats, Dairy",Contains
Oatmeal,Oats,Sugar,Milk,Cinnamon,"Oats, Dairy",Contains
Buffalo Wings,Chicken wings,None,Vegetable oil,Buffalo sauce,None,Does not contain
Chicken Alfredo,Chicken,None,Butter,"Cream, Parmesan cheese",Dairy,Contains
Hawaiian Pizza,Pizza dough,None,None,"Pineapple, ham","Wheat, Pork, Dairy",Contains
Vegetable Curry,Mixed vegetables,None,Coconut milk,Curry paste,None,Does not contain
Tuna Salad,Tuna,Mayonnaise,None,"Celery, onion","Fish, Eggs",Contains
Pav Bhaji,Mixed vegetables,None,Butter,"Pav bread, spices",None,Does not contain
Cheddar Cheese,Cheese,None,None,Salt,Dairy,Contains
Sausage and Pepper Pizza,Pizza dough,None,None,"Sausage, bell peppers","Wheat, Dairy",Contains
Kheer,Rice,Sugar,Ghee,"Cardamom, nuts",Dairy,Contains
Almond Cookies,Almonds,Sugar,Butter,Flour,"Almonds, Wheat, Dairy",Contains
Tomato Bruschetta,Tomatoes,None,Olive oil,"Garlic, basil",None,Does not contain
Chicken Caesar Salad,Chicken,None,Caesar dressing,"Romaine lettuce, croutons","Wheat, Dairy",Contains
Greek Moussaka,Eggplant,None,Olive oil,"Ground meat, potatoes",None,Does not contain
Strawberry Smoothie,Strawberries,Sugar,Yogurt,Milk,Dairy,Contains
Caesar Salad Wrap,Romaine lettuce,None,Caesar dressing,"Parmesan cheese, croutons","Wheat, Dairy",Contains
Caesar Salad Wrap,Romaine lettuce,None,Caesar dressing,"Parmesan cheese, croutons","Wheat, Dairy",Contains
Chicken Alfredo Pizza,Pizza dough,None,None,"Chicken, Alfredo sauce","Wheat, Dairy",Contains
Butternut Squash Soup,Butternut squash,None,Butter,Vegetable broth,Dairy,Contains
Chicken Fettuccine Alfredo,Chicken,None,Butter,"Cream, Parmesan cheese",Dairy,Contains
Ratatouille,Vegetables,None,Olive oil,"Herbs, garlic",None,Does not contain
Baked Ziti,Pasta,None,Cheese,Tomato sauce,"Wheat, Dairy",Contains
Avocado Toast,Avocado,None,Olive oil,"Salt, pepper",None,Does not contain
Chole Bhature,Chickpeas,Sugar,Ghee,"Chole masala, spices",None,Does not contain
Chicken Biryani,Chicken,None,Ghee,"Basmati rice, spices",None,Does not contain
Pancakes,Flour,Sugar,Butter,Baking powder,"Wheat, Dairy",Contains
Chana Masala,Chickpeas,None,Oil,Masala spices,None,Does not contain
Butternut Squash Soup,Butternut squash,None,Butter,Vegetable broth,Dairy,Contains
Apple,Apples,None,None,None,None,Does not contain
Vegetable Stir-Fry,Mixed vegetables,None,Vegetable oil,Soy sauce,None,Does not contain
Sausage and Pepper Pizza,Pizza dough,None,None,"Sausage, bell peppers","Wheat, Dairy",Contains
Spinach and Feta Stuffed Chicken,Chicken,None,Olive oil,"Spinach, feta cheese",Dairy,Contains
Mango Salsa,Mango,None,None,"Lime juice, cilantro",None,Does not contain
Vegetable Soup,Mixed vegetables,None,Olive oil,Seasonings,None,Does not contain
Mango Salsa,Mango,None,None,"Lime juice, cilantro",None,Does not contain
Onion Rings,Onions,None,Vegetable oil,Flour,Wheat,Contains
Baked Ziti,Pasta,None,Cheese,Tomato sauce,"Wheat, Dairy",None
Spinach Salad,Spinach,None,Olive oil,Balsamic vinegar,None,Does not contain
Greek Spanakopita,Spinach,None,Olive oil,"Feta cheese, phyllo dough",Dairy,Contains
Pineapple Upside-Down Cake,Pineapple,Sugar,Butter,Flour,"Wheat, Dairy",Contains
Fish Sticks,Fish fillets,None,Vegetable oil,Salt,Fish,Contains
Sushi Bowl,Sushi rice,None,Soy sauce,"Raw fish, vegetables","Fish, Soybeans",Contains
Apple,Apples,None,None,None,None,Does not contain
Honey Mustard Chicken,Chicken,Honey,Olive oil,"Mustard, herbs",None,Does not contain
Ratatouille Tart,Vegetables,None,Olive oil,"Puff pastry, herbs",None,Does not contain
Orange Chicken,Chicken,None,Vegetable oil,Orange sauce,None,Does not contain
Pesto Pizza,Pesto sauce,None,None,"Mozzarella cheese, basil",Dairy,Contains
Chicken Piccata,Chicken,None,Butter,"Lemon, capers","Dairy, Fish",Contains
Chicken Noodle Soup,Chicken broth,None,None,Salt,"Chicken, Wheat, Celery",Contains
Lemonade,Lemon juice,Sugar,Water,None,None,Does not contain
Pesto Chicken,Chicken,None,Pesto sauce,None,None,Does not contain
Gulab Jamun,Milk solids,Sugar,Ghee,Cardamom syrup,Dairy,Contains
Chicken Tikka Masala,Chicken,Sugar,Ghee,"Tomato sauce, cream",Dairy,Contains
Caramel Popcorn,Popcorn,Sugar,Butter,Salt,Dairy,Contains
Margherita Pizza,Pizza dough,None,Olive oil,"Mozzarella cheese, tomatoes, basil",Dairy,Contains
Avocado Toast,Avocado,None,Olive oil,"Salt, pepper",None,Does not contain
Caramelized Onions,Onions,Sugar,Butter,None,None,Does not contain
Veggie Burger,Mixed vegetables,None,Vegetable oil,Seasonings,None,Does not contain
Jalebi,Flour,Sugar,Ghee,Saffron syrup,"Wheat, Dairy",Contains
Pumpkin Pie,Pumpkin,Sugar,Butter,"Pumpkin spice, pastry","Wheat, Dairy",Contains
Berry Parfait,Mixed berries,Sugar,"Yogurt (milk, cultures)",Granola,Dairy,Contains
Beef Burritos,Beef,None,Vegetable oil,Burrito seasoning,None,Does not contain
Margherita Pizza,Pizza dough,None,Olive oil,"Mozzarella cheese, tomatoes, basil",Dairy,Contains
Quiche,Eggs,None,Cheese,Vegetables,"Eggs, Dairy",Contains
Caesar Salad,Romaine lettuce,None,Olive oil,Parmesan cheese,Dairy,Contains
Cucumber Salad,Cucumbers,None,Olive oil,"Vinegar, herbs",None,Does not contain
Beef Chili,Ground beef,None,None,Chili powder,None,Does not contain
Chicken Caesar Salad,Chicken,None,Caesar dressing,"Romaine lettuce, croutons","Wheat, Dairy",Contains
Spinach Stuffed Chicken,Chicken,None,Olive oil,"Spinach, garlic",None,Does not contain
Tofu Stir-Fry,Tofu,None,Vegetable oil,Soy sauce,Soybeans,Contains
Eggplant Parmesan,Eggplant,None,Olive oil,"Marinara sauce, cheese",Dairy,Contains
Tofu Curry,Tofu,None,Coconut milk,Curry paste,None,Does not contain
Quinoa Salad,Quinoa,None,Olive oil,"Lemon juice, vegetables",None,Does not contain
Ratatouille Pasta,Pasta,None,Olive oil,Ratatouille vegetables,None,Does not contain
Fish Sticks,Fish fillets,None,Vegetable oil,Salt,Fish,Contains
Vegetable Soup,Mixed vegetables,None,Olive oil,Seasonings,None,Does not contain
Lemon Dill Salmon,Salmon,None,Olive oil,"Lemon, dill",Fish,Contains
Stuffed Bell Peppers,Bell peppers,None,Olive oil,"Ground meat, rice",None,Does not contain
Malai Kofta,Cottage cheese,None,Ghee,Creamy tomato sauce,Dairy,Contains
Chicken Noodle Soup,Chicken broth,None,None,Salt,"Chicken, Wheat, Celery",Contains
Milk Chocolate,Sugar,Cocoa butter,Milk powder,Vanilla extract,Milk,Contains
Berry Cobbler,Mixed berries,Sugar,Butter,Flour,"Wheat, Dairy",Contains
Chicken Curry,Chicken,None,Vegetable oil,Curry powder,None,Does not contain
Spinach and Feta Stuffed Chicken,Chicken,None,Olive oil,"Spinach, feta cheese",Dairy,Contains
Omelette,Eggs,None,Butter,"Salt, pepper",Eggs,Contains
Mixed Berry Pie,Mixed berries,Sugar,Butter,Flour,"Wheat, Dairy",Contains
Ratatouille,Eggplant,None,Olive oil,Tomatoes,None,Does not contain
Quiche,Eggs,None,Cheese,Vegetables,"Eggs, Dairy",Contains
Chicken Piccata,Chicken,None,Butter,"Lemon, capers",Dairy,Contains
Lentil Curry,Lentils,None,Coconut milk,Curry powder,None,Does not contain
Oatmeal Raisin Cookies,Oats,Sugar,Butter,Flour,"Wheat, Dairy",Contains
Baked Garlic Parmesan Chicken,Chicken,None,Butter,"Parmesan cheese, garlic",Dairy,Contains
Malai Chicken Tikka,Chicken,None,Cream,Spices,Dairy,Contains
Chicken Pot Pie,Chicken,None,Butter,"Vegetables, pastry",Wheat,Contains
Tofu Scramble,Tofu,None,Vegetable oil,"Turmeric, spices",Soybeans,Contains
Caesar Salad Wrap,Grilled chicken,None,Caesar dressing,"Lettuce, Parmesan cheese",Dairy,Contains
Chicken Caesar Salad,Chicken,None,Caesar dressing,"Romaine lettuce, croutons","Wheat, Dairy",Contains
Chicken Shawarma,Chicken,None,Olive oil,Shawarma spices,None,Does not contain
Greek Lemon Potatoes,Potatoes,None,Olive oil,"Lemon juice, herbs",None,Does not contain
French Fries,Potatoes,None,Vegetable oil,Salt,None,Does not contain
Ratatouille Pasta,Pasta,None,Olive oil,Ratatouille vegetables,None,Does not contain
Baked Chicken Wings,Chicken wings,None,Olive oil,Seasonings,None,Does not contain
Chicken Enchiladas,Chicken,None,Vegetable oil,Enchilada sauce,None,Does not contain
Chicken Enchiladas,Chicken,None,Vegetable oil,Enchilada sauce,None,Does not contain
Caesar Salad Wrap,Romaine lettuce,None,Caesar dressing,"Parmesan cheese, croutons","Wheat, Dairy",Contains
S'mores,Graham crackers,Marshmallows,Chocolate,None,"Wheat, Dairy",Contains
Sushi Bowl,Sushi rice,None,Soy sauce,"Raw fish, vegetables","Fish, Soybeans",Contains
Banana Bread,Bananas,Sugar,Butter,"Cinnamon, nuts","Wheat, Dairy, Nuts",Contains
Chocolate Chip Pancakes,Flour,Sugar,Butter,Chocolate chips,"Wheat, Dairy, Cocoa",Contains
Beef Tacos,Ground beef,None,Vegetable oil,Taco seasoning,None,Does not contain
Chicken Noodle Soup,Chicken,None,Vegetable oil,"Noodles, vegetables",None,Does not contain
Chocolate Mousse,Chocolate,Sugar,Heavy cream,Vanilla extract,Dairy,Contains
Carrot Cake,Carrots,Sugar,Vegetable oil,Cinnamon,"Wheat, Dairy",Contains
Pasta Carbonara,Pasta,None,Bacon,"Egg, Parmesan cheese","Wheat, Dairy",Contains
Caprese Sandwich,Tomatoes,None,Olive oil,"Mozzarella cheese, basil",Dairy,Contains
Oatmeal Raisin Cookies,Oats,Sugar,Butter,Flour,"Wheat, Dairy",Contains
Green Smoothie,Spinach,Honey,Avocado,Almond milk,None,Does not contain
Garlic Bread,Bread,None,Butter,Garlic,"Wheat, Dairy",Contains
Chicken Noodle Casserole,Chicken,None,Butter,"Noodles, vegetables",Wheat,Contains
Spinach Salad,Spinach,None,Olive oil,Balsamic vinaigrette,None,Does not contain
Banana Pudding,Bananas,Sugar,Milk,"Vanilla pudding mix, cookies",Dairy,Contains
Tomato Bruschetta,Tomatoes,None,Olive oil,"Garlic, basil",None,Does not contain
Strawberry Smoothie,Strawberries,Sugar,Yogurt,Milk,Dairy,Contains
Spaghetti Bolognese,Ground beef,Sugar,Olive oil,Tomato sauce,None,Contains
Butternut Squash Soup,Butternut squash,None,Butter,Vegetable broth,Dairy,Contains
Sushi Rolls,Sushi rice,None,Soy sauce,"Nori (seaweed), fish","Soybeans, Fish",Contains
Mango Salsa,Mango,None,None,"Red onion, lime",None,Does not contain
Tofu Curry,Tofu,None,Coconut milk,Curry paste,None,Does not contain
Pesto Chicken,Chicken,None,Olive oil,Pesto sauce,"Pine nuts, Dairy",Contains
Spinach Artichoke Dip,Spinach,None,"Cream cheese, sour cream","Parmesan cheese, garlic",Dairy,Contains
Gulab Jamun,Milk solids,Sugar,Ghee,Cardamom syrup,Dairy,Contains
Chocolate Cake,Flour,Sugar,Butter,Cocoa powder,"Wheat, Dairy, Cocoa",Contains
Peanut Butter,Peanuts,Sugar,Vegetable oil,Salt,Peanuts,Contains
Ratatouille,Eggplant,None,Olive oil,"Tomatoes, zucchini",None,Does not contain
Spinach Salad,Spinach,None,Olive oil,Balsamic vinaigrette,None,Does not contain
Pecan Pie,Pecans,Sugar,Butter,Corn syrup,"Wheat, Dairy, Nuts",Contains
Cilantro Lime Chicken,Chicken,None,Olive oil,"Cilantro, lime",None,Does not contain
Chicken Pot Pie,Chicken,None,Butter,"Vegetables, pastry",Wheat,Contains
Quinoa Stuffed Peppers,Quinoa,None,Olive oil,"Vegetables, spices",None,Does not contain
Orange Chicken,Chicken,None,Vegetable oil,Orange sauce,None,Does not contain
Stuffed Bell Peppers,Bell peppers,None,Olive oil,"Ground meat, rice",None,Does not contain
Blueberry Muffins,Blueberries,Sugar,Butter,Flour,"Wheat, Dairy",Contains
Chicken Shawarma,Chicken,None,Olive oil,Shawarma spices,None,Does not contain
Chicken Enchiladas,Chicken,None,Vegetable oil,Enchilada sauce,None,Does not contain
Pumpkin Pie,Pumpkin,Sugar,Butter,"Cinnamon, nutmeg","Wheat, Dairy",Contains
Chicken Piccata,Chicken,None,Butter,"Lemon, capers","Dairy, Fish",Contains
Lemonade,Lemon juice,Sugar,Water,None,None,Does not contain
Cinnamon Rolls,Dough,Sugar,Butter,"Cinnamon, icing","Wheat, Dairy",Contains
Banana Bread,Bananas,Sugar,Butter,"Cinnamon, nuts","Wheat, Dairy, Nuts",Contains
Soy Milk,Soybeans,Sugar,None,Emulsifiers,Soybeans,Contains
Greek Yogurt,"Yogurt (milk, cultures)",Honey,None,None,Dairy,Contains
Baked Salmon,Salmon,None,Olive oil,"Lemon, herbs",Fish,Contains
Chicken Satay,Chicken,None,Peanut butter,Soy sauce,Peanuts,Contains
Chicken Teriyaki,Chicken,None,Vegetable oil,Teriyaki sauce,None,Does not contain
Pesto Chicken,Chicken,None,Olive oil,Pesto sauce,"Pine nuts, Dairy",Contains
Beef Stroganoff,Beef,None,Sour cream,"Mushrooms, onions",Dairy,Contains
Honey Glazed Carrots,Carrots,Honey,Butter,None,None,Does not contain
Tofu Stir-Fry,Tofu,None,Vegetable oil,Soy sauce,Soybeans,Contains
Baked Ziti,Pasta,None,Cheese,Tomato sauce,"Wheat, Dairy",None
Tuna Sandwich,Tuna,Mayonnaise,None,"Salt, Pepper","Fish, Eggs",Contains
Butter Naan,Flour,None,Butter,None,"Wheat, Dairy",Contains
Chicken Enchiladas,Chicken,None,Enchilada sauce,"Cheese, tortillas","Wheat, Dairy",Contains
Spinach Salad,Spinach,None,Olive oil,Balsamic vinaigrette,None,Does not contain
Chicken Parmesan,Chicken,None,"Bread crumbs, Parmesan cheese",Marinara sauce,Dairy,Contains
Stuffed Portobello Mushrooms,Portobello mushrooms,None,None,"Cheese, breadcrumbs",Dairy,Contains
Garlic Bread,Bread,None,Butter,Garlic,"Wheat, Dairy",Contains
Black Bean Soup,Black beans,None,Olive oil,Vegetables,None,Does not contain
Margherita Pizza,Pizza dough,None,Olive oil,"Mozzarella cheese, tomatoes, basil",Dairy,Contains
Lemon Poppy Seed Muffins,Flour,Sugar,Butter,"Lemon zest, poppy seeds","Wheat, Dairy",Contains
Honey Mustard Chicken,Chicken,Honey,Olive oil,"Mustard, herbs",None,Does not contain
Chicken Caesar Salad,Chicken,None,Caesar dressing,"Romaine lettuce, croutons","Wheat, Dairy",Contains
Sushi Rolls,Sushi rice,None,Soy sauce,"Nori (seaweed), fish","Soybeans, Fish",Contains
Mango Salsa,Mango,None,None,"Lime juice, cilantro",None,Does not contain
Minestrone Soup,Vegetables,None,Olive oil,Tomato broth,None,Does not contain
Beef Tacos,Beef,None,Vegetable oil,Taco seasoning,None,Does not contain
Avocado Toast,Avocado,None,Olive oil,"Salt, pepper",None,Does not contain
Vada Pav,Potato,None,Oil,"Pav bun, chutney",None,Does not contain
Chicken Curry,Chicken,None,Oil,Curry spices,None,Does not contain
Margherita Pizza,Cheese,None,None,"Tomato sauce, basil",Dairy,Contains
Caesar Wrap,Grilled chicken,None,Caesar dressing,"Lettuce, Parmesan cheese",Dairy,Contains
Ratatouille,Eggplant,None,Olive oil,"Tomatoes, zucchini",None,Does not contain
Caprese Salad,Tomatoes,None,Olive oil,"Mozzarella cheese, basil",Dairy,Contains
Chicken Enchiladas,Chicken,None,Vegetable oil,Enchilada sauce,None,Does not contain
Pumpkin Pie,Pumpkin,Sugar,Butter,"Cinnamon, nutmeg","Wheat, Dairy",Contains
Tiramisu,Ladyfingers,Sugar,Mascarpone cheese,"Coffee, cocoa","Wheat, Dairy",Contains
Baked Brie,Brie cheese,None,None,"Herbs, nuts","Dairy, Nuts",Contains
Stuffed Tomatoes,Tomatoes,None,None,"Herbs, breadcrumbs",None,Does not contain
Lemon Garlic Chicken,Chicken,None,Olive oil,"Lemon juice, garlic",None,Does not contain
Beef Tacos,Beef,None,Vegetable oil,Taco seasoning,None,Does not contain
Shrimp Scampi,Shrimp,None,Butter,"Garlic, lemon","Shellfish, Dairy",Contains
Pasta Carbonara,Pasta,None,Bacon,"Egg, Parmesan cheese","Wheat, Dairy",Contains
Garlic Bread,Bread,None,Butter,Garlic,"Wheat, Dairy",Contains
Chicken Caesar Salad,Chicken,None,Caesar dressing,"Romaine lettuce, croutons","Wheat, Dairy",Contains
Stuffed Bell Peppers,Bell peppers,None,Olive oil,"Ground meat, rice",None,Does not contain
Garlic Bread,Bread,None,Butter,Garlic,"Wheat, Dairy",Contains
Pesto Pasta Salad,Pasta,None,Pesto sauce,"Tomatoes, vegetables",None,Does not contain
Veggie Burger,Mixed vegetables,None,Vegetable oil,Seasonings,None,Does not contain
Greek Moussaka,Eggplant,None,Olive oil,"Ground meat, potatoes",None,Does not contain
Tandoori Chicken,Chicken,None,Yogurt,Tandoori spices,Dairy,Contains
Beef Stroganoff,Beef,None,Sour cream,"Mushrooms, onions",Dairy,Contains
Apple Crisp,Apples,Sugar,Butter,"Cinnamon, oats","Wheat, Dairy",Contains
Ratatouille Pizza,Pizza dough,None,Olive oil,Ratatouille vegetables,None,Does not contain
Ratatouille Pasta,Pasta,None,Olive oil,Ratatouille vegetables,None,Does not contain
Apple Pie,Apples,Sugar,Butter,"Cinnamon, pastry","Wheat, Dairy",Contains
Dal Makhani,Lentils,None,Ghee,"Cream, spices",Dairy,Contains
Caramelized Onions,Onions,Sugar,Butter,None,None,Does not contain
Mushroom Risotto,Arborio rice,None,Butter,Mushroom,"Wheat, Dairy",Contains
Shrimp Scampi,Shrimp,None,Butter,"Garlic, lemon","Shellfish, Dairy",Contains
Chole Bhature,Chickpeas,Sugar,Ghee,"Chole masala, spices",None,Does not contain
Egg Fried Rice,Eggs,None,Sesame oil,Soy sauce,"Eggs, Soybeans",Contains
Chicken Shawarma,Chicken,None,Olive oil,Shawarma spices,None,Does not contain
Vegetable Lasagna,Vegetables,None,Olive oil,"Tomato sauce, cheese","Wheat, Dairy",Contains
Margherita Pasta,Pasta,None,Olive oil,"Mozzarella cheese, tomatoes, basil",Dairy,Contains
Teriyaki Salmon,Salmon,None,Vegetable oil,Teriyaki sauce,Fish,Contains
Spinach Stuffed Chicken,Chicken,None,Olive oil,"Spinach, garlic",None,Does not contain
Caesar Salad,Romaine lettuce,None,Olive oil,Caesar dressing,Dairy,Contains
Ratatouille,Eggplant,None,Olive oil,Tomatoes,None,Does not contain
Salsa,Tomatoes,None,None,"Onion, cilantro",None,Does not contain
Lemon Garlic Shrimp,Shrimp,None,Olive oil,"Lemon juice, garlic",Shellfish,Contains
Baked Apple,Apples,Sugar,Butter,"Cinnamon, oats","Wheat, Dairy",Contains
Apple,Apples,None,None,None,None,Does not contain
Caprese Salad,Tomatoes,None,Olive oil,"Mozzarella cheese, basil",Dairy,Contains
Greek Gyro Wrap,Lamb,None,None,"Tzatziki sauce, tomatoes, onions",Dairy,Contains
Vegetable Lasagna,Vegetables,None,Olive oil,"Tomato sauce, cheese","Wheat, Dairy",Contains
Chicken Curry,Chicken,None,Vegetable oil,Curry powder,None,Does not contain
Chicken Caesar Wrap,Chicken,None,Caesar dressing,"Romaine lettuce, Parmesan cheese",Dairy,Contains
Ratatouille,Vegetables,None,Olive oil,Herbs,None,Does not contain
Ratatouille Pasta,Pasta,None,Olive oil,Ratatouille vegetables,None,Does not contain
Almond Cookies,Almonds,Sugar,Butter,Flour,"Almonds, Wheat, Dairy",Contains
Mashed Potatoes,Potatoes,None,Butter,"Salt, Pepper",Dairy,Contains
Stuffed Tomatoes,Tomatoes,None,None,"Herbs, breadcrumbs",None,Does not contain
Samosa,Potatoes,None,Ghee,Spices,None,Contains
Stuffed Bell Peppers,Bell peppers,None,Olive oil,"Ground meat, rice",None,Does not contain
Peanut Butter,Peanuts,Sugar,Vegetable oil,Salt,Peanuts,Contains
Dahi Vada,Lentil dumplings,None,Yogurt,"Tamarind chutney, spices",Dairy,Contains
Margherita Pizza,Cheese,None,None,"Tomato sauce, basil",Dairy,Contains
Coconut Curry,Chicken,None,Coconut milk,Curry paste,None,Does not contain
Carrot Cake,Carrots,Sugar,Vegetable oil,Cinnamon,"Wheat, Dairy",Contains
Egg Fried Rice,Eggs,None,Sesame oil,Soy sauce,"Eggs, Soybeans",Contains
Vanilla Ice Cream,Milk,Sugar,Cream,Vanilla extract,Milk,Contains
Pancetta Pasta,Pasta,None,Pancetta,"Garlic, herbs",None,Does not contain
Strawberry Yogurt,"Yogurt (milk, cultures)",Sugar,None,Pectin,"Milk, Strawberries",Contains
Soy Milk,Soybeans,Sugar,None,Emulsifiers,Soybeans,Contains
Dosa,Rice,None,Oil,"Potato masala, chutney",None,Does not contain
Pineapple Upside-Down Cake,Pineapple,Sugar,Butter,Flour,"Wheat, Dairy",Contains
Beef Tacos,Ground beef,None,Vegetable oil,Taco seasoning,None,Does not contain
Beef Stir-Fry,Beef,None,Vegetable oil,Soy sauce,None,Does not contain
Garlic Bread,Bread,None,Butter,Garlic,"Wheat, Dairy",Contains
Vegetable Curry,Mixed vegetables,None,Coconut milk,Curry paste,None,Does not contain
Chicken Caesar Salad,Chicken,None,Caesar dressing,"Romaine lettuce, croutons","Wheat, Dairy",Contains
Banana Bread,Bananas,Sugar,Butter,Flour,"Wheat, Dairy",Contains
Lemon Garlic Shrimp,Shrimp,None,Olive oil,"Lemon juice, garlic",Shellfish,Contains
Lemon Poppy Seed Muffins,Flour,Sugar,Butter,"Lemon zest, poppy seeds","Wheat, Dairy",Contains
Apple Pie,Apples,Sugar,Butter,"Cinnamon, pastry","Wheat, Dairy",Contains
Greek Lemon Potatoes,Potatoes,None,Olive oil,"Lemon juice, herbs",None,Does not contain
Egg Salad Sandwich,Eggs,Mayonnaise,None,"Celery, mustard","Eggs, Mustard",Contains
Beef Tacos,Beef,None,Vegetable oil,Taco seasoning,None,Does not contain
Orange Juice,Oranges,Sugar,None,None,None,Does not contain
Caprese Sandwich,Tomatoes,None,Olive oil,"Mozzarella cheese, basil",Dairy,Contains
Garlic Bread,Bread,None,Butter,Garlic,"Wheat, Dairy",Contains
Greek Lemon Potatoes,Potatoes,None,Olive oil,"Lemon juice, herbs",None,Does not contain
Chole Kulche,Chickpeas,None,Ghee,"Kulcha bread, spices",None,Does not contain
Baked Ziti,Pasta,None,None,"Tomato sauce, cheese","Wheat, Dairy",Contains
Chicken Shawarma,Chicken,None,Olive oil,Shawarma spices,None,Does not contain
Sushi,"Fish (salmon, tuna)",Rice vinegar,Sesame oil,Soy sauce,"Fish, Soybeans",Contains
Aloo Paratha,Potatoes,None,Ghee,"Wheat flour, spices",Wheat,Contains
Baked Salmon,Salmon,None,Olive oil,"Lemon, herbs",Fish,Contains
Banana Pudding,Bananas,Sugar,Milk,"Vanilla pudding mix, cookies",Dairy,Contains
Shrimp Scampi,Shrimp,None,Butter,"Garlic, lemon",Shellfish,Contains
Butter Chicken,Chicken,Sugar,Butter,"Tomato sauce, cream",Dairy,Contains
Minestrone Soup,Vegetables,None,Olive oil,Tomato broth,None,Does not contain
Vanilla Ice Cream,Milk,Sugar,Cream,Vanilla extract,Milk,Contains
Pesto Pasta Salad,Pasta,None,Pesto sauce,"Tomatoes, vegetables",None,Does not contain
Vegetable Biryani,Mixed vegetables,None,Ghee,"Basmati rice, spices",None,Does not contain
French Onion Soup,Onions,None,Butter,"Beef broth, cheese, bread","Dairy, Wheat",Contains
Spinach Salad,Spinach,None,Olive oil,Balsamic vinaigrette,None,Does not contain
Sushi Bowl,Sushi rice,None,Soy sauce,"Raw fish, vegetables","Fish, Soybeans",Contains
Chicken Enchiladas,Chicken,None,Enchilada sauce,"Cheese, tortillas","Wheat, Dairy",Contains
Garlic Shrimp,Shrimp,None,Olive oil,Garlic,Shellfish,Contains
Tomato Soup,Tomatoes,None,None,"Salt, Sugar",None,Does not contain
Spinach Artichoke Dip,Spinach,None,"Cream cheese, sour cream","Parmesan cheese, garlic",Dairy,Contains
Caramelized Onions,Onions,Sugar,Butter,None,None,Does not contain
Chicken Noodle Soup,Chicken,None,Vegetable oil,"Noodles, vegetables",None,Does not contain
Apple Pie,Apples,Sugar,Butter,"Cinnamon, pastry","Wheat, Dairy",Contains
Lemon Poppy Seed Muffins,Flour,Sugar,Butter,"Lemon zest, poppy seeds","Wheat, Dairy",Contains
Orange Juice,Oranges,Sugar,None,None,None,Does not contain
Pesto Pasta Salad,Pasta,None,Pesto sauce,"Tomatoes, vegetables",None,Does not contain
Ratatouille Pasta,Pasta,None,Olive oil,Ratatouille vegetables,None,Does not contain
Chicken Korma,Chicken,None,Ghee,"Creamy sauce, spices",Dairy,Contains
Pancetta Pasta,Pasta,None,Pancetta,"Garlic, herbs",None,Does not contain
Stuffed Mushrooms,Mushrooms,None,None,"Cheese, breadcrumbs",Dairy,Contains
Lemon Dill Salmon,Salmon,None,Olive oil,"Lemon, dill",Fish,Contains
Banana Pudding,Bananas,Sugar,Milk,"Vanilla pudding mix, cookies",Dairy,Contains
Chicken Fettuccine Alfredo,Chicken,None,Butter,"Cream, Parmesan cheese",Dairy,Contains
Greek Salad,Cucumber,None,Olive oil,Lemon juice,None,Does not contain
Lemon Dill Salmon,Salmon,None,Olive oil,"Lemon, dill",Fish,Contains
Coconut Curry,Chicken,None,Coconut milk,Curry paste,None,Does not contain
Apple,Apples,None,None,None,None,Does not contain
Tomato Soup,Tomatoes,None,None,"Salt, Sugar",None,Does not contain
Rabri,Milk,Sugar,Ghee,"Cardamom, nuts",Dairy,Contains
Orange Chicken,Chicken,None,Vegetable oil,Orange sauce,None,Does not contain
Stuffed Cabbage Rolls,Cabbage,None,Olive oil,"Ground meat, rice",None,Does not contain
Cheese Pizza,Cheese,None,None,Tomato sauce,Dairy,Contains
Avocado Toast,Avocado,None,Olive oil,"Salt, pepper",None,Does not contain
Sushi Bowl,Sushi rice,None,Soy sauce,"Raw fish, vegetables","Fish, Soybeans",Contains
Ratatouille,Eggplant,None,Olive oil,Tomatoes,None,Does not contain
Cilantro Lime Chicken,Chicken,None,Olive oil,"Cilantro, lime",None,Does not contain
Beef Stroganoff,Beef,None,Sour cream,"Mushroom, onion",Dairy,Contains
Tofu Stir-Fry,Tofu,None,Vegetable oil,Soy sauce,Soybeans,Contains
Beef Stir-Fry,Beef,None,Vegetable oil,Soy sauce,None,Does not contain
Chicken Biryani,Chicken,None,Ghee,"Basmati rice, spices",None,Does not contain
Caesar Wrap,Grilled chicken,None,Caesar dressing,"Lettuce, Parmesan cheese",Dairy,Contains
Veggie Omelette,Mixed vegetables,None,Olive oil,"Salt, pepper",None,Does not contain
Quinoa Salad,Quinoa,None,Olive oil,"Lemon juice, herbs",None,Does not contain
Miso Soup,Miso paste,None,None,"Tofu, seaweed",Soybeans,Contains
Kheer,Rice,Sugar,Ghee,"Cardamom, nuts",Dairy,Contains
Mango Coconut Popsicles,Mango,Sugar,Coconut milk,None,None,Does not contain
Fish Sticks,Fish fillets,None,Vegetable oil,Salt,Fish,Contains
Garlic Bread,Bread,None,Butter,Garlic,"Wheat, Dairy",Contains
Berry Cobbler,Mixed berries,Sugar,Butter,Flour,"Wheat, Dairy",Contains
Egg Salad Sandwich,Eggs,Mayonnaise,None,"Celery, mustard","Eggs, Mustard",Contains
Honey Mustard Chicken,Chicken breast,Honey,Mustard,Vegetable oil,None,Contains
Rasmalai,Paneer,Sugar,"Milk, Ghee","Cardamom, nuts",Dairy,Contains
Chicken Korma,Chicken,None,Ghee,"Creamy sauce, spices",Dairy,Contains
Chicken Satay,Chicken,None,Peanut oil,"Satay sauce, spices",Peanuts,Contains
Chicken Alfredo Pizza,Pizza dough,None,None,"Chicken, Alfredo sauce","Wheat, Dairy",Contains
Tandoori Chicken,Chicken,None,Yogurt,Tandoori spices,Dairy,Contains
Lemon Poppy Seed Muffins,Flour,Sugar,Butter,"Lemon zest, poppy seeds","Wheat, Dairy",Contains
Caprese Sandwich,Tomatoes,None,Olive oil,"Mozzarella cheese, basil",Dairy,Contains
Greek Lemon Chicken,Chicken,None,Olive oil,"Lemon juice, herbs",None,Does not contain
Quinoa Salad,Quinoa,None,Olive oil,"Lemon juice, herbs",None,Does not contain
Tofu Scramble,Tofu,None,Vegetable oil,"Turmeric, spices",Soybeans,Contains
Quinoa Stuffed Peppers,Quinoa,None,Olive oil,"Vegetables, spices",None,Does not contain
Sweet and Sour Chicken,Chicken,Sugar,Vegetable oil,"Pineapple, bell peppers",None,Does not contain
Quinoa Stuffed Peppers,Quinoa,None,Olive oil,"Vegetables, spices",None,Does not contain
Lobster Bisque,Lobster,None,Butter,"Cream, brandy","Shellfish, Dairy",Contains
Salsa,Tomatoes,None,None,"Onion, cilantro",None,Does not contain
Beef Chili,Ground beef,None,None,Chili powder,None,Does not contain
Tofu Stir-Fry,Tofu,None,Vegetable oil,Soy sauce,Soybeans,Contains
Chicken Satay,Chicken,None,Peanut butter,Soy sauce,Peanuts,Contains
Lemon Garlic Shrimp,Shrimp,None,Olive oil,"Lemon juice, garlic",Shellfish,Contains
Spinach Artichoke Dip,Spinach,None,"Cream cheese, sour cream","Parmesan cheese, garlic",Dairy,Contains
Chicken Piccata,Chicken,None,Butter,"Lemon, capers",Dairy,Contains
Buffalo Wings,Chicken wings,None,Vegetable oil,Buffalo sauce,None,Does not contain
Greek Salad,Cucumbers,None,Olive oil,"Feta cheese, olives",Dairy,Contains
Pesto Pasta Salad,Pasta,None,Pesto sauce,"Tomatoes, vegetables",None,Does not contain
Caesar Wrap,Grilled chicken,None,Caesar dressing,"Lettuce, Parmesan cheese",Dairy,Contains
Peanut Butter,Peanuts,Sugar,Vegetable oil,Salt,Peanuts,Contains
Mushroom Risotto,Mushrooms,None,Butter,"Arborio rice, Parmesan cheese",Dairy,Contains
Chicken Pot Pie,Chicken,None,Butter,"Vegetables, pastry",Wheat,Contains
Ratatouille Pasta,Pasta,None,Olive oil,Ratatouille vegetables,None,Does not contain
Baked Salmon,Salmon,None,Olive oil,"Lemon, herbs",Fish,Contains
Cilantro Lime Chicken,Chicken,None,Olive oil,"Cilantro, lime",None,Does not contain
Stuffed Tomatoes,Tomatoes,None,None,"Herbs, breadcrumbs",None,Does not contain
Tiramisu,Ladyfingers,Sugar,"Mascarpone cheese, coffee liqueur",Cocoa powder,"Wheat, Dairy, Alcohol",Contains
Mango Coconut Popsicles,Mango,Sugar,Coconut milk,None,None,Does not contain
Rajma Chawal,Kidney beans,None,Ghee,Spices,None,Contains
Grilled Portobello Mushroom Burger,Portobello mushrooms,None,None,"Burger bun, vegetables",Wheat,Contains
Baked Chicken Wings,Chicken wings,None,Olive oil,Seasonings,None,Does not contain
Chicken Noodle Soup,Chicken broth,None,None,Salt,"Chicken, Wheat, Celery",Contains
Chicken Noodle Soup,Chicken broth,None,None,Salt,"Chicken, Wheat, Celery",Contains
Spinach Artichoke Dip,Spinach,None,"Cream cheese, sour cream","Parmesan cheese, garlic",Dairy,Contains
Chicken Fajitas,Chicken,None,Vegetable oil,Fajita seasoning,None,Does not contain
Chicken Noodle Soup,Chicken broth,None,None,Salt,"Chicken, Wheat, Celery",Contains
Chicken Alfredo Pizza,Pizza dough,None,None,"Chicken, Alfredo sauce","Wheat, Dairy",Contains
Margherita Pizza,Cheese,None,None,"Tomato sauce, basil",Dairy,Contains
Chicken Enchiladas,Chicken,None,Enchilada sauce,"Cheese, tortillas","Wheat, Dairy",Contains
Pesto Chicken,Chicken,None,Olive oil,Pesto sauce,"Pine nuts, Dairy",Contains
Zucchini Bread,Zucchini,Sugar,Butter,"Cinnamon, nuts","Wheat, Dairy, Nuts",Contains
Chicken Enchiladas,Chicken,None,Enchilada sauce,"Cheese, tortillas","Wheat, Dairy",Contains
Salsa,Tomatoes,None,None,"Onion, cilantro",None,Does not contain
Pani Puri,Semolina,Tamarind,None,"Spiced water, chutney",None,Does not contain
Apple Cider,Apples,Sugar,None,Cinnamon,None,Does not contain
Stuffed Tomatoes,Tomatoes,None,None,"Herbs, breadcrumbs",None,Does not contain
Chicken Caesar Wrap,Chicken,None,Caesar dressing,"Romaine lettuce, Parmesan cheese",Dairy,Contains
Chicken Fajitas,Chicken,None,Vegetable oil,Fajita seasoning,None,Does not contain
Margherita Pizza,Pizza dough,None,Olive oil,"Mozzarella cheese, tomatoes, basil",Dairy,Contains
Mango Coconut Popsicles,Mango,Sugar,Coconut milk,None,None,Does not contain
Lemon Garlic Chicken,Chicken,None,Olive oil,"Lemon juice, garlic",None,Does not contain
Baked Ziti,Pasta,None,Cheese,Tomato sauce,"Wheat, Dairy",None
Beef Burritos,Beef,None,Vegetable oil,Burrito seasoning,None,Does not contain
Pancakes,Flour,Sugar,Butter,Baking powder,"Wheat, Dairy",Contains
Pancakes,Flour,Sugar,Butter,Baking powder,"Wheat, Dairy",Contains
Tandoori Chicken,Chicken,None,Yogurt,Tandoori spices,Dairy,Contains
Blueberry Muffins,Flour,Sugar,Butter,Blueberries,"Wheat, Dairy",Contains
Garlic Shrimp,Shrimp,None,Olive oil,Garlic,Shellfish,Contains
Lemonade,Lemon juice,Sugar,Water,None,None,Does not contain
Egg Salad,Eggs,Mayonnaise,None,"Celery, onion",Eggs,Contains
Garlic Bread,Bread,None,Butter,Garlic,"Wheat, Dairy",Contains
Mutton Biryani,Mutton,None,Ghee,"Basmati rice, spices",None,Does not contain
Apple Cider,Apples,Sugar,None,Cinnamon,None,Does not contain
Pesto Pasta,Pasta,None,Olive oil,"Basil, garlic",None,Does not contain
Chocolate Mousse,Chocolate,Sugar,Heavy cream,Vanilla extract,Dairy,Contains
Beef Burger,Ground beef,None,Vegetable oil,"Salt, Pepper",None,Does not contain
Spinach Salad,Spinach,None,Olive oil,Balsamic vinegar,None,Does not contain
Ratatouille Pasta,Pasta,None,Olive oil,Ratatouille vegetables,None,Does not contain
Spinach and Feta Stuffed Chicken,Chicken,None,Olive oil,"Spinach, feta cheese",Dairy,Contains
Lobster Roll,Lobster,None,Mayonnaise,"Celery, lemon juice","Shellfish, Eggs",Contains
Tiramisu,Ladyfingers,Sugar,Mascarpone cheese,"Coffee, cocoa","Wheat, Dairy",Contains
Baked Chicken Wings,Chicken wings,None,Olive oil,Seasonings,None,Does not contain
Dosa,Rice,None,Oil,"Potato masala, chutney",None,Does not contain
Chicken Satay,Chicken,None,Peanut oil,"Satay sauce, spices",Peanuts,Contains
Spinach Artichoke Dip,Spinach,None,"Cream cheese, sour cream","Parmesan cheese, garlic",Dairy,Contains
Wheat Bread,Wheat flour,None,None,Salt,Wheat,Contains
Chicken Korma,Chicken,None,Ghee,"Creamy sauce, spices",Dairy,Contains
Gazpacho,Tomatoes,None,Olive oil,"Garlic, herbs",None,Does not contain
Prawn Curry,Prawns,None,Coconut milk,Curry spices,"Shellfish, Dairy",Contains
Raspberry Cheesecake,Cream cheese,Sugar,Butter,"Graham cracker crust, raspberries","Wheat, Dairy",Contains
Chicken Teriyaki,Chicken,None,Vegetable oil,Teriyaki sauce,None,Does not contain
Margherita Pasta,Pasta,None,Olive oil,"Fresh tomatoes, mozzarella",Dairy,Contains
Aloo Gobi,Potatoes,None,Oil,"Cauliflower, spices",None,Does not contain
Garlic Bread,Bread,None,Butter,Garlic,"Wheat, Dairy",Contains
Sweet Potato Fries,Sweet potatoes,None,Vegetable oil,"Salt, paprika",None,Does not contain
Chocolate Chip Cookies,Flour,Sugar,Butter,Chocolate chips,"Wheat, Dairy",Contains
Vegetable Lasagna,Vegetables,None,Olive oil,"Tomato sauce, cheese","Wheat, Dairy",Contains
Mutton Biryani,Mutton,None,Ghee,"Basmati rice, spices",None,Does not contain
Veggie Burger,Mixed vegetables,None,Vegetable oil,Seasonings,None,Does not contain
Malabar Fish Curry,Fish,None,Coconut oil,"Tamarind, spices","Fish, Coconut",Contains
Baked Salmon,Salmon,None,Olive oil,"Lemon, herbs",Fish,Contains
Chicken Piccata,Chicken,None,Butter,"Lemon, capers","Dairy, Fish",Contains
Chicken Pot Pie,Chicken,None,Butter,"Vegetables, pastry",Wheat,Contains
Caesar Salad Wrap,Romaine lettuce,None,Caesar dressing,"Parmesan cheese, croutons","Wheat, Dairy",Contains
Cinnamon Rolls,Dough,Sugar,Butter,"Cinnamon, icing","Wheat, Dairy",Contains
Apple Cider,Apples,Sugar,None,Cinnamon,None,Does not contain
Honey Soy Glazed Salmon,Salmon,Honey,Soy sauce,"Garlic, ginger","Fish, Soybeans",Contains
Berry Parfait,Mixed berries,Sugar,"Yogurt (milk, cultures)",Granola,Dairy,Contains
Honey Soy Glazed Salmon,Salmon,Honey,Soy sauce,"Garlic, ginger","Fish, Soybeans",Contains
Garlic Bread,Bread,None,Butter,Garlic,"Wheat, Dairy",Contains
Greek Gyro Wrap,Lamb,None,None,"Tzatziki sauce, tomatoes, onions",Dairy,Contains
Cinnamon Rolls,Dough,Sugar,Butter,"Cinnamon, icing","Wheat, Dairy",Contains
Mango Coconut Popsicles,Mango,Sugar,Coconut milk,None,None,Does not contain
Spinach Salad,Spinach,None,Olive oil,Balsamic vinaigrette,None,Does not contain
Greek Lemon Chicken,Chicken,None,Olive oil,"Lemon juice, herbs",None,Does not contain
Baked Salmon,Salmon,None,Olive oil,"Lemon, herbs",Fish,Contains
Ratatouille,Eggplant,None,Olive oil,Tomatoes,None,Does not contain
Zucchini Noodles,Zucchini,None,Olive oil,"Garlic, herbs",None,Does not contain
Grilled Portobello Mushroom Burger,Portobello mushrooms,None,None,"Burger bun, vegetables",Wheat,Contains
Vanilla Cupcakes,Flour,Sugar,Butter,Vanilla extract,"Wheat, Dairy",Contains
Milk Chocolate,Sugar,Cocoa butter,Milk powder,Vanilla extract,Milk,Contains
Zucchini Bread,Zucchini,Sugar,Butter,"Cinnamon, nuts","Wheat, Dairy, Nuts",Contains
Chicken Noodle Soup,Chicken broth,None,None,Salt,"Chicken, Wheat, Celery",Contains
Mushroom and Goat Cheese Flatbread,Mushrooms,None,Olive oil,"Goat cheese, herbs",Dairy,Contains
Apple Crisp,Apples,Sugar,Butter,"Cinnamon, oats","Wheat, Dairy",Contains
Avocado Toast,Avocado,None,Olive oil,"Salt, pepper",None,Does not contain
Tomato Soup,Tomatoes,None,None,"Salt, Sugar",None,Does not contain
Veggie Omelette,Mixed vegetables,None,Olive oil,"Salt, pepper",None,Does not contain
Strawberry Smoothie,Strawberries,Sugar,Yogurt,Milk,Dairy,Contains
Ratatouille,Eggplant,None,Olive oil,Tomatoes,None,Does not contain
Stuffed Portobello Mushrooms,Portobello mushrooms,None,None,"Cheese, breadcrumbs",Dairy,Contains
Strawberry Smoothie,Strawberries,Sugar,Yogurt,Milk,Dairy,Contains
Baked Garlic Parmesan Chicken,Chicken,None,Butter,"Parmesan cheese, garlic",Dairy,Contains
Raspberry Cheesecake,Cream cheese,Sugar,Butter,"Graham cracker crust, raspberries","Wheat, Dairy",Contains
Spinach Stuffed Chicken,Chicken,None,Olive oil,"Spinach, garlic",None,Does not contain
Lemon Bars,Lemon juice,Sugar,Butter,"Flour, eggs","Wheat, Dairy, Eggs",Contains
Mango Coconut Popsicles,Mango,Sugar,Coconut milk,None,None,Does not contain
Baked Chicken Wings,Chicken wings,None,Olive oil,Seasonings,None,Does not contain
Chicken Curry,Chicken,None,Coconut milk,Curry powder,None,Does not contain
Pav Bhaji,Mixed vegetables,None,Butter,"Pav bread, spices",None,Does not contain
Pesto Pasta Salad,Pasta,None,Pesto sauce,"Tomatoes, vegetables",None,Does not contain
Vegetable Biryani,Mixed vegetables,None,Ghee,"Basmati rice, spices",None,Does not contain
Beef Burritos,Beef,None,Vegetable oil,Burrito seasoning,None,Does not contain
Chicken Caesar Salad,Chicken,None,Caesar dressing,"Romaine lettuce, croutons","Wheat, Dairy",Contains
Chana Masala,Chickpeas,None,Oil,Masala spices,None,Does not contain
Beef Stir-Fry,Beef,None,Vegetable oil,Soy sauce,None,Does not contain
Chocolate Chip Pancakes,Flour,Sugar,Butter,Chocolate chips,"Wheat, Dairy, Cocoa",Contains
Vanilla Cupcakes,Flour,Sugar,Butter,Vanilla extract,"Wheat, Dairy",Contains
Bacon-Wrapped Shrimp,Shrimp,None,Bacon,Seasonings,"Shellfish, Pork",Contains
Caprese Skewers,Tomatoes,None,Olive oil,"Mozzarella cheese, basil",Dairy,Contains
Cabbage Rolls,Cabbage,None,Olive oil,"Ground meat, rice",None,Does not contain
Chicken Stir-Fry,Chicken,None,Vegetable oil,Soy sauce,None,Does not contain
Beef Wellington,Beef,None,Butter,"Mushrooms, puff pastry","Wheat, Dairy",Contains
Chocolate Cake,Flour,Sugar,Butter,Cocoa powder,"Wheat, Dairy, Cocoa",Contains
Greek Lemon Potatoes,Potatoes,None,Olive oil,"Lemon juice, herbs",None,Does not contain
Chicken Alfredo,Chicken,None,Butter,"Cream, Parmesan cheese",Dairy,Contains
Rice Pudding,Rice,Sugar,Milk,"Cinnamon, raisins","Rice, Dairy",Contains
Dosa,Rice,None,Oil,"Potato masala, chutney",None,Does not contain
Lemon Garlic Shrimp,Shrimp,None,Olive oil,"Lemon juice, garlic",Shellfish,Contains
Apple Crisp,Apples,Sugar,Butter,"Cinnamon, oats","Wheat, Dairy",Contains
Hyderabadi Biryani,Basmati rice,None,Ghee,"Meat/vegetables, spices",None,Does not contain
Orange Juice,Oranges,Sugar,None,None,None,Does not contain
Beef Wellington,Beef,None,Butter,"Mushrooms, puff pastry","Wheat, Dairy",Contains
Baked Brie,Brie cheese,None,None,"Herbs, nuts","Dairy, Nuts",Contains
Sushi,"Fish (salmon, tuna)",Rice vinegar,Sesame oil,Soy sauce,"Fish, Soybeans",Contains
Caesar Salad Wrap,Romaine lettuce,None,Caesar dressing,"Parmesan cheese, croutons","Wheat, Dairy",Contains
Garlic Bread,Bread,None,Butter,Garlic,"Wheat, Dairy",Contains
Sweet Potato Casserole,Sweet potatoes,Brown sugar,Butter,"Cinnamon, nutmeg","Dairy, Nuts",Contains
Spinach and Feta Stuffed Chicken,Chicken,None,Olive oil,"Spinach, feta cheese",Dairy,Contains
Pesto Chicken,Chicken,None,Olive oil,Pesto sauce,"Pine nuts, Dairy",Contains
Mango Coconut Popsicles,Mango,Sugar,Coconut milk,None,None,Does not contain
Chicken Parmesan,Chicken,None,Olive oil,"Tomato sauce, cheese","Wheat, Dairy",Contains
Orange Chicken,Chicken,None,Vegetable oil,Orange sauce,None,Does not contain
Gulab Jamun,Milk solids,Sugar,Ghee,Cardamom syrup,Dairy,Contains
Pumpkin Pie,Pumpkin,Sugar,Butter,"Cinnamon, nutmeg","Wheat, Dairy",Contains
Tandoori Chicken,Chicken,None,Yogurt,Tandoori spices,Dairy,Contains
Chocolate Cake,Flour,Sugar,Butter,Cocoa powder,"Wheat, Dairy, Cocoa",Contains
Pasta Carbonara,Pasta,None,Bacon,"Egg, Parmesan cheese","Wheat, Dairy",Contains
S'mores,Graham crackers,Marshmallows,Chocolate,None,"Wheat, Dairy",Contains
Cucumber Salad,Cucumbers,None,Olive oil,"Vinegar, herbs",None,Does not contain
Tiramisu,Ladyfingers,Sugar,"Mascarpone cheese, coffee liqueur",Cocoa powder,"Wheat, Dairy, Alcohol",Contains
Beef Burritos,Ground beef,None,Vegetable oil,Taco seasoning,None,Does not contain
Spinach Salad,Spinach,None,Olive oil,Balsamic vinaigrette,None,Does not contain
Tofu Curry,Tofu,None,Coconut milk,Curry paste,None,Does not contain
Spinach Stuffed Chicken,Chicken,None,Olive oil,"Spinach, garlic",None,Does not contain
Pumpkin Soup,Pumpkin,None,Butter,"Nutmeg, cream",Dairy,Contains
Butternut Squash Soup,Butternut squash,None,Butter,Vegetable broth,Dairy,Contains
Margherita Pizza,Cheese,None,None,"Tomato sauce, basil",Dairy,Contains
Fruit Salad,Mixed fruits,Sugar,None,Lemon juice,None,Does not contain
Fish Sticks,Fish fillets,None,Vegetable oil,Salt,Fish,Contains
Baked Ziti,Pasta,None,Cheese,Tomato sauce,"Wheat, Dairy",None
Butternut Squash Soup,Butternut squash,None,Butter,"Nutmeg, cream",Dairy,Contains
Quiche Lorraine,Bacon,None,Heavy cream,"Cheese, eggs","Dairy, Eggs",Contains
Biryani,Rice,None,Ghee,"Biryani masala, spices",None,Does not contain
Tiramisu,Ladyfingers,Sugar,"Mascarpone cheese, coffee liqueur",Cocoa powder,"Wheat, Dairy, Alcohol",Contains
Chicken Caesar Wrap,Chicken,None,Caesar dressing,"Romaine lettuce, Parmesan cheese",Dairy,Contains
Ratatouille Pasta,Pasta,None,Olive oil,Ratatouille vegetables,None,Does not contain
Chocolate Chip Cookies,Flour,Sugar,Butter,Chocolate chips,"Wheat, Dairy",Contains
Chicken Curry,Chicken,None,Coconut milk,Curry powder,None,Does not contain
Paniyaram,Fermented batter,None,Oil,"Mustard seeds, curry leaves",None,Does not contain
Greek Yogurt,"Yogurt (milk, cultures)",Honey,None,None,Dairy,Contains
Oatmeal Raisin Cookies,Oats,Sugar,Butter,Flour,"Wheat, Dairy",Contains
Ratatouille Pasta,Pasta,None,Olive oil,Ratatouille vegetables,None,Does not contain
Minestrone Soup,Vegetables,None,Olive oil,Tomato broth,None,Does not contain
Cinnamon Rolls,Dough,Sugar,Butter,"Cinnamon, icing","Wheat, Dairy",Contains
Quinoa Salad,Quinoa,None,Olive oil,"Lemon juice, vegetables",None,Does not contain
Baked Salmon,Salmon fillet,None,Olive oil,"Lemon, herbs",Fish,Contains
Gobi Manchurian,Cauliflower,None,Oil,Manchurian sauce,None,Does not contain
Mango Salsa,Mango,None,None,"Lime juice, cilantro",None,Does not contain
Tiramisu,Ladyfingers,Sugar,"Mascarpone cheese, coffee liqueur",Cocoa powder,"Wheat, Dairy, Alcohol",Contains
Samosa,Potatoes,None,Ghee,Spices,None,Contains
Chicken Caesar Salad,Chicken,None,Caesar dressing,"Romaine lettuce, croutons","Wheat, Dairy",Contains
Baked Salmon,Salmon,None,Olive oil,"Lemon, herbs",Fish,Contains
Strawberry Spinach Salad,Spinach,None,None,"Strawberries, vinaigrette",None,Does not contain
Honey Glazed Carrots,Carrots,Honey,Butter,None,None,Does not contain
Teriyaki Salmon,Salmon,None,Vegetable oil,Teriyaki sauce,Fish,Contains
Blueberry Pancakes,Flour,Sugar,Butter,Blueberries,"Wheat, Dairy",Contains
Chicken Korma,Chicken,None,Ghee,"Creamy sauce, spices",Dairy,Contains
Chicken Pot Pie,Chicken,None,Butter,"Vegetables, pastry",Wheat,Contains
Banana Bread,Bananas,Sugar,Butter,"Cinnamon, nuts","Wheat, Dairy, Nuts",Contains
Tofu Curry,Tofu,None,Coconut milk,Curry paste,None,Does not contain
Honey Mustard Chicken,Chicken,Honey,Olive oil,"Mustard, herbs",None,Does not contain
Beef Wellington,Beef,None,Butter,"Mushrooms, puff pastry","Wheat, Dairy",Contains
Beef Stir-Fry,Beef,None,Vegetable oil,Soy sauce,None,Does not contain
Caesar Wrap,Grilled chicken,None,Caesar dressing,"Lettuce, Parmesan cheese",Dairy,Contains
Chicken Tikka Masala,Chicken,None,Ghee,Tikka masala sauce,"Dairy, Ghee",Contains
Pumpkin Pie,Pumpkin,Sugar,Butter,"Pumpkin spice, pastry","Wheat, Dairy",Contains
Tomato Soup,Tomatoes,None,None,"Salt, Sugar",None,Does not contain
Butter Naan,Flour,None,Butter,None,"Wheat, Dairy",Contains
Peanut Butter,Peanuts,Sugar,Vegetable oil,Salt,Peanuts,Contains
Malabar Fish Curry,Fish,None,Coconut oil,"Tamarind, spices","Fish, Coconut",Contains
Cinnamon Rolls,Flour,Sugar,Butter,Cinnamon,"Wheat, Dairy",Contains
Orange Chicken,Chicken,None,Vegetable oil,Orange sauce,None,Does not contain
Matar Paneer,Paneer,None,Ghee,"Peas, spices",Dairy,Contains
Beef Wellington,Beef,None,Butter,"Mushrooms, puff pastry","Wheat, Dairy",Contains
Honey Glazed Carrots,Carrots,Honey,Butter,None,None,Does not contain
Vegetable Soup,Mixed vegetables,None,Olive oil,Seasonings,None,Does not contain
Beef Tacos,Ground beef,None,Vegetable oil,Taco seasoning,None,Does not contain
Caesar Salad,Romaine lettuce,None,Olive oil,Parmesan cheese,Dairy,Contains
Pesto Chicken,Chicken,None,Olive oil,Pesto sauce,"Pine nuts, Dairy",Contains
Avocado Toast,Avocado,None,Olive oil,"Salt, pepper",None,Does not contain
Lemonade,Lemon juice,Sugar,Water,None,None,Does not contain
Ratatouille Tart,Vegetables,None,Olive oil,"Puff pastry, herbs",None,Does not contain
Vegetable Soup,Mixed vegetables,None,Olive oil,Seasonings,None,Does not contain
Caesar Salad,Romaine lettuce,None,Olive oil,Caesar dressing,Dairy,Contains
Greek Lemon Potatoes,Potatoes,None,Olive oil,"Lemon juice, herbs",None,Does not contain
Chicken Enchiladas,Chicken,None,Enchilada sauce,"Cheese, tortillas","Wheat, Dairy",Contains
Mushroom Risotto,Arborio rice,None,Butter,Mushroom,"Wheat, Dairy",Contains
Chocolate Chip Pancakes,Flour,Sugar,Butter,Chocolate chips,"Wheat, Dairy, Cocoa",Contains
Chocolate Mousse,Chocolate,Sugar,Heavy cream,Vanilla extract,"Dairy, Cocoa",Contains
Peanut Butter,Peanuts,Sugar,Vegetable oil,Salt,Peanuts,Contains
Mashed Potatoes,Potatoes,None,Butter,"Salt, Pepper",Dairy,Contains
Jalebi,Flour,Sugar,Ghee,Saffron syrup,"Wheat, Dairy",Contains
Honey Glazed Carrots,Carrots,Honey,Butter,None,None,Does not contain
Dahi Vada,Lentil dumplings,None,Yogurt,"Tamarind chutney, spices",Dairy,Contains
Beef Tacos,Ground beef,None,Vegetable oil,Taco seasoning,None,Does not contain
Caesar Shrimp Skewers,Shrimp,None,Olive oil,Caesar dressing,"Shellfish, Dairy",Contains
Chicken Curry,Chicken,None,Oil,Curry spices,None,Does not contain
Malai Kofta,Cottage cheese,None,Ghee,Creamy tomato sauce,Dairy,Contains
Spinach Salad,Spinach,None,Olive oil,Balsamic vinaigrette,None,Does not contain
Chicken Stir-Fry,Chicken,None,Vegetable oil,Soy sauce,None,Does not contain
Teriyaki Salmon,Salmon,None,Vegetable oil,Teriyaki sauce,Fish,Contains
Caesar Salad Wrap,Romaine lettuce,None,Caesar dressing,"Parmesan cheese, croutons","Wheat, Dairy",Contains
Margherita Pizza,Cheese,None,None,"Tomato sauce, basil",Dairy,Contains
Chicken Noodle Soup,Chicken,None,Vegetable oil,"Noodles, vegetables",None,Does not contain
Ratatouille,Eggplant,None,Olive oil,"Tomatoes, zucchini",None,Does not contain
Garlic Bread,Bread,None,Butter,Garlic,"Wheat, Dairy",Contains
Rogan Josh,Lamb,None,Ghee,"Yogurt, Kashmiri red chili",Dairy,Contains
Lemon Bars,Lemon juice,Sugar,Butter,"Flour, eggs","Wheat, Dairy, Eggs",Contains
Baked Ziti,Pasta,None,None,"Tomato sauce, cheese","Wheat, Dairy",Contains
Prawn Biryani,Prawns,None,Ghee,"Basmati rice, spices",Shellfish,Contains
Chocolate Mousse,Chocolate,Sugar,Heavy cream,Vanilla extract,Dairy,Contains
Zucchini Noodles,Zucchini,None,Olive oil,"Garlic, herbs",None,Does not contain
Strawberry Smoothie,Strawberries,Honey,"Yogurt (milk, cultures)",None,Dairy,Contains
Peanut Butter,Peanuts,Sugar,Vegetable oil,Salt,Peanuts,Contains
Stuffed Mushrooms,Mushrooms,None,None,"Garlic, herbs",None,Does not contain
Pani Puri,Semolina,Tamarind,None,"Spiced water, chutney",None,Does not contain
Caesar Wrap,Grilled chicken,None,Caesar dressing,"Lettuce, Parmesan cheese",Dairy,Contains
Baked Salmon,Salmon,None,Olive oil,"Lemon, herbs",Fish,Contains
Baked Ziti,Pasta,None,Cheese,Tomato sauce,"Wheat, Dairy",Contains
Pancake Stack,Flour,Sugar,Butter,Maple syrup,"Wheat, Dairy",Contains
Avocado Toast,Avocado,None,Olive oil,"Salt, pepper",None,Does not contain
Apple Cider,Apples,Sugar,None,Cinnamon,None,Does not contain
Chicken Curry,Chicken,None,Coconut milk,Curry powder,None,Does not contain
Strawberry Smoothie,Strawberries,Sugar,Yogurt,Milk,Dairy,Contains
Raspberry Cheesecake,Cream cheese,Sugar,Butter,"Graham cracker crust, raspberries","Wheat, Dairy",Contains
Banana Bread,Bananas,Sugar,Butter,Flour,"Wheat, Dairy",Contains
Spinach Salad,Spinach,None,Olive oil,Balsamic vinaigrette,None,Does not contain
Honey Glazed Carrots,Carrots,Honey,Butter,None,None,Does not contain
Chole Kulche,Chickpeas,None,Ghee,"Kulcha bread, spices",None,Does not contain
Strawberry Spinach Salad,Spinach,None,None,"Strawberries, vinaigrette",None,Does not contain
Fruit Salad,Mixed fruits,Sugar,None,Lemon juice,None,Does not contain
Spinach Salad,Spinach,None,Olive oil,Balsamic vinaigrette,None,Does not contain
Chicken Alfredo Pizza,Pizza dough,None,None,"Chicken, Alfredo sauce","Wheat, Dairy",Contains
Beef Stroganoff,Beef,None,Sour cream,"Mushroom, onion",Dairy,Contains
Vegetable Lasagna,Vegetables,None,Olive oil,"Tomato sauce, cheese","Wheat, Dairy",Contains
Quinoa Salad,Quinoa,None,Olive oil,"Lemon juice, vegetables",None,Does not contain
Chicken Pot Pie,Chicken,None,Butter,"Vegetables, pastry",Wheat,Contains
Baked Garlic Parmesan Chicken,Chicken,None,Butter,"Parmesan cheese, garlic",Dairy,Contains
Pesto Chicken,Chicken,None,Olive oil,Pesto sauce,"Pine nuts, Dairy",Contains
Caramelized Onions,Onions,Sugar,Butter,None,None,Does not contain
Onion Rings,Onions,None,Vegetable oil,Flour,Wheat,Contains
Spaghetti Bolognese,Ground beef,Sugar,Olive oil,Tomato sauce,None,Contains
Honey Soy Glazed Salmon,Salmon,Honey,Soy sauce,"Garlic, ginger","Fish, Soybeans",Contains
Beef Stir-Fry,Beef,None,Vegetable oil,Soy sauce,None,Does not contain
Sausage and Pepper Pizza,Pizza dough,None,None,"Sausage, bell peppers","Wheat, Dairy",Contains
Stuffed Cabbage Rolls,Cabbage,None,Olive oil,"Ground meat, rice",None,Does not contain
Pesto Chicken,Chicken,None,Pesto sauce,None,None,Does not contain
Spinach Artichoke Dip,Spinach,None,"Cream cheese, sour cream","Parmesan cheese, garlic",Dairy,Contains
Avocado Toast,Avocado,None,Olive oil,"Salt, pepper",None,Does not contain
Rice Pudding,Rice,Sugar,Milk,"Cinnamon, raisins","Rice, Dairy",Contains
Chole Kulche,Chickpeas,None,Ghee,"Kulcha bread, spices",None,Does not contain
Lemon Garlic Shrimp,Shrimp,None,Olive oil,"Lemon juice, garlic",Shellfish,Contains
Chicken Shawarma,Chicken,None,Olive oil,Shawarma seasoning,None,Does not contain
Eggplant Parmesan,Eggplant,None,Olive oil,"Marinara sauce, cheese",Dairy,Contains
Lentil Soup,Lentils,None,Olive oil,Vegetables,None,Does not contain
Tomato Soup,Tomatoes,None,None,"Salt, Sugar",None,Does not contain
Apple,Apples,None,None,None,None,Does not contain
Chole Bhature,Chickpeas,Sugar,Ghee,"Chole masala, spices",None,Does not contain
Apple Crisp,Apples,Sugar,Butter,Cinnamon,"Wheat, Dairy",Contains
Berry Smoothie,Mixed berries,Sugar,"Yogurt (milk, cultures)",None,Dairy,Contains
Mixed Berry Pie,Mixed berries,Sugar,Butter,Flour,"Wheat, Dairy",Contains
Caesar Pasta Salad,Pasta,None,Caesar dressing,"Romaine lettuce, Parmesan cheese","Wheat, Dairy",Contains
Berry Smoothie,Mixed berries,Sugar,"Yogurt (milk, cultures)",None,Dairy,Contains
Soy Milk,Soybeans,Sugar,None,Emulsifiers,Soybeans,Contains
Caramelized Onions,Onions,Sugar,Butter,None,None,Does not contain
Butternut Squash Soup,Butternut squash,None,Butter,"Nutmeg, cream",Dairy,Contains
Berry Parfait,Berries,Honey,Yogurt,Granola,Dairy,Contains
Ranch Dressing,Buttermilk,Sugar,Vegetable oil,"Garlic, herbs",Dairy,Contains
Chicken Shawarma,Chicken,None,Olive oil,Shawarma spices,None,Does not contain
Tofu Curry,Tofu,None,Coconut milk,Curry paste,None,Does not contain
Cilantro Lime Chicken,Chicken,None,Olive oil,"Cilantro, lime",None,Does not contain
Banana Pudding,Bananas,Sugar,Milk,"Vanilla pudding mix, cookies",Dairy,Contains
Tomato Bruschetta,Tomatoes,None,Olive oil,"Garlic, basil",None,Does not contain
Tiramisu,Ladyfingers,Sugar,Mascarpone cheese,"Coffee, cocoa","Wheat, Dairy",Contains
Apple,Apples,None,None,None,None,Does not contain
Apple Crisp,Apples,Sugar,Butter,Cinnamon,"Wheat, Dairy",Contains
Baked Garlic Parmesan Chicken,Chicken,None,Butter,"Parmesan cheese, garlic",Dairy,Contains
Apple,Apples,None,None,None,None,Does not contain
Gulab Jamun,Milk solids,Sugar,Ghee,Cardamom syrup,Dairy,Contains
Oatmeal Raisin Cookies,Oats,Sugar,Butter,Flour,"Wheat, Dairy",Contains
Mango Lassi,Mango,Sugar,"Yogurt (milk, cultures)",Cardamom,Dairy,Contains
Rice Pudding,Rice,Sugar,Milk,"Cinnamon, raisins","Rice, Dairy",Contains
Margherita Pasta,Pasta,None,Olive oil,"Fresh tomatoes, mozzarella",Dairy,Contains
Strawberry Yogurt,"Yogurt (milk, cultures)",Sugar,None,Pectin,"Milk, Strawberries",Contains
Chicken Tikka Masala,Chicken,None,Ghee,Tikka masala sauce,"Dairy, Ghee",Contains
Baked Cod,Cod,None,Butter,"Lemon, herbs","Fish, Dairy",Contains
Stuffed Mushrooms,Mushrooms,None,None,"Cheese, breadcrumbs",Dairy,Contains
Malai Kofta,Cottage cheese,None,Ghee,Creamy tomato sauce,Dairy,Contains
Fish Sticks,Fish fillets,None,Vegetable oil,Salt,Fish,Contains
Samosa,Potatoes,None,Ghee,Spices,None,Contains
Garlic Bread,Bread,None,Butter,Garlic,"Wheat, Dairy",Contains
Mutton Biryani,Mutton,None,Ghee,"Basmati rice, spices",None,Does not contain
S'mores,Graham crackers,Marshmallows,Chocolate,None,"Wheat, Dairy",Contains
Lentil Curry,Lentils,None,Coconut milk,Curry powder,None,Does not contain
Lobster Roll,Lobster,None,Mayonnaise,"Celery, lemon juice","Shellfish, Eggs",Contains
Zucchini Bread,Zucchini,Sugar,Butter,"Cinnamon, nuts","Wheat, Dairy, Nuts",Contains
Chicken Curry,Chicken,None,Coconut milk,Curry powder,None,Does not contain
Sweet and Sour Chicken,Chicken,Sugar,Vegetable oil,"Pineapple, bell peppers",None,Does not contain
Chocolate Chip Cookies,Flour,Sugar,Butter,Chocolate chips,"Wheat, Dairy",Contains
Chicken Korma,Chicken,None,Ghee,"Creamy sauce, spices",Dairy,Contains
Lemon Poppy Seed Muffins,Flour,Sugar,Butter,"Lemon zest, poppy seeds","Wheat, Dairy",Contains
Teriyaki Salmon,Salmon,None,Vegetable oil,Teriyaki sauce,Fish,Contains
Pesto Pizza,Pesto sauce,None,None,"Mozzarella cheese, basil",Dairy,Contains
Milk Chocolate,Sugar,Cocoa butter,Milk powder,Vanilla extract,Milk,Contains
Margherita Pizza,Pizza dough,None,Olive oil,"Mozzarella cheese, tomatoes, basil",Dairy,Contains
Greek Lemon Chicken,Chicken,None,Olive oil,"Lemon juice, herbs",None,Does not contain
Apple Pie,Apples,Sugar,Butter,"Cinnamon, pastry","Wheat, Dairy",Contains
Sausage and Pepper Pizza,Pizza dough,None,None,"Sausage, bell peppers","Wheat, Dairy",Contains
Quinoa Salad,Quinoa,None,Olive oil,"Lemon juice, vegetables",None,Does not contain
Mushroom Risotto,Arborio rice,None,Butter,Mushroom,"Wheat, Dairy",Contains
Gulab Jamun,Milk solids,Sugar,Ghee,Cardamom syrup,Dairy,Contains
Caesar Salad Wrap,Grilled chicken,None,Caesar dressing,"Lettuce, Parmesan cheese",Dairy,Contains
Aloo Gobi,Potatoes,None,Oil,"Cauliflower, spices",None,Does not contain
Chicken Noodle Soup,Chicken,None,Vegetable oil,"Noodles, vegetables",None,Does not contain
Pumpkin Soup,Pumpkin,None,Butter,"Nutmeg, cream",Dairy,Contains
Baked Apple,Apples,Sugar,Butter,"Cinnamon, oats","Wheat, Dairy",Contains
Sausage Pizza,Sausage,None,None,Mozzarella cheese,None,Does not contain
Caramel Popcorn,Popcorn,Sugar,Butter,Salt,Dairy,Contains
Tiramisu,Ladyfingers,Sugar,"Mascarpone cheese, coffee liqueur",Cocoa powder,"Wheat, Dairy, Alcohol",Contains
Chicken Piccata,Chicken,None,Butter,"Lemon, capers",Dairy,Contains
Chicken Satay,Chicken,None,Peanut oil,"Satay sauce, spices",Peanuts,Contains
Sweet Potato Fries,Sweet potatoes,None,Vegetable oil,"Salt, paprika",None,Does not contain
Mango Coconut Popsicles,Mango,Sugar,Coconut milk,None,None,Does not contain
Mango Salsa,Mango,None,None,"Red onion, lime",None,Does not contain
Raspberry Cheesecake,Cream cheese,Sugar,Butter,"Graham cracker crust, raspberries","Wheat, Dairy",Contains
Rice Pudding,Rice,Sugar,Milk,"Cinnamon, raisins","Rice, Dairy",Contains
Fish Sticks,Fish fillets,None,Vegetable oil,Salt,Fish,Contains
Teriyaki Salmon,Salmon,None,Vegetable oil,Teriyaki sauce,Fish,Contains
Paniyaram,Fermented batter,None,Oil,"Mustard seeds, curry leaves",None,Does not contain
Lentil Soup,Lentils,None,Olive oil,Vegetables,None,Does not contain
Chicken Pot Pie,Chicken,None,Butter,"Vegetables, pastry",Wheat,Contains
Beef and Mushroom Stir-Fry,Beef,None,Vegetable oil,Soy sauce,None,Does not contain
Ratatouille,Vegetables,None,Olive oil,Herbs,None,Does not contain
Aloo Paratha,Potatoes,None,Ghee,"Wheat flour, spices",Wheat,Contains
BBQ Ribs,Pork ribs,Brown sugar,Vegetable oil,BBQ sauce,None,Contains
Vegetable Stir-Fry,Mixed vegetables,None,Vegetable oil,Soy sauce,None,Does not contain
Pumpkin Pie,Pumpkin,Sugar,Butter,"Pumpkin spice, pastry","Wheat, Dairy",Contains
Caramel Popcorn,Popcorn,Sugar,Butter,Salt,Dairy,Contains
Chicken Pot Pie,Chicken,None,Butter,"Vegetables, pastry",Wheat,Contains
Chicken Parmesan,Chicken,None,Olive oil,"Tomato sauce, cheese","Wheat, Dairy",Contains
Cinnamon Rolls,Dough,Sugar,Butter,"Cinnamon, icing","Wheat, Dairy",Contains
Garlic Bread,Bread,None,Butter,Garlic,"Wheat, Dairy",Contains
Berry Smoothie,Mixed berries,Sugar,"Yogurt (milk, cultures)",None,Dairy,Contains
Chicken Parmesan,Chicken,None,Olive oil,"Tomato sauce, cheese","Wheat, Dairy",Contains
Chicken Alfredo Pizza,Pizza dough,None,None,"Chicken, Alfredo sauce","Wheat, Dairy",Contains
Baked Cod,Cod,None,Butter,"Lemon, herbs","Fish, Dairy",Contains
Ratatouille Tart,Vegetables,None,Olive oil,"Puff pastry, herbs",None,Does not contain
Margherita Pasta,Pasta,None,Olive oil,"Fresh tomatoes, mozzarella",Dairy,Contains
Oatmeal Raisin Cookies,Oats,Sugar,Butter,Flour,"Wheat, Dairy",Contains
Carrot Cake,Carrots,Sugar,Vegetable oil,Cinnamon,"Wheat, Dairy",Contains
Aloo Paratha,Potatoes,None,Ghee,"Wheat flour, spices",Wheat,Contains
Veggie Omelette,Mixed vegetables,None,Olive oil,"Salt, pepper",None,Does not contain
Caesar Salad Wrap,Grilled chicken,None,Caesar dressing,"Lettuce, Parmesan cheese",Dairy,Contains
Pesto Pasta,Pasta,None,Olive oil,"Basil, garlic",None,Does not contain
Spinach Stuffed Chicken,Chicken,None,Olive oil,"Spinach, garlic",None,Does not contain
Onion Rings,Onions,None,Vegetable oil,Flour,Wheat,Contains
Dahi Vada,Lentil dumplings,None,Yogurt,"Tamarind chutney, spices",Dairy,Contains
Cinnamon Rolls,Flour,Sugar,Butter,Cinnamon,"Wheat, Dairy",Contains
Sushi Bowl,Sushi rice,None,Soy sauce,"Raw fish, vegetables","Fish, Soybeans",Contains
Veggie Burger,Mixed vegetables,None,Vegetable oil,Seasonings,None,Does not contain
Chicken Piccata,Chicken,None,Butter,"Lemon, capers","Dairy, Fish",Contains
Caramel Popcorn,Popcorn,Sugar,Butter,Salt,Dairy,Contains
Blueberry Muffins,Blueberries,Sugar,Butter,Flour,"Wheat, Dairy",Contains
Cucumber Salad,Cucumber,None,Olive oil,"Lemon juice, dill",None,Does not contain
Ratatouille,Eggplant,None,Olive oil,"Tomatoes, zucchini",None,Does not contain
Beef Wellington,Beef,None,Butter,"Mushrooms, puff pastry","Wheat, Dairy",Contains
Masala Dosa,Rice,None,Oil,"Potato masala, spices",None,Does not contain
S'mores,Graham crackers,Marshmallows,Chocolate,None,"Wheat, Dairy",Contains
Greek Yogurt Parfait,Greek yogurt,Honey,None,"Granola, mixed berries",Dairy,Contains
Chole Kulche,Chickpeas,None,Ghee,"Kulcha bread, spices",None,Does not contain
Garlic Shrimp,Shrimp,None,Olive oil,Garlic,Shellfish,Contains
Caesar Salad,Romaine lettuce,None,Olive oil,Parmesan cheese,Dairy,Contains
Pumpkin Soup,Pumpkin,None,Butter,"Nutmeg, cream",Dairy,Contains
Chicken Caesar Salad,Chicken,None,Caesar dressing,"Romaine lettuce, croutons","Wheat, Dairy",Contains
Dal Makhani,Lentils,None,Ghee,"Cream, spices",Dairy,Contains
Lemon Herb Roasted Chicken,Chicken,None,Olive oil,"Lemon, herbs",None,Does not contain
Sushi Bowl,Sushi rice,None,Soy sauce,"Raw fish, vegetables","Fish, Soybeans",Contains
Shrimp Scampi,Shrimp,None,Butter,"Garlic, lemon","Shellfish, Dairy",Contains
Chicken Parmesan,Chicken,None,"Bread crumbs, Parmesan cheese",Marinara sauce,Dairy,Contains
Ratatouille,Vegetables,None,Olive oil,"Herbs, garlic",None,Does not contain
Strawberry Spinach Salad,Spinach,None,None,"Strawberries, vinaigrette",None,Does not contain
Chocolate Cake,Flour,Sugar,Butter,Cocoa powder,"Wheat, Dairy, Cocoa",Contains
Raspberry Cheesecake,Cream cheese,Sugar,Butter,"Graham cracker crust, raspberries","Wheat, Dairy",Contains
Caramelized Onions,Onions,Sugar,Butter,None,None,Does not contain
Baked Chicken Wings,Chicken wings,None,Olive oil,Seasonings,None,Does not contain
Caesar Salad Wrap,Romaine lettuce,None,Caesar dressing,"Parmesan cheese, croutons","Wheat, Dairy",Contains
Pumpkin Pie,Pumpkin,Sugar,Butter,"Cinnamon, nutmeg","Wheat, Dairy",Contains
Chicken Caesar Salad,Chicken,None,Caesar dressing,"Romaine lettuce, croutons","Wheat, Dairy",Contains
Hyderabadi Biryani,Basmati rice,None,Ghee,"Meat/vegetables, spices",None,Does not contain
Caprese Salad,Tomatoes,None,Olive oil,"Mozzarella cheese, basil",Dairy,Contains
Lemon Poppy Seed Muffins,Flour,Sugar,Butter,"Lemon zest, poppy seeds","Wheat, Dairy",Contains
Fruit Salad,Mixed fruits,Sugar,None,Lemon juice,None,Does not contain
Chicken Satay,Chicken,None,Peanut oil,"Satay sauce, spices",Peanuts,Contains
Chicken Satay,Chicken,None,Peanut oil,"Satay sauce, spices",Peanuts,Contains
Coconut Curry,Chicken,None,Coconut milk,Curry paste,None,Does not contain
Sweet and Sour Chicken,Chicken,Sugar,Vegetable oil,"Pineapple, bell peppers",None,Does not contain
Palak Paneer,Spinach,None,Ghee,"Paneer, spices",Dairy,Contains
Chicken Piccata,Chicken,None,Butter,"Lemon, capers","Dairy, Fish",Contains
Vada Pav,Potato,None,Oil,"Pav bun, chutney",None,Does not contain
Tomato Bruschetta,Tomatoes,None,Olive oil,"Garlic, basil",None,Does not contain
Peanut Butter,Peanuts,Sugar,Vegetable oil,Salt,Peanuts,Contains
Chicken Stir-Fry,Chicken,None,Vegetable oil,Soy sauce,None,Does not contain
Matar Paneer,Paneer,None,Ghee,"Peas, spices",Dairy,Contains
Teriyaki Beef,Beef,None,Soy sauce,"Teriyaki sauce, vegetables",Soybeans,Contains
Garlic Bread,Bread,None,Butter,Garlic,"Wheat, Dairy",Contains
Tomato Bruschetta,Tomatoes,None,Olive oil,"Garlic, basil",None,Does not contain
Caesar Salad Wrap,Romaine lettuce,None,Caesar dressing,"Parmesan cheese, croutons","Wheat, Dairy",Contains
Mashed Potatoes,Potatoes,None,Butter,"Salt, Pepper",Dairy,Contains
Hyderabadi Biryani,Basmati rice,None,Ghee,"Meat/vegetables, spices",None,Does not contain
Spinach Salad,Spinach,None,Olive oil,Balsamic vinegar,None,Does not contain
Vegetable Soup,Mixed vegetables,None,Olive oil,Seasonings,None,Does not contain
Sweet Potato Casserole,Sweet potatoes,Brown sugar,Butter,"Cinnamon, nutmeg","Dairy, Nuts",Contains
Roasted Brussels Sprouts,Brussels sprouts,None,Olive oil,Balsamic glaze,None,Does not contain
Greek Moussaka,Eggplant,None,Olive oil,"Ground meat, potatoes",None,Does not contain
BBQ Ribs,Pork ribs,Brown sugar,Vegetable oil,BBQ sauce,None,Contains
Baked Chicken Wings,Chicken wings,None,Olive oil,Seasonings,None,Does not contain
Lemon Poppy Seed Muffins,Flour,Sugar,Butter,"Lemon zest, poppy seeds","Wheat, Dairy",Contains
Apple Cider,Apples,Sugar,None,Cinnamon,None,Does not contain
Cucumber Salad,Cucumber,None,Olive oil,"Lemon juice, dill",None,Does not contain
Chicken Piccata,Chicken,None,Butter,"Lemon, capers","Dairy, Fish",Contains
BBQ Ribs,Pork ribs,Brown sugar,Vegetable oil,BBQ sauce,None,Contains
Mango Salsa,Mango,None,None,"Red onion, lime",None,Does not contain
S'mores,Graham crackers,Marshmallows,Chocolate,None,"Wheat, Dairy",Contains
Ratatouille Tart,Vegetables,None,Olive oil,"Puff pastry, herbs",None,Does not contain
Lemon Garlic Chicken,Chicken,None,Olive oil,"Lemon juice, garlic",None,Does not contain
Chicken Curry,Chicken,None,Coconut milk,Curry powder,None,Does not contain
Rasgulla,Paneer,Sugar,None,"Rose water, syrup",Dairy,Contains
Vegetable Lasagna,Vegetables,None,Olive oil,"Tomato sauce, cheese","Wheat, Dairy",Contains
Dosa,Rice,None,Oil,"Potato masala, chutney",None,Does not contain
Vanilla Cupcakes,Flour,Sugar,Butter,Vanilla extract,"Wheat, Dairy",Contains
Stuffed Bell Peppers,Bell peppers,None,Olive oil,"Ground meat, rice",None,Does not contain
Pani Puri,Semolina,Tamarind,None,"Spiced water, chutney",None,Does not contain
Stuffed Tomatoes,Tomatoes,None,None,"Herbs, breadcrumbs",None,Does not contain
Key Lime Pie,Lime juice,Sugar,Butter,Graham cracker crust,"Wheat, Dairy",Contains
Tandoori Chicken,Chicken,None,Yogurt,Tandoori spices,Dairy,Contains
Chicken Biryani,Chicken,None,Ghee,"Basmati rice, spices",None,Does not contain
Matar Paneer,Paneer,None,Ghee,"Peas, spices",Dairy,Contains
Pesto Pasta Salad,Pasta,None,Pesto sauce,"Tomatoes, vegetables",None,Does not contain
Hyderabadi Biryani,Basmati rice,None,Ghee,"Meat/vegetables, spices",None,Does not contain
Chicken Caesar Salad,Chicken,None,Caesar dressing,"Romaine lettuce, croutons","Wheat, Dairy",Contains
Butter Naan,Flour,None,Butter,None,"Wheat, Dairy",Contains
Orange Chicken,Chicken,None,Vegetable oil,Orange sauce,None,Does not contain
Rajma Chawal,Kidney beans,None,Ghee,Spices,None,Contains
Baked Ziti,Pasta,None,Cheese,Tomato sauce,"Wheat, Dairy",None
Aloo Paratha,Potatoes,None,Ghee,"Wheat flour, spices",Wheat,Contains
Cabbage Rolls,Cabbage,None,Olive oil,"Ground meat, rice",None,Does not contain
Mango Coconut Popsicles,Mango,Sugar,Coconut milk,None,None,Does not contain
Tandoori Chicken,Chicken,None,Yogurt,Tandoori spices,Dairy,Contains
Chicken Curry,Chicken,None,Vegetable oil,Curry powder,None,Does not contain
Dahi Vada,Lentil dumplings,None,Yogurt,"Tamarind chutney, spices",Dairy,Contains
Berry Parfait,Mixed berries,Sugar,"Yogurt (milk, cultures)",Granola,Dairy,Contains
Lobster Roll,Lobster,None,Mayonnaise,"Celery, lemon juice","Shellfish, Eggs",Contains
French Onion Soup,Onions,None,Butter,"Beef broth, cheese, bread","Dairy, Wheat",Contains
Ratatouille,Eggplant,None,Olive oil,"Tomatoes, zucchini",None,Does not contain
Apple Crisp,Apples,Sugar,Butter,"Cinnamon, oats","Wheat, Dairy",Contains
Gazpacho,Tomatoes,None,Olive oil,"Garlic, herbs",None,Does not contain
Berry Crumble,Mixed berries,Sugar,Butter,"Oats, cinnamon","Wheat, Dairy",Contains
Green Smoothie,Spinach,Honey,Avocado,Almond milk,None,Does not contain
Apple,Apples,None,None,None,None,Does not contain
Chicken Curry,Chicken,None,Oil,Curry spices,None,Does not contain
Butternut Squash Soup,Butternut squash,None,Butter,"Nutmeg, cream",Dairy,Contains
Coconut Curry,Chicken,None,Coconut milk,Curry paste,None,Does not contain
Rice Pudding,Rice,Sugar,Milk,"Cinnamon, raisins","Rice, Dairy",Contains
Raspberry Spinach Salad,Spinach,None,None,"Raspberries, vinaigrette",None,Does not contain
Spinach Salad,Spinach,None,Olive oil,Balsamic vinegar,None,Does not contain
Stuffed Cabbage Rolls,Cabbage,None,Olive oil,"Ground meat, rice",None,Does not contain
Tofu Stir-Fry,Tofu,None,Vegetable oil,Soy sauce,Soybeans,Contains
Blueberry Muffins,Blueberries,Sugar,Butter,Flour,"Wheat, Dairy",Contains
Chicken Caesar Salad,Chicken breast,None,Olive oil,Parmesan cheese,"Dairy, Anchovies",Contains
Miso Soup,Miso paste,None,None,"Tofu, seaweed",Soybeans,Contains
Zucchini Noodles,Zucchini,None,Olive oil,"Garlic, herbs",None,Does not contain
Chicken Noodle Soup,Chicken,None,Vegetable oil,"Noodles, vegetables",None,Does not contain
Caesar Pasta Salad,Pasta,None,Caesar dressing,"Romaine lettuce, Parmesan cheese","Wheat, Dairy",Contains
Spinach Salad,Spinach,None,Olive oil,Balsamic vinaigrette,None,Does not contain
Vegetable Curry,Mixed vegetables,None,Coconut milk,Curry paste,None,Does not contain
Omelette,Eggs,None,Butter,"Salt, pepper",Eggs,Contains
Strawberry Smoothie,Strawberries,Honey,"Yogurt (milk, cultures)",None,Dairy,Contains
Sweet and Sour Chicken,Chicken,Sugar,Vegetable oil,"Pineapple, bell peppers",None,Does not contain
Lemon Bars,Lemon juice,Sugar,Butter,"Flour, eggs","Wheat, Dairy, Eggs",Contains
Avocado Toast,Avocado,None,Olive oil,"Salt, pepper",None,Does not contain
Chicken Korma,Chicken,None,Ghee,"Creamy sauce, spices",Dairy,Contains
Blueberry Muffins,Flour,Sugar,Butter,Blueberries,"Wheat, Dairy",Contains
Soy Milk,Soybeans,Sugar,None,Emulsifiers,Soybeans,Contains
Apple,Apples,None,None,None,None,Does not contain
Chicken Enchiladas,Chicken,None,Enchilada sauce,"Cheese, tortillas","Wheat, Dairy",Contains
Greek Lemon Chicken,Chicken,None,Olive oil,"Lemon juice, herbs",None,Does not contain
Rabri,Milk,Sugar,Ghee,"Cardamom, nuts",Dairy,Contains
Beef Stir-Fry,Beef,None,Vegetable oil,Soy sauce,None,Does not contain
Chicken Parmesan,Chicken,None,"Bread crumbs, Parmesan cheese",Marinara sauce,Dairy,Contains
Chicken Teriyaki,Chicken,None,Soy sauce,"Honey, ginger",Soybeans,Contains
Greek Salad,Cucumbers,None,Olive oil,"Feta cheese, olives",Dairy,Contains
Pesto Chicken,Chicken,None,Pesto sauce,None,None,Does not contain
Pesto Chicken,Chicken,None,Olive oil,Pesto sauce,"Pine nuts, Dairy",Contains
Caprese Sandwich,Tomatoes,None,Olive oil,"Mozzarella cheese, basil",Dairy,Contains
Jalebi,Flour,Sugar,Ghee,Saffron syrup,"Wheat, Dairy",Contains
Baked Garlic Parmesan Chicken,Chicken,None,Butter,"Parmesan cheese, garlic",Dairy,Contains
Greek Salad,Cucumbers,None,Olive oil,"Feta cheese, olives",Dairy,Contains
Teriyaki Beef,Beef,None,Soy sauce,"Teriyaki sauce, vegetables",Soybeans,Contains
Strawberry Yogurt,"Yogurt (milk, cultures)",Sugar,None,Pectin,"Milk, Strawberries",Contains
Teriyaki Salmon,Salmon fillet,Sugar,Soy sauce,"Ginger, garlic","Fish, Soybeans",Contains
Lemon Bars,Flour,Sugar,Butter,Lemon juice,"Wheat, Dairy",Contains
Baked Garlic Parmesan Chicken,Chicken,None,Butter,"Parmesan cheese, garlic",Dairy,Contains
Chocolate Cake,Flour,Sugar,Butter,Cocoa powder,"Wheat, Dairy, Cocoa",Contains
Mango Coconut Popsicles,Mango,Sugar,Coconut milk,None,None,Does not contain
Soy Milk,Soybeans,Sugar,None,Emulsifiers,Soybeans,Contains
Berry Smoothie,Mixed berries,Sugar,"Yogurt (milk, cultures)",None,Dairy,Contains
Apple Pie,Apples,Sugar,Butter,Cinnamon,"Wheat, Dairy",Contains
Lemon Dill Salmon,Salmon,None,Olive oil,"Lemon, dill",Fish,Contains
Gulab Jamun,Milk solids,Sugar,Ghee,Cardamom syrup,Dairy,Contains
Hawaiian Pizza,Pizza dough,None,None,"Pineapple, ham","Wheat, Pork, Dairy",Contains
Vanilla Yogurt,"Yogurt (milk, cultures)",Sugar,None,Vanilla extract,Milk,Contains
Pasta Carbonara,Pasta,None,Bacon,"Egg, Parmesan cheese","Wheat, Dairy",Contains
Mango Salsa,Mango,None,None,"Red onion, lime",None,Does not contain
Ratatouille,Vegetables,None,Olive oil,"Herbs, garlic",None,Does not contain
Chicken Stir-Fry,Chicken,None,Vegetable oil,Soy sauce,None,Does not contain
Baked Salmon,Salmon,None,Olive oil,"Lemon, herbs",Fish,Contains
Ratatouille,Eggplant,None,Olive oil,"Tomatoes, zucchini",None,Does not contain
Salsa,Tomatoes,None,None,"Onion, cilantro",None,Does not contain
Tuna Sandwich,Tuna,Mayonnaise,None,"Salt, Pepper","Fish, Eggs",Contains
Chicken Caesar Wrap,Chicken,None,Caesar dressing,"Romaine lettuce, Parmesan cheese",Dairy,Contains
Beef Wellington,Beef,None,Butter,"Mushrooms, puff pastry","Wheat, Dairy",Contains
Lemon Herb Roasted Chicken,Chicken,None,Olive oil,"Lemon, herbs",None,Does not contain
Margherita Pasta,Pasta,None,Olive oil,"Fresh tomatoes, mozzarella",Dairy,Contains
Tomato Bruschetta,Tomatoes,None,Olive oil,"Garlic, basil",None,Does not contain
Chocolate Mousse,Chocolate,Sugar,Heavy cream,Vanilla extract,"Dairy, Cocoa",Contains
Spinach and Feta Stuffed Chicken,Chicken,None,Olive oil,"Spinach, feta cheese",Dairy,Contains
Watermelon Salad,Watermelon,None,None,"Feta cheese, mint",Dairy,Contains
Chicken Curry,Chicken,None,Vegetable oil,Curry powder,None,Does not contain
Apple Cider,Apples,Sugar,None,Cinnamon,None,Does not contain
Zucchini Noodles,Zucchini,None,Olive oil,"Garlic, herbs",None,Does not contain
Chicken Satay,Chicken,None,Peanut butter,Soy sauce,Peanuts,Contains
Pancetta Pasta,Pasta,None,Pancetta,"Garlic, herbs",None,Does not contain
Prawn Curry,Prawns,None,Coconut milk,Curry spices,"Shellfish, Dairy",Contains
Tandoori Chicken,Chicken,None,Yogurt,Tandoori spices,Dairy,Contains
Chicken Noodle Soup,Chicken,None,Vegetable oil,"Noodles, vegetables",None,Does not contain
Banana Smoothie,Bananas,Honey,"Yogurt (milk, cultures)",None,Dairy,Contains
Apple Cider,Apples,Sugar,None,Cinnamon,None,Does not contain
Beef Tacos,Beef,None,Vegetable oil,Taco seasoning,None,Does not contain
Vanilla Ice Cream,Milk,Sugar,Cream,Vanilla extract,Milk,Contains
Stuffed Bell Peppers,Bell peppers,None,Olive oil,"Ground meat, rice",None,Does not contain
Fish Sticks,Fish fillets,None,Vegetable oil,Salt,Fish,Contains
Baked Salmon,Salmon fillet,None,Olive oil,"Lemon, herbs",Fish,Contains
Margherita Pizza,Cheese,None,None,"Tomato sauce, basil",Dairy,Contains
Honey Soy Glazed Salmon,Salmon,Honey,Soy sauce,"Garlic, ginger","Fish, Soybeans",Contains
Fish Sticks,Fish fillets,None,Vegetable oil,Salt,Fish,Contains
Sushi,"Fish (salmon, tuna)",Rice vinegar,Sesame oil,Soy sauce,"Fish, Soybeans",Contains
Pesto Chicken,Chicken,None,Olive oil,Pesto sauce,"Pine nuts, Dairy",Contains
Paneer Tikka,Paneer,None,Oil,"Tikka masala, spices",Dairy,Contains
Mixed Berry Pie,Mixed berries,Sugar,Butter,Flour,"Wheat, Dairy",Contains
Watermelon Salad,Watermelon,None,None,"Feta cheese, mint",Dairy,Contains
Chana Masala,Chickpeas,None,Oil,Masala spices,None,Does not contain
Strawberry Shortcake,Strawberries,Sugar,Whipped cream,Shortcake,"Wheat, Dairy",Contains
French Onion Soup,Onions,None,Butter,"Beef broth, cheese, bread","Dairy, Wheat",Contains
Cilantro Lime Chicken,Chicken,None,Olive oil,"Cilantro, lime",None,Does not contain
Carrot Cake,Carrots,Sugar,Vegetable oil,Cinnamon,"Wheat, Dairy",Contains
Sausage Pizza,Sausage,None,None,Mozzarella cheese,None,Does not contain
Quiche,Eggs,None,Cheese,Vegetables,"Eggs, Dairy",Contains
Veggie Burger,Mixed vegetables,None,Vegetable oil,Seasonings,None,Does not contain
Cinnamon Rolls,Dough,Sugar,Butter,"Cinnamon, icing","Wheat, Dairy",Contains
Pasta Carbonara,Pasta,None,Bacon,"Egg, Parmesan cheese","Wheat, Dairy",Contains
Egg Salad,Eggs,Mayonnaise,None,"Celery, onion",Eggs,Contains
Prawn Curry,Prawns,None,Coconut milk,Curry spices,"Shellfish, Dairy",Contains
Palak Paneer,Spinach,None,Ghee,"Paneer, spices",Dairy,Contains
Coconut Curry,Chicken,None,Coconut milk,Curry paste,None,Does not contain
Chicken Biryani,Chicken,None,Ghee,"Basmati rice, spices",None,Does not contain
Vegetable Lasagna,Vegetables,None,Olive oil,"Tomato sauce, cheese","Wheat, Dairy",Contains
Ratatouille Tart,Vegetables,None,Olive oil,"Puff pastry, herbs",None,Does not contain
Lemon Bars,Lemon juice,Sugar,Butter,"Flour, eggs","Wheat, Dairy, Eggs",Contains
Blueberry Pancakes,Flour,Sugar,Butter,Blueberries,"Wheat, Dairy",Contains
Lemon Garlic Chicken,Chicken,None,Olive oil,"Lemon juice, garlic",None,Does not contain
Chicken Alfredo Pizza,Pizza dough,None,None,"Chicken, Alfredo sauce","Wheat, Dairy",Contains
Vegetable Biryani,Mixed vegetables,None,Ghee,"Basmati rice, spices",None,Does not contain
Key Lime Pie,Lime juice,Sugar,Butter,Graham cracker crust,"Wheat, Dairy",Contains
Chicken Enchiladas,Chicken,None,Vegetable oil,Enchilada sauce,None,Does not contain
Caesar Pasta Salad,Pasta,None,Caesar dressing,"Romaine lettuce, Parmesan cheese","Wheat, Dairy",Contains
Chicken Curry,Chicken,None,Oil,Curry spices,None,Does not contain
Greek Lemon Potatoes,Potatoes,None,Olive oil,"Lemon juice, herbs",None,Does not contain
Egg Salad,Eggs,Mayonnaise,None,"Celery, onion",Eggs,Contains
Dal Makhani,Lentils,None,Ghee,"Cream, spices",Dairy,Contains
Rogan Josh,Lamb,None,Ghee,"Yogurt, Kashmiri red chili",Dairy,Contains
Baked Ziti,Pasta,None,Cheese,Tomato sauce,"Wheat, Dairy",None
Tiramisu,Ladyfingers,Sugar,Mascarpone cheese,"Coffee, cocoa","Wheat, Dairy",Contains
Pani Puri,Semolina,Tamarind,None,"Spiced water, chutney",None,Does not contain
Caesar Salad,Romaine lettuce,None,Olive oil,Parmesan cheese,Dairy,Contains
Onion Rings,Onions,None,Vegetable oil,Flour,Wheat,Contains
Butter Chicken,Chicken,Sugar,Butter,"Tomato sauce, cream",Dairy,Contains
Buffalo Wings,Chicken wings,None,Vegetable oil,Buffalo sauce,None,Does not contain
Lemon Poppy Seed Muffins,Flour,Sugar,Butter,"Lemon zest, poppy seeds","Wheat, Dairy",Contains
Chocolate Cake,Flour,Sugar,Butter,Cocoa powder,"Wheat, Dairy, Cocoa",Contains
Brussels Sprouts,Brussels sprouts,None,Olive oil,Balsamic glaze,None,Does not contain
Beef Stir-Fry,Beef,None,Vegetable oil,Soy sauce,None,Does not contain
Baked Ziti,Pasta,None,Cheese,Tomato sauce,"Wheat, Dairy",None
Chicken and Rice Soup,Chicken,None,Vegetable oil,"Rice, vegetables",None,Does not contain
Chicken Fajitas,Chicken,None,Vegetable oil,Fajita seasoning,None,Does not contain
Ratatouille Pizza,Pizza dough,None,Olive oil,Ratatouille vegetables,None,Does not contain
Blueberry Muffins,Blueberries,Sugar,Butter,Flour,"Wheat, Dairy",Contains
Caesar Pasta Salad,Pasta,None,Caesar dressing,"Romaine lettuce, Parmesan cheese","Wheat, Dairy",Contains
Sushi Bowl,Sushi rice,None,Soy sauce,"Raw fish, vegetables","Fish, Soybeans",Contains
Chicken Shawarma,Chicken,None,Olive oil,Shawarma seasoning,None,Does not contain
Caesar Salad Wrap,Grilled chicken,None,Caesar dressing,"Lettuce, Parmesan cheese",Dairy,Contains
Strawberry Smoothie,Strawberries,Sugar,Yogurt,Milk,Dairy,Contains
Tomato Bruschetta,Tomatoes,None,Olive oil,"Garlic, basil",None,Does not contain
Greek Moussaka,Eggplant,None,Olive oil,"Ground meat, potatoes",None,Does not contain
Sushi Bowl,Sushi rice,None,Soy sauce,"Raw fish, vegetables","Fish, Soybeans",Contains
Tandoori Chicken,Chicken,None,Yogurt,Tandoori spices,Dairy,Contains
Quinoa Stuffed Peppers,Quinoa,None,Olive oil,"Vegetables, spices",None,Does not contain
Veggie Burger,Mixed vegetables,None,Vegetable oil,Seasonings,None,Does not contain
Mushroom Risotto,Mushrooms,None,Butter,"Arborio rice, Parmesan cheese",Dairy,Contains
Banana Smoothie,Bananas,Honey,"Yogurt (milk, cultures)",None,Dairy,Contains
Greek Moussaka,Eggplant,None,Olive oil,"Ground meat, potatoes",None,Does not contain
Chicken Biryani,Chicken,None,Ghee,"Basmati rice, spices",None,Does not contain
Beef Tacos,Ground beef,None,Vegetable oil,Taco seasoning,None,Does not contain
Rogan Josh,Lamb,None,Ghee,"Yogurt, Kashmiri red chili",Dairy,Contains
Malai Kofta,Cottage cheese,None,Ghee,Creamy tomato sauce,Dairy,Contains
Pecan Pie,Pecans,Sugar,Butter,Corn syrup,"Wheat, Dairy, Nuts",Contains
Hyderabadi Biryani,Basmati rice,None,Ghee,"Meat/vegetables, spices",None,Does not contain
French Onion Soup,Onions,None,Butter,"Beef broth, cheese, bread","Dairy, Wheat",Contains
Pav Bhaji,Mixed vegetables,None,Butter,"Pav bread, spices",None,Does not contain
Caprese Sandwich,Tomatoes,None,Olive oil,"Mozzarella cheese, basil",Dairy,Contains
Chole Bhature,Chickpeas,Sugar,Ghee,"Chole masala, spices",None,Does not contain
Greek Moussaka,Eggplant,None,Olive oil,"Ground meat, potatoes",None,Does not contain
Zucchini Bread,Zucchini,Sugar,Butter,"Cinnamon, nuts","Wheat, Dairy, Nuts",Contains
Garlic Bread,Bread,None,Butter,Garlic,"Wheat, Dairy",Contains
Caprese Salad,Tomatoes,None,Olive oil,"Mozzarella cheese, basil",Dairy,Contains
Lemon Poppy Seed Muffins,Flour,Sugar,Butter,"Lemon zest, poppy seeds","Wheat, Dairy",Contains
Vegetable Soup,Mixed vegetables,None,Olive oil,Seasonings,None,Does not contain
Fish Sticks,Fish fillets,None,Vegetable oil,Salt,Fish,Contains
Mushroom Risotto,Mushrooms,None,Butter,"Arborio rice, Parmesan cheese",Dairy,Contains
Chicken Noodle Soup,Chicken,None,Vegetable oil,"Noodles, vegetables",None,Does not contain
Lemon Pepper Chicken,Chicken,None,Olive oil,Lemon pepper seasoning,None,Does not contain
Chicken Alfredo Pizza,Pizza dough,None,None,"Chicken, Alfredo sauce","Wheat, Dairy",Contains
Chicken Enchiladas,Chicken,None,Vegetable oil,Enchilada sauce,None,Does not contain
Lentil Soup,Lentils,None,Olive oil,Vegetables,None,Does not contain
Lobster Roll,Lobster,None,Mayonnaise,"Celery, lemon juice","Shellfish, Eggs",Contains
Samosa,Potatoes,None,Ghee,Spices,None,Contains
Ranch Dressing,Buttermilk,Sugar,Vegetable oil,"Garlic, herbs",Dairy,Contains
Chicken Korma,Chicken,None,Ghee,"Creamy sauce, spices",Dairy,Contains
Pasta Carbonara,Pasta,None,Bacon,"Egg, Parmesan cheese","Wheat, Dairy",Contains
Baked Cod,Cod,None,Butter,"Lemon, herbs","Fish, Dairy",Contains
Greek Yogurt Parfait,Greek yogurt,Honey,None,"Granola, mixed berries",Dairy,Contains
Matar Paneer,Paneer,None,Ghee,"Peas, spices",Dairy,Contains
Shrimp Scampi,Shrimp,None,Butter,"Garlic, lemon","Shellfish, Dairy",Contains
Chole Bhature,Chickpeas,Sugar,Ghee,"Chole masala, spices",None,Does not contain
Cinnamon Rolls,Dough,Sugar,Butter,"Cinnamon, icing","Wheat, Dairy",Contains
Cinnamon Rolls,Dough,Sugar,Butter,"Cinnamon, icing","Wheat, Dairy",Contains
Pav Bhaji,Mixed vegetables,None,Butter,"Pav bread, spices",None,Does not contain
Green Smoothie,Spinach,Honey,Avocado,Almond milk,None,Does not contain
Spinach Artichoke Dip,Spinach,None,"Cream cheese, sour cream","Parmesan cheese, garlic",Dairy,Contains
S'mores,Graham crackers,Marshmallows,Chocolate,None,"Wheat, Dairy",Contains
Stuffed Cabbage Rolls,Cabbage,None,Olive oil,"Ground meat, rice",None,Does not contain
Quiche Lorraine,Bacon,None,Heavy cream,"Cheese, eggs","Dairy, Eggs",Contains
Dal Makhani,Lentils,None,Ghee,"Cream, spices",Dairy,Contains
Oatmeal Raisin Cookies,Oats,Sugar,Butter,Flour,"Wheat, Dairy",Contains
Stuffed Mushrooms,Mushrooms,None,None,"Cheese, breadcrumbs",Dairy,Contains
Chole Kulche,Chickpeas,None,Ghee,"Kulcha bread, spices",None,Does not contain
Baked Apple,Apples,Sugar,Butter,"Cinnamon, oats","Wheat, Dairy",Contains
Honey Glazed Carrots,Carrots,Honey,Butter,None,None,Does not contain
BBQ Ribs,Pork ribs,Brown sugar,Vegetable oil,BBQ sauce,None,Contains
Greek Salad,Cucumbers,None,Olive oil,"Feta cheese, olives",Dairy,Contains
Mango Salsa,Mango,None,None,"Lime juice, cilantro",None,Does not contain
Dosa,Rice,None,Oil,"Potato masala, chutney",None,Does not contain
Lemonade,Lemon juice,Sugar,Water,None,None,Does not contain
French Onion Soup,Onions,None,Butter,"Beef broth, cheese, bread","Dairy, Wheat",Contains
Lentil Soup,Lentils,None,Olive oil,Vegetables,None,Does not contain
Butternut Squash Soup,Butternut squash,None,Butter,Vegetable broth,Dairy,Contains
French Onion Soup,Onions,None,Butter,"Beef broth, cheese, bread","Dairy, Wheat",Contains
Oatmeal Raisin Cookies,Oats,Sugar,Butter,Flour,"Wheat, Dairy",Contains
Teriyaki Salmon,Salmon fillet,Sugar,Soy sauce,"Ginger, garlic","Fish, Soybeans",Contains
Chicken Malai Tikka,Chicken,None,Cream,Spices,Dairy,Contains
Stuffed Mushrooms,Mushrooms,None,None,"Cheese, breadcrumbs",Dairy,Contains
Masala Dosa,Rice,None,Oil,"Potato masala, spices",None,Does not contain
Greek Lemon Potatoes,Potatoes,None,Olive oil,"Lemon juice, herbs",None,Does not contain
Chicken Teriyaki,Chicken,None,Soy sauce,"Honey, ginger",Soybeans,Contains
Cinnamon Rolls,Dough,Sugar,Butter,"Cinnamon, icing","Wheat, Dairy",Contains
Pesto Chicken,Chicken,None,Olive oil,Pesto sauce,"Pine nuts, Dairy",Contains
Garlic Bread,Bread,None,Butter,Garlic,"Wheat, Dairy",Contains
Ratatouille Pasta,Pasta,None,Olive oil,Ratatouille vegetables,None,Does not contain
Apple Crisp,Apples,Sugar,Butter,"Cinnamon, oats","Wheat, Dairy",Contains
Banana Bread,Bananas,Sugar,Butter,Flour,"Wheat, Dairy",Contains
Mushroom Risotto,Arborio rice,None,Butter,Mushroom,"Wheat, Dairy",Contains
Cinnamon Rolls,Flour,Sugar,Butter,Cinnamon,"Wheat, Dairy",Contains
Mango Coconut Popsicles,Mango,Sugar,Coconut milk,None,None,Does not contain
Tofu Stir-Fry,Tofu,None,Vegetable oil,Soy sauce,Soybeans,Contains
Baked Brie,Brie cheese,None,None,"Herbs, nuts","Dairy, Nuts",Contains
Lemon Dill Salmon,Salmon,None,Olive oil,"Lemon, dill",Fish,Contains
Greek Lemon Potatoes,Potatoes,None,Olive oil,"Lemon juice, herbs",None,Does not contain
Strawberry Shortcake,Strawberries,Sugar,Whipped cream,Shortcake,"Wheat, Dairy",Contains
Miso Soup,Miso paste,None,None,"Tofu, seaweed",Soybeans,Contains
Caprese Salad,Tomatoes,None,Olive oil,"Mozzarella cheese, basil",Dairy,Contains
Egg Salad,Eggs,Mayonnaise,None,"Celery, onion",Eggs,Contains
Chicken Satay,Chicken,None,Peanut butter,Soy sauce,Peanuts,Contains
Caprese Sandwich,Tomatoes,None,Olive oil,"Mozzarella cheese, basil",Dairy,Contains
Beef Stroganoff,Beef,None,Sour cream,"Mushrooms, onions",Dairy,Contains
Apple Pie,Apples,Sugar,Butter,"Cinnamon, pastry","Wheat, Dairy",Contains
Cucumber Salad,Cucumbers,None,Olive oil,"Vinegar, herbs",None,Does not contain
Fish Sticks,Fish fillets,None,Vegetable oil,Salt,Fish,Contains
Beef and Broccoli,Beef,None,Vegetable oil,Soy sauce,None,Does not contain
Vegetable Lasagna,Vegetables,None,Olive oil,"Tomato sauce, cheese","Wheat, Dairy",Contains
Pumpkin Pie,Pumpkin,Sugar,Butter,"Pumpkin spice, pastry","Wheat, Dairy",Contains
Tofu Stir-Fry,Tofu,None,Vegetable oil,Soy sauce,Soybeans,Contains
Tiramisu,Ladyfingers,Sugar,"Mascarpone cheese, coffee liqueur",Cocoa powder,"Wheat, Dairy, Alcohol",Contains
Prawn Biryani,Prawns,None,Ghee,"Basmati rice, spices",Shellfish,Contains
Pesto Pasta,Pasta,None,Olive oil,"Basil, garlic",None,Does not contain
Lemon Herb Roasted Chicken,Chicken,None,Olive oil,"Lemon, herbs",None,Does not contain
Sweet Potato Fries,Sweet potatoes,None,Vegetable oil,"Salt, paprika",None,Does not contain
Almond Cookies,Almonds,Sugar,Butter,Flour,"Almonds, Wheat, Dairy",Contains
Apple Crisp,Apples,Sugar,Butter,"Cinnamon, oats","Wheat, Dairy",Contains
Gulab Jamun,Milk solids,Sugar,Ghee,Cardamom syrup,Dairy,Contains
Teriyaki Salmon,Salmon,None,Vegetable oil,Teriyaki sauce,Fish,Contains
Lobster Roll,Lobster,None,Mayonnaise,"Celery, lemon juice","Shellfish, Eggs",Contains
Tomato Bruschetta,Tomatoes,None,Olive oil,"Garlic, basil",None,Does not contain
Palak Paneer,Spinach,None,Ghee,"Paneer, spices",Dairy,Contains
Cucumber Salad,Cucumber,None,Olive oil,"Lemon juice, dill",None,Does not contain
Beef Tacos,Beef,None,Vegetable oil,Taco seasoning,None,Does not contain
Spinach Salad,Spinach,None,Olive oil,Balsamic vinaigrette,None,Does not contain
Chole Bhature,Chickpeas,Sugar,Ghee,"Chole masala, spices",None,Does not contain
Chicken Piccata,Chicken,None,Butter,"Lemon, capers",Dairy,Contains
Zucchini Noodles with Pesto,Zucchini,None,Olive oil,Pesto sauce,"Pine nuts, Dairy",Contains
Berry Cobbler,Mixed berries,Sugar,Butter,Flour,"Wheat, Dairy",Contains
Lemon Herb Roasted Chicken,Chicken,None,Olive oil,"Lemon, herbs",None,Does not contain
Tomato Bruschetta,Tomatoes,None,Olive oil,"Garlic, basil",None,Does not contain
Berry Parfait,Mixed berries,Sugar,"Yogurt (milk, cultures)",Granola,Dairy,Contains
Margherita Pizza,Cheese,None,None,"Tomato sauce, basil",Dairy,Contains
Greek Salad,Cucumbers,None,Olive oil,"Feta cheese, olives",Dairy,Contains
Egg Salad Sandwich,Eggs,Mayonnaise,None,"Celery, mustard","Eggs, Mustard",Contains
Chicken Biryani,Chicken,None,Ghee,"Basmati rice, spices",None,Does not contain
Ratatouille,Eggplant,None,Olive oil,Tomatoes,None,Does not contain
Dahi Vada,Lentil dumplings,None,Yogurt,"Tamarind chutney, spices",Dairy,Contains
Margherita Pizza,Cheese,None,None,"Tomato sauce, basil",Dairy,Contains
Berry Parfait,Mixed berries,Sugar,"Yogurt (milk, cultures)",Granola,Dairy,Contains
Chicken and Rice Soup,Chicken,None,Vegetable oil,"Rice, vegetables",None,Does not contain
Egg Salad Sandwich,Eggs,Mayonnaise,None,"Celery, mustard","Eggs, Mustard",Contains
Chole Kulche,Chickpeas,None,Ghee,"Kulcha bread, spices",None,Does not contain
Greek Lemon Potatoes,Potatoes,None,Olive oil,"Lemon juice, herbs",None,Does not contain
Fruit Salad,Mixed fruits,Sugar,None,Lemon juice,None,Does not contain
Vegetable Soup,Mixed vegetables,None,Olive oil,Seasonings,None,Does not contain
Chicken Biryani,Chicken,None,Ghee,"Basmati rice, spices",None,Does not contain
Banana Smoothie,Bananas,Honey,"Yogurt (milk, cultures)",None,Dairy,Contains
Chicken Curry,Chicken,None,Oil,Curry spices,None,Does not contain
Hyderabadi Biryani,Basmati rice,None,Ghee,"Meat/vegetables, spices",None,Does not contain
Pumpkin Soup,Pumpkin,None,Butter,"Nutmeg, cream",Dairy,Contains
Greek Yogurt,"Yogurt (milk, cultures)",Honey,None,None,Dairy,Contains
Sweet Potato Casserole,Sweet potatoes,Brown sugar,Butter,"Cinnamon, nutmeg","Dairy, Nuts",Contains
Zucchini Bread,Zucchini,Sugar,Vegetable oil,Flour,Wheat,Contains
Beef Wellington,Beef,None,Butter,"Mushrooms, puff pastry","Wheat, Dairy",Contains
Chicken Shawarma,Chicken,None,Olive oil,Shawarma spices,None,Does not contain
Tomato Soup,Tomatoes,None,None,"Salt, Sugar",None,Does not contain
Gulab Jamun,Milk solids,Sugar,Ghee,Cardamom syrup,Dairy,Contains
Baked Salmon,Salmon,None,Olive oil,"Lemon, herbs",Fish,Contains
Baked Garlic Parmesan Chicken,Chicken,None,Butter,"Parmesan cheese, garlic",Dairy,Contains
Tandoori Chicken,Chicken,None,Yogurt,Tandoori spices,Dairy,Contains
Tofu Stir-Fry,Tofu,None,Vegetable oil,Soy sauce,Soybeans,Contains
Tuna Sandwich,Tuna,Mayonnaise,None,"Salt, Pepper","Fish, Eggs",Contains
Pumpkin Pie,Pumpkin,Sugar,Butter,"Pumpkin spice, pastry","Wheat, Dairy",Contains
Carrot Cake,Carrots,Sugar,Vegetable oil,Cinnamon,"Wheat, Dairy",Contains
Butternut Squash Soup,Butternut squash,None,Butter,"Nutmeg, cream",Dairy,Contains
Beef Stroganoff,Beef,None,Sour cream,"Mushroom, onion",Dairy,Contains
Sushi,"Fish (salmon, tuna)",Rice vinegar,Sesame oil,Soy sauce,"Fish, Soybeans",Contains
Matar Paneer,Paneer,None,Ghee,"Peas, spices",Dairy,Contains
Honey Glazed Carrots,Carrots,Honey,Butter,None,None,Does not contain
Caesar Pasta Salad,Pasta,None,Caesar dressing,"Romaine lettuce, Parmesan cheese","Wheat, Dairy",Contains
Prawn Biryani,Prawns,None,Ghee,"Basmati rice, spices",Shellfish,Contains
Caesar Salad,Romaine lettuce,None,Olive oil,Caesar dressing,Dairy,Contains
Watermelon Salad,Watermelon,None,None,"Feta cheese, mint",Dairy,Contains
Tofu Scramble,Tofu,None,Vegetable oil,"Turmeric, spices",Soybeans,Contains
Greek Gyro Wrap,Lamb,None,None,"Tzatziki sauce, tomatoes, onions",Dairy,Contains
Butter Naan,Flour,None,Butter,None,"Wheat, Dairy",Contains
Peanut Butter,Peanuts,Sugar,Vegetable oil,Salt,Peanuts,Contains
Vanilla Cupcakes,Flour,Sugar,Butter,Vanilla extract,"Wheat, Dairy",Contains
Butter Chicken,Chicken,Sugar,Butter,"Tomato sauce, cream",Dairy,Contains
Peanut Butter,Peanuts,Sugar,Vegetable oil,Salt,Peanuts,Contains
Lemon Dill Salmon,Salmon,None,Olive oil,"Lemon, dill",Fish,Contains
Strawberry Shortcake,Strawberries,Sugar,Whipped cream,Shortcake,"Wheat, Dairy",Contains
Cheddar Cheese,Cheese,None,None,Salt,Dairy,Contains
Soy Milk,Soybeans,Sugar,None,Emulsifiers,Soybeans,Contains
Sushi Rolls,Sushi rice,None,Soy sauce,"Nori (seaweed), fish","Soybeans, Fish",Contains
Malabar Fish Curry,Fish,None,Coconut oil,"Tamarind, spices","Fish, Coconut",Contains
Ratatouille Pizza,Pizza dough,None,Olive oil,Ratatouille vegetables,None,Does not contain
Blueberry Muffins,Blueberries,Sugar,Butter,Flour,"Wheat, Dairy",Contains
Greek Salad,Cucumber,None,Olive oil,Lemon juice,None,Does not contain
Blueberry Pancakes,Flour,Sugar,Butter,Blueberries,"Wheat, Dairy",Contains
French Onion Soup,Onions,None,Butter,"Beef broth, cheese, bread","Dairy, Wheat",Contains
Chicken Noodle Soup,Chicken broth,None,None,Salt,"Chicken, Wheat, Celery",Contains
Almond Cookies,Almonds,Sugar,Butter,Flour,"Almonds, Wheat, Dairy",Contains
Wheat Bread,Wheat flour,None,None,Salt,Wheat,Contains
Chicken Tikka Masala,Chicken,Sugar,Ghee,"Tomato sauce, cream",Dairy,Contains
Gulab Jamun,Milk solids,Sugar,Ghee,Cardamom syrup,Dairy,Contains
Avocado Toast,Avocado,None,Olive oil,"Salt, pepper",None,Does not contain
Strawberry Smoothie,Strawberries,Honey,"Yogurt (milk, cultures)",None,Dairy,Contains
Chocolate Mousse,Chocolate,Sugar,Heavy cream,Vanilla extract,Dairy,Contains
Malabar Fish Curry,Fish,None,Coconut oil,"Tamarind, spices","Fish, Coconut",Contains
Chicken Korma,Chicken,None,Ghee,"Creamy sauce, spices",Dairy,Contains
Watermelon Salad,Watermelon,None,None,"Feta cheese, mint",Dairy,Contains
Chicken Biryani,Chicken,None,Ghee,"Basmati rice, spices",None,Does not contain
Strawberry Smoothie,Strawberries,Sugar,Yogurt,Milk,Dairy,Contains
Chicken Parmesan,Chicken,None,Olive oil,"Tomato sauce, cheese","Wheat, Dairy",Contains
Sushi,"Fish (salmon, tuna)",Rice vinegar,Sesame oil,Soy sauce,"Fish, Soybeans",Contains
Strawberry Smoothie,Strawberries,Sugar,Yogurt,Milk,Dairy,Contains
Coconut Curry,Chicken,None,Coconut milk,Curry paste,None,Does not contain
Malabar Fish Curry,Fish,None,Coconut oil,"Tamarind, spices","Fish, Coconut",Contains
Greek Moussaka,Eggplant,None,Olive oil,"Ground meat, potatoes",None,Does not contain
Banana Bread,Bananas,Sugar,Butter,Flour,"Wheat, Dairy",Contains
Chole Bhature,Chickpeas,Sugar,Ghee,"Chole masala, spices",None,Does not contain
Pesto Pasta,Pasta,None,Olive oil,"Basil, garlic",None,Does not contain
Cinnamon Rolls,Dough,Sugar,Butter,"Cinnamon, icing","Wheat, Dairy",Contains
Lemon Bars,Lemon juice,Sugar,Butter,"Flour, eggs","Wheat, Dairy, Eggs",Contains
Carrot Cake,Carrots,Sugar,Vegetable oil,Cinnamon,"Wheat, Dairy",Contains
Beef Kabobs,Beef,None,Olive oil,Seasonings,None,Does not contain
Caprese Sandwich,Tomatoes,None,Olive oil,"Mozzarella cheese, basil",Dairy,Contains
Bacon-Wrapped Shrimp,Shrimp,None,Bacon,Seasonings,"Shellfish, Pork",Contains
Ratatouille Tart,Vegetables,None,Olive oil,"Puff pastry, herbs",None,Does not contain
Chicken Enchiladas,Chicken,None,Enchilada sauce,"Cheese, tortillas","Wheat, Dairy",Contains
Caesar Wrap,Grilled chicken,None,Caesar dressing,"Lettuce, Parmesan cheese",Dairy,Contains
Greek Gyro Wrap,Lamb,None,None,"Tzatziki sauce, tomatoes, onions",Dairy,Contains
Caesar Salad,Romaine lettuce,None,Olive oil,Caesar dressing,Dairy,Contains
Greek Gyro,Lamb/Chicken,None,None,"Tzatziki sauce, vegetables","Dairy, Wheat",Contains
Orange Juice,Oranges,Sugar,None,None,None,Does not contain
Chocolate Chip Cookies,Flour,Sugar,Butter,Chocolate chips,"Wheat, Dairy",Contains
Black Bean Soup,Black beans,None,Olive oil,Vegetables,None,Does not contain
Mutton Biryani,Mutton,None,Ghee,"Basmati rice, spices",None,Does not contain
Mango Salsa,Mango,None,None,"Lime juice, cilantro",None,Does not contain
Avocado Toast,Avocado,None,Olive oil,"Salt, pepper",None,Does not contain
Vegetable Biryani,Mixed vegetables,None,Ghee,"Basmati rice, spices",None,Does not contain
Beef and Broccoli,Beef,None,Vegetable oil,Soy sauce,None,Does not contain
Caprese Salad,Tomatoes,None,Olive oil,"Mozzarella cheese, basil",Dairy,Contains
Sweet Potato Casserole,Sweet potatoes,Brown sugar,Butter,"Cinnamon, nutmeg","Dairy, Nuts",Contains
Chicken Curry,Chicken,None,Vegetable oil,Curry powder,None,Does not contain
Caramelized Onions,Onions,Sugar,Butter,None,None,Does not contain
Chicken Teriyaki,Chicken,None,Soy sauce,"Honey, ginger",Soybeans,Contains
Mushroom Risotto,Arborio rice,None,Butter,Mushroom,"Wheat, Dairy",Contains
Greek Lemon Potatoes,Potatoes,None,Olive oil,"Lemon juice, herbs",None,Does not contain
Chicken Tikka Masala,Chicken,Sugar,Ghee,"Tomato sauce, cream",Dairy,Contains
Caesar Salad Wrap,Romaine lettuce,None,Caesar dressing,"Parmesan cheese, croutons","Wheat, Dairy",Contains
Cucumber Salad,Cucumber,None,Olive oil,"Lemon juice, dill",None,Does not contain
Beef Stroganoff,Beef,None,Sour cream,"Mushrooms, onions",Dairy,Contains
Fish Sticks,Fish fillets,None,Vegetable oil,Salt,Fish,Contains
Stuffed Bell Peppers,Bell peppers,None,Olive oil,"Ground meat, rice",None,Does not contain
Zucchini Noodles,Zucchini,None,Olive oil,"Garlic, herbs",None,Does not contain
Minestrone Soup,Vegetables,None,Olive oil,Tomato broth,None,Does not contain
Almond Cookies,Almonds,Sugar,Butter,Flour,"Almonds, Wheat, Dairy",Contains
Vegetable Stir-Fry,Mixed vegetables,None,Vegetable oil,Soy sauce,None,Does not contain
Chicken Noodle Soup,Chicken,None,Vegetable oil,"Noodles, vegetables",None,Does not contain
Orange Chicken,Chicken,None,Vegetable oil,Orange sauce,None,Does not contain
Caesar Salad Wrap,Grilled chicken,None,Caesar dressing,"Lettuce, Parmesan cheese",Dairy,Contains
Lobster Bisque,Lobster,None,Butter,"Cream, brandy","Shellfish, Dairy",Contains
Mutton Biryani,Mutton,None,Ghee,"Basmati rice, spices",None,Does not contain
Chicken Fajitas,Chicken,None,Vegetable oil,Fajita seasoning,None,Does not contain
Shrimp Scampi,Shrimp,None,Butter,"Garlic, lemon","Shellfish, Dairy",Contains
Peanut Butter,Peanuts,Sugar,Vegetable oil,Salt,Peanuts,Contains
Caesar Salad Wrap,Romaine lettuce,None,Caesar dressing,"Parmesan cheese, croutons","Wheat, Dairy",Contains
Baked Ziti,Pasta,None,Cheese,Tomato sauce,"Wheat, Dairy",Contains
Caesar Pasta Salad,Pasta,None,Caesar dressing,"Romaine lettuce, Parmesan cheese","Wheat, Dairy",Contains
Strawberry Smoothie,Strawberries,Sugar,Yogurt,Milk,Dairy,Contains
Lobster Roll,Lobster,None,Mayonnaise,"Celery, lemon juice","Shellfish, Eggs",Contains
Peanut Butter,Peanuts,Sugar,Vegetable oil,Salt,Peanuts,Contains
Cabbage Rolls,Cabbage,None,Olive oil,"Ground meat, rice",None,Does not contain
Honey Glazed Carrots,Carrots,Honey,Butter,None,None,Does not contain
Pesto Pasta Salad,Pasta,None,Pesto sauce,"Tomatoes, vegetables",None,Does not contain
Chicken Alfredo,Chicken,None,Butter,"Cream, Parmesan cheese",Dairy,Contains
Pasta Carbonara,Pasta,None,Bacon,"Egg, Parmesan cheese","Wheat, Dairy",Contains
Spinach Stuffed Chicken,Chicken,None,Olive oil,"Spinach, garlic",None,Does not contain
Greek Yogurt,"Yogurt (milk, cultures)",Honey,None,None,Dairy,Contains
Banana Pudding,Bananas,Sugar,Milk,"Vanilla pudding mix, cookies",Dairy,Contains
Chocolate Mousse,Chocolate,Sugar,Heavy cream,Vanilla extract,"Dairy, Cocoa",Contains
Caramel Popcorn,Popcorn,Sugar,Butter,Salt,Dairy,Contains
Buffalo Wings,Chicken wings,None,Vegetable oil,Buffalo sauce,None,Does not contain
Chicken Fajitas,Chicken,None,Vegetable oil,Fajita seasoning,None,Does not contain
Quinoa Salad,Quinoa,None,Olive oil,"Lemon juice, vegetables",None,Does not contain
Sushi,"Fish (salmon, tuna)",Rice vinegar,Sesame oil,Soy sauce,"Fish, Soybeans",Contains
Sushi Rolls,Sushi rice,None,Soy sauce,"Nori (seaweed), fish","Soybeans, Fish",Contains
Chicken Biryani,Chicken,None,Ghee,"Basmati rice, spices",None,Does not contain
Chicken Teriyaki,Chicken,None,Vegetable oil,Teriyaki sauce,None,Does not contain
Brussels Sprouts,Brussels sprouts,None,Olive oil,Balsamic glaze,None,Does not contain
Sushi,"Fish (salmon, tuna)",Rice vinegar,Sesame oil,Soy sauce,"Fish, Soybeans",Contains
Lemon Bars,Lemon juice,Sugar,Butter,"Flour, eggs","Wheat, Dairy, Eggs",Contains
Lemonade,Lemon juice,Sugar,Water,None,None,Does not contain
Greek Yogurt Parfait,Greek yogurt,Honey,None,"Granola, mixed berries",Dairy,Contains
Chicken Enchiladas,Chicken,None,Enchilada sauce,"Cheese, tortillas","Wheat, Dairy",Contains
Zucchini Noodles,Zucchini,None,Olive oil,"Garlic, herbs",None,Does not contain
Almond Cookies,Almonds,Sugar,Butter,Flour,"Almonds, Wheat, Dairy",Contains
Beef Stroganoff,Beef,None,Sour cream,"Mushroom, onion",Dairy,Contains
Teriyaki Salmon,Salmon,None,Vegetable oil,Teriyaki sauce,Fish,Contains
Cilantro Lime Chicken,Chicken,None,Olive oil,"Cilantro, lime",None,Does not contain
Lemon Poppy Seed Muffins,Flour,Sugar,Butter,"Lemon zest, poppy seeds","Wheat, Dairy",Contains
Garlic Shrimp,Shrimp,None,Olive oil,Garlic,Shellfish,Contains
Mango Salsa,Mango,None,None,"Lime juice, cilantro",None,Does not contain
Cheese Pizza,Cheese,None,None,Tomato sauce,Dairy,Contains
Greek Moussaka,Eggplant,None,Olive oil,"Ground meat, potatoes",None,Does not contain
Honey Mustard Chicken,Chicken,Honey,Olive oil,"Mustard, herbs",None,Does not contain
Eggplant Parmesan,Eggplant,None,Olive oil,"Marinara sauce, cheese",Dairy,Contains
Cilantro Lime Chicken,Chicken,None,Olive oil,"Cilantro, lime",None,Does not contain
Chicken Biryani,Chicken,None,Ghee,"Basmati rice, spices",None,Does not contain
Oatmeal Raisin Cookies,Oats,Brown sugar,Butter,"Raisins, cinnamon","Wheat, Dairy",Contains
Chicken Curry,Chicken,None,Oil,Curry spices,None,Does not contain
Apple,Apples,None,None,None,None,Does not contain
Prawn Biryani,Prawns,None,Ghee,"Basmati rice, spices",Shellfish,Contains
Banana Smoothie,Bananas,Honey,"Yogurt (milk, cultures)",None,Dairy,Contains
Blueberry Pancakes,Flour,Sugar,Butter,Blueberries,"Wheat, Dairy",Contains
Chana Masala,Chickpeas,None,Oil,Masala spices,None,Does not contain
Matar Paneer,Paneer,None,Ghee,"Peas, spices",Dairy,Contains
Oatmeal Raisin Cookies,Oats,Sugar,Butter,Flour,"Wheat, Dairy",Contains
Lentil Curry,Lentils,None,Coconut milk,Curry powder,None,Does not contain
Beef and Mushroom Stir-Fry,Beef,None,Vegetable oil,Soy sauce,None,Does not contain
Brussels Sprouts,Brussels sprouts,None,Olive oil,Balsamic glaze,None,Does not contain
Beef Burritos,Beef,None,Vegetable oil,Burrito seasoning,None,Does not contain
Lemonade,Lemon juice,Sugar,Water,None,None,Does not contain
Ratatouille Pasta,Pasta,None,Olive oil,Ratatouille vegetables,None,Does not contain
Greek Yogurt,"Yogurt (milk, cultures)",None,None,None,Dairy,Contains
Vegetable Curry,Mixed vegetables,None,Coconut milk,Curry paste,None,Does not contain
Baked Apple,Apples,Sugar,Butter,"Cinnamon, oats","Wheat, Dairy",Contains
Peanut Butter,Peanuts,Sugar,Vegetable oil,Salt,Peanuts,Contains
Beef Burritos,Beef,None,Vegetable oil,Burrito seasoning,None,Does not contain
Beef Chili,Ground beef,None,None,Chili powder,None,Does not contain
Gulab Jamun,Milk solids,Sugar,Ghee,Cardamom syrup,Dairy,Contains
Rogan Josh,Lamb,None,Ghee,"Yogurt, Kashmiri red chili",Dairy,Contains
Chicken Shawarma,Chicken,None,Olive oil,Shawarma seasoning,None,Does not contain
Mushroom Risotto,Mushrooms,None,Butter,"Arborio rice, Parmesan cheese",Dairy,Contains
Banana Bread,Bananas,Sugar,Butter,Flour,"Wheat, Dairy",Contains
Tomato Soup,Tomatoes,None,None,"Salt, Sugar",None,Does not contain
Caesar Salad Wrap,Romaine lettuce,None,Caesar dressing,"Parmesan cheese, croutons","Wheat, Dairy",Contains
Lobster Roll,Lobster,None,Mayonnaise,"Celery, lemon juice","Shellfish, Eggs",Contains
Chicken Noodle Soup,Chicken,None,Vegetable oil,"Noodles, vegetables",None,Does not contain
Vegetable Soup,Mixed vegetables,None,Olive oil,Seasonings,None,Does not contain
Beef and Broccoli,Beef,None,Vegetable oil,Soy sauce,None,Does not contain
Pancakes,Flour,Sugar,Butter,Baking powder,"Wheat, Dairy",Contains
Butternut Squash Soup,Butternut squash,None,Butter,Vegetable broth,Dairy,Contains
Strawberry Shortcake,Strawberries,Sugar,Whipped cream,Shortcake,"Wheat, Dairy",Contains
Cinnamon Rolls,Dough,Sugar,Butter,"Cinnamon, icing","Wheat, Dairy",Contains
Tandoori Chicken,Chicken,None,Yogurt,Tandoori spices,Dairy,Contains
Margherita Pizza,Cheese,None,None,"Tomato sauce, basil",Dairy,Contains
Stuffed Tomatoes,Tomatoes,None,None,"Herbs, breadcrumbs",None,Does not contain
Pesto Pasta Salad,Pasta,None,Pesto sauce,"Tomatoes, vegetables",None,Does not contain
Caprese Salad,Tomatoes,None,Olive oil,"Mozzarella cheese, basil",Dairy,Contains
Eggplant Parmesan,Eggplant,None,Olive oil,"Marinara sauce, cheese",Dairy,Contains
Chole Kulche,Chickpeas,None,Ghee,"Kulcha bread, spices",None,Does not contain
Chicken Parmesan,Chicken,None,"Bread crumbs, Parmesan cheese",Marinara sauce,Dairy,Contains
Malai Kofta,Cottage cheese,None,Ghee,Creamy tomato sauce,Dairy,Contains
Mashed Potatoes,Potatoes,None,Butter,"Salt, Pepper",Dairy,Contains
Honey Soy Glazed Salmon,Salmon,Honey,Soy sauce,"Garlic, ginger","Fish, Soybeans",Contains
Fish Sticks,Fish fillets,None,Vegetable oil,Salt,Fish,Contains
Quinoa Salad,Quinoa,None,Olive oil,"Lemon juice, vegetables",None,Does not contain
Hawaiian Pizza,Pizza dough,None,None,"Pineapple, ham","Wheat, Pork, Dairy",Contains
Chicken Piccata,Chicken,None,Butter,"Lemon, capers","Dairy, Fish",Contains
Beef Stir-Fry,Beef,None,Vegetable oil,Soy sauce,None,Does not contain
Stuffed Cabbage Rolls,Cabbage,None,Olive oil,"Ground meat, rice",None,Does not contain
Lemon Poppy Seed Muffins,Flour,Sugar,Butter,"Lemon zest, poppy seeds","Wheat, Dairy",Contains
Ratatouille,Eggplant,None,Olive oil,Tomatoes,None,Does not contain
Chicken Caesar Wrap,Chicken,None,Caesar dressing,"Romaine lettuce, Parmesan cheese",Dairy,Contains
Caprese Salad,Tomatoes,None,Olive oil,"Mozzarella cheese, basil",Dairy,Contains
Greek Lemon Potatoes,Potatoes,None,Olive oil,"Lemon juice, herbs",None,Does not contain
Chicken Curry,Chicken,None,Oil,Curry spices,None,Does not contain
Spinach Stuffed Chicken,Chicken,None,Olive oil,"Spinach, garlic",None,Does not contain
Chicken Biryani,Chicken,None,Ghee,"Basmati rice, spices",None,Does not contain
Pasta Carbonara,Pasta,None,Bacon,"Egg, Parmesan cheese","Wheat, Dairy",Contains
Chicken Quesadilla,Chicken,None,Butter,Cheese,"Wheat, Dairy",Contains
Ratatouille Pasta,Pasta,None,Olive oil,Ratatouille vegetables,None,Does not contain
Mushroom Soup,Mushrooms,None,Butter,Vegetable broth,Dairy,Contains
Lobster Roll,Lobster,None,Mayonnaise,"Celery, lemon juice","Shellfish, Eggs",Contains
Chicken Biryani,Chicken,None,Ghee,"Basmati rice, spices",None,Does not contain
Baked Brie,Brie cheese,None,None,"Herbs, nuts","Dairy, Nuts",Contains
Spinach Salad,Spinach,None,Olive oil,Balsamic vinegar,None,Does not contain
Cucumber Salad,Cucumbers,None,Olive oil,"Vinegar, herbs",None,Does not contain
Quiche,Eggs,None,Cheese,Vegetables,"Eggs, Dairy",Contains
Greek Moussaka,Eggplant,None,Olive oil,"Ground meat, potatoes",None,Does not contain
Chicken Enchiladas,Chicken,None,Enchilada sauce,"Cheese, tortillas","Wheat, Dairy",Contains
Mashed Potatoes,Potatoes,None,Butter,"Salt, Pepper",Dairy,Contains
Lentil Soup,Lentils,None,Olive oil,Vegetables,None,Does not contain
Orange Chicken,Chicken,None,Vegetable oil,Orange sauce,None,Does not contain
Roasted Brussels Sprouts,Brussels sprouts,None,Olive oil,Balsamic glaze,None,Does not contain
Stuffed Bell Peppers,Bell peppers,None,Olive oil,"Ground meat, rice",None,Does not contain
Oatmeal Raisin Cookies,Oats,Sugar,Butter,Flour,"Wheat, Dairy",Contains
Rogan Josh,Lamb,None,Ghee,"Yogurt, Kashmiri red chili",Dairy,Contains
Bacon-Wrapped Shrimp,Shrimp,None,Bacon,Seasonings,"Shellfish, Pork",Contains
Butternut Squash Soup,Butternut squash,None,Butter,Vegetable broth,Dairy,Contains
Garlic Bread,Bread,None,Butter,Garlic,"Wheat, Dairy",Contains
Lemon Garlic Shrimp,Shrimp,None,Olive oil,"Lemon juice, garlic",Shellfish,Contains
Chicken Korma,Chicken,None,Ghee,"Creamy sauce, spices",Dairy,Contains
Chicken Noodle Soup,Chicken broth,None,None,Salt,"Chicken, Wheat, Celery",Contains
Berry Parfait,Berries,Honey,Yogurt,Granola,Dairy,Contains
Beef Stroganoff,Beef,None,Sour cream,"Mushroom, onion",Dairy,Contains
Cinnamon Rolls,Dough,Sugar,Butter,"Cinnamon, icing","Wheat, Dairy",Contains
Butternut Squash Soup,Butternut squash,None,Butter,Vegetable broth,Dairy,Contains
Blueberry Muffins,Blueberries,Sugar,Butter,Flour,"Wheat, Dairy",Contains
Lemon Bars,Lemon juice,Sugar,Butter,"Flour, eggs","Wheat, Dairy, Eggs",Contains
Soy Milk,Soybeans,Sugar,None,Emulsifiers,Soybeans,Contains
Caesar Salad Wrap,Romaine lettuce,None,Caesar dressing,"Parmesan cheese, croutons","Wheat, Dairy",Contains
Blueberry Muffins,Flour,Sugar,Butter,Blueberries,"Wheat, Dairy",Contains
Chicken Curry,Chicken,None,Coconut milk,Curry powder,None,Does not contain
Chicken Noodle Soup,Chicken broth,None,None,Salt,"Chicken, Wheat, Celery",Contains
Quinoa Stuffed Peppers,Quinoa,None,Olive oil,"Vegetables, spices",None,Does not contain
Strawberry Spinach Salad,Spinach,None,None,"Strawberries, vinaigrette",None,Does not contain
Teriyaki Beef,Beef,None,Soy sauce,"Teriyaki sauce, vegetables",Soybeans,Contains
Pumpkin Pie,Pumpkin,Sugar,Butter,"Pumpkin spice, pastry","Wheat, Dairy",Contains
Caesar Shrimp Skewers,Shrimp,None,Olive oil,Caesar dressing,"Shellfish, Dairy",Contains
Tiramisu,Ladyfingers,Sugar,Mascarpone cheese,"Coffee, cocoa","Wheat, Dairy",Contains
Apple Crisp,Apples,Sugar,Butter,"Cinnamon, oats","Wheat, Dairy",Contains
Avocado Toast,Avocado,None,Olive oil,"Salt, pepper",None,Does not contain
Beef Burger,Ground beef,None,Vegetable oil,"Salt, Pepper",None,Does not contain
Almond Cookies,Almonds,Sugar,Butter,Flour,"Almonds, Wheat, Dairy",Contains
Masala Dosa,Rice,None,Oil,"Potato masala, spices",None,Does not contain
Raspberry Cheesecake,Cream cheese,Sugar,Butter,"Graham cracker crust, raspberries","Wheat, Dairy",Contains
Paneer Tikka,Paneer,None,Oil,"Tikka masala, spices",Dairy,Contains
Biryani,Rice,None,Ghee,"Biryani masala, spices",None,Does not contain
Egg Fried Rice,Eggs,None,Sesame oil,Soy sauce,"Eggs, Soybeans",Contains
Baked Ziti,Pasta,None,None,"Tomato sauce, cheese","Wheat, Dairy",Contains
Paneer Tikka,Paneer,None,Oil,"Tikka masala, spices",Dairy,Contains
Chicken Teriyaki,Chicken,None,Soy sauce,"Honey, ginger",Soybeans,Contains
Greek Yogurt Parfait,Greek yogurt,Honey,None,"Granola, mixed berries",Dairy,Contains
Chicken Piccata,Chicken,None,Butter,"Lemon, capers",Dairy,Contains
Garlic Bread,Bread,None,Butter,Garlic,"Wheat, Dairy",Contains
Spinach Salad,Spinach,None,Olive oil,Balsamic vinegar,None,Does not contain
Minestrone Soup,Vegetables,None,Olive oil,Tomato broth,None,Does not contain
Lemonade,Lemon juice,Sugar,Water,None,None,Does not contain
Caesar Salad,Romaine lettuce,None,Olive oil,Parmesan cheese,Dairy,Contains
Greek Salad,Cucumber,None,Olive oil,Lemon juice,None,Does not contain
Blueberry Muffins,Flour,Sugar,Butter,Blueberries,"Wheat, Dairy",Contains
Shrimp Scampi,Shrimp,None,Butter,"Garlic, lemon",Shellfish,Contains
Ratatouille Pizza,Pizza dough,None,Olive oil,Ratatouille vegetables,None,Does not contain
Shrimp Scampi,Shrimp,None,Butter,"Garlic, lemon",Shellfish,Contains
Avocado Toast,Avocado,None,Olive oil,"Salt, pepper",None,Does not contain
Hyderabadi Biryani,Basmati rice,None,Ghee,"Meat/vegetables, spices",None,Does not contain
Quiche Lorraine,Bacon,None,Heavy cream,"Cheese, eggs","Dairy, Eggs",Contains
Peanut Butter,Peanuts,Sugar,Vegetable oil,Salt,Peanuts,Contains
Apple Pie,Apples,Sugar,Butter,"Cinnamon, pastry","Wheat, Dairy",Contains
Chicken Alfredo Pizza,Pizza dough,None,None,"Chicken, Alfredo sauce","Wheat, Dairy",Contains
Stuffed Tomatoes,Tomatoes,None,None,"Herbs, breadcrumbs",None,Does not contain
Beef Stroganoff,Beef,None,Sour cream,"Mushroom, onion",Dairy,Contains
Blueberry Muffins,Flour,Sugar,Butter,Blueberries,"Wheat, Dairy",Contains
Pumpkin Pie,Pumpkin,Sugar,Butter,"Pumpkin spice, pastry","Wheat, Dairy",Contains
Teriyaki Salmon,Salmon,None,Vegetable oil,Teriyaki sauce,Fish,Contains
Caesar Pasta Salad,Pasta,None,Caesar dressing,"Romaine lettuce, Parmesan cheese","Wheat, Dairy",Contains
Caprese Salad,Tomatoes,None,Olive oil,"Mozzarella cheese, basil",Dairy,Contains
Mushroom Risotto,Mushrooms,None,Butter,"Arborio rice, Parmesan cheese",Dairy,Contains
Stuffed Mushrooms,Mushrooms,None,None,"Garlic, herbs",None,Does not contain
Mushroom Risotto,Mushrooms,None,Butter,"Arborio rice, Parmesan cheese",Dairy,Contains
Pani Puri,Semolina,Tamarind,None,"Spiced water, chutney",None,Does not contain
Gazpacho,Tomatoes,None,Olive oil,"Garlic, herbs",None,Does not contain
S'mores,Graham crackers,Marshmallows,Chocolate,None,"Wheat, Dairy",Contains
Dahi Vada,Lentil dumplings,None,Yogurt,"Tamarind chutney, spices",Dairy,Contains
Chocolate Chip Pancakes,Flour,Sugar,Butter,Chocolate chips,"Wheat, Dairy, Cocoa",Contains
Mango Salsa,Mango,None,None,"Red onion, lime",None,Does not contain
Cabbage Rolls,Cabbage,None,Olive oil,"Ground meat, rice",None,Does not contain
Banana Smoothie,Bananas,Honey,"Yogurt (milk, cultures)",None,Dairy,Contains
Pesto Pizza,Pesto sauce,None,None,"Mozzarella cheese, basil",Dairy,Contains
Beef Tacos,Beef,None,Vegetable oil,Taco seasoning,None,Does not contain
Ratatouille Pasta,Pasta,None,Olive oil,Ratatouille vegetables,None,Does not contain
Mashed Potatoes,Potatoes,None,Butter,"Salt, Pepper",Dairy,Contains
Caramelized Onions,Onions,Sugar,Butter,None,None,Does not contain
Rajma Chawal,Kidney beans,None,Ghee,Spices,None,Contains
Banana Bread,Bananas,Sugar,Butter,"Cinnamon, nuts","Wheat, Dairy, Nuts",Contains
Ratatouille Tart,Vegetables,None,Olive oil,"Puff pastry, herbs",None,Does not contain
Zucchini Bread,Zucchini,Sugar,Butter,"Cinnamon, nuts","Wheat, Dairy, Nuts",Contains
Apple Pie,Apples,Sugar,Butter,"Cinnamon, pastry","Wheat, Dairy",Contains
Palak Paneer,Spinach,None,Ghee,"Paneer, spices",Dairy,Contains
Chicken Fajitas,Chicken,None,Vegetable oil,Fajita seasoning,None,Does not contain
Beef Stroganoff,Beef,None,Sour cream,"Mushrooms, onions",Dairy,Contains
Mashed Potatoes,Potatoes,None,Butter,"Salt, Pepper",Dairy,Contains
Spinach and Feta Stuffed Chicken,Chicken,None,Olive oil,"Spinach, feta cheese",Dairy,Contains
Tiramisu,Ladyfingers,Sugar,Mascarpone cheese,"Coffee, cocoa","Wheat, Dairy",Contains
Chicken Curry,Chicken,None,Vegetable oil,Curry powder,None,Does not contain
Stuffed Bell Peppers,Bell peppers,None,Olive oil,"Ground meat, rice",None,Does not contain
Beef Stroganoff,Beef,None,Sour cream,"Mushrooms, onions",Dairy,Contains
Margherita Pizza,Cheese,None,None,"Tomato sauce, basil",Dairy,Contains
Beef Kabobs,Beef,None,Olive oil,Seasonings,None,Does not contain
Pesto Chicken,Chicken,None,Pesto sauce,None,None,Does not contain
Ratatouille Pasta,Pasta,None,Olive oil,Ratatouille vegetables,None,Does not contain
Oatmeal Raisin Cookies,Oats,Sugar,Butter,Flour,"Wheat, Dairy",Contains
Margherita Pasta,Pasta,None,Olive oil,"Fresh tomatoes, mozzarella",Dairy,Contains
Eggplant Parmesan,Eggplant,None,Olive oil,"Marinara sauce, cheese",Dairy,Contains
Caramelized Onions,Onions,Sugar,Butter,None,None,Does not contain
Buffalo Wings,Chicken wings,None,Vegetable oil,Buffalo sauce,None,Does not contain
Caprese Salad,Tomatoes,None,Olive oil,"Mozzarella cheese, basil",Dairy,Contains
Baked Garlic Parmesan Chicken,Chicken,None,Butter,"Parmesan cheese, garlic",Dairy,Contains
Mashed Potatoes,Potatoes,None,Butter,"Salt, Pepper",Dairy,Contains
Pumpkin Pie,Pumpkin,Sugar,Butter,"Pumpkin spice, pastry","Wheat, Dairy",Contains
Ratatouille Pasta,Pasta,None,Olive oil,Ratatouille vegetables,None,Does not contain
Beef and Mushroom Stir-Fry,Beef,None,Vegetable oil,Soy sauce,None,Does not contain
Cinnamon Rolls,Dough,Sugar,Butter,"Cinnamon, icing","Wheat, Dairy",Contains
Rasmalai,Paneer,Sugar,"Milk, Ghee","Cardamom, nuts",Dairy,Contains
Strawberry Smoothie,Strawberries,Sugar,Yogurt,Milk,Dairy,Contains
Wheat Bread,Wheat flour,None,None,Salt,Wheat,Contains
Margherita Pizza,Cheese,None,None,"Tomato sauce, basil",Dairy,Contains
Key Lime Pie,Lime juice,Sugar,Butter,Graham cracker crust,"Wheat, Dairy",Contains
Apple Cider,Apples,Sugar,None,Cinnamon,None,Does not contain
Banana Smoothie,Bananas,Honey,"Yogurt (milk, cultures)",None,Dairy,Contains
Aloo Paratha,Potatoes,None,Ghee,"Wheat flour, spices",Wheat,Contains
Baked Salmon,Salmon fillet,None,Olive oil,"Lemon, herbs",Fish,Contains
Lobster Roll,Lobster,None,Mayonnaise,"Celery, lemon juice","Shellfish, Eggs",Contains
Vegetable Stir-Fry,Mixed vegetables,None,Vegetable oil,Soy sauce,None,Does not contain
Spinach Salad,Spinach,None,Olive oil,Balsamic vinaigrette,None,Does not contain
S'mores,Graham crackers,Marshmallows,Chocolate,None,"Wheat, Dairy",Contains
Greek Yogurt,"Yogurt (milk, cultures)",None,None,None,Dairy,Contains
Aloo Gobi,Potatoes,None,Oil,"Cauliflower, spices",None,Does not contain
Beef Stir-Fry,Beef,None,Vegetable oil,Soy sauce,None,Does not contain
Ratatouille Tart,Vegetables,None,Olive oil,"Puff pastry, herbs",None,Does not contain
Greek Gyro Wrap,Lamb,None,None,"Tzatziki sauce, tomatoes, onions",Dairy,Contains
Baked Ziti,Pasta,None,Cheese,Tomato sauce,"Wheat, Dairy",Contains
Baked Garlic Parmesan Chicken,Chicken,None,Butter,"Parmesan cheese, garlic",Dairy,Contains
Gobi Manchurian,Cauliflower,None,Oil,Manchurian sauce,None,Does not contain
Chicken Parmesan,Chicken,None,"Bread crumbs, Parmesan cheese",Marinara sauce,Dairy,Contains
Teriyaki Beef,Beef,None,Soy sauce,"Teriyaki sauce, vegetables",Soybeans,Contains
Ratatouille Tart,Vegetables,None,Olive oil,"Puff pastry, herbs",None,Does not contain
Cucumber Salad,Cucumbers,None,Olive oil,"Vinegar, herbs",None,Does not contain
Baked Apple,Apples,Sugar,Butter,"Cinnamon, oats","Wheat, Dairy",Contains
Butter Naan,Flour,None,Butter,None,"Wheat, Dairy",Contains
Beef and Mushroom Stir-Fry,Beef,None,Vegetable oil,Soy sauce,None,Does not contain
Zucchini Noodles,Zucchini,None,Olive oil,"Garlic, herbs",None,Does not contain
Honey Mustard Chicken,Chicken,Honey,Olive oil,"Mustard, herbs",None,Does not contain
Hyderabadi Biryani,Basmati rice,None,Ghee,"Meat/vegetables, spices",None,Does not contain
Baked Salmon,Salmon,None,Olive oil,"Lemon, herbs",Fish,Contains
Caesar Salad,Romaine lettuce,None,Olive oil,Parmesan cheese,Dairy,Contains
Matar Paneer,Paneer,None,Ghee,"Peas, spices",Dairy,Contains
Coconut Curry,Chicken,None,Coconut milk,Curry paste,None,Does not contain
Zucchini Bread,Zucchini,Sugar,Butter,"Cinnamon, nuts","Wheat, Dairy, Nuts",Contains
Raspberry Spinach Salad,Spinach,None,None,"Raspberries, vinaigrette",None,Does not contain
Pesto Chicken,Chicken,None,Pesto sauce,None,None,Does not contain
Chicken Pot Pie,Chicken,None,Butter,"Vegetables, pastry",Wheat,Contains
Bacon-Wrapped Shrimp,Shrimp,None,Bacon,Seasonings,"Shellfish, Pork",Contains
Honey Glazed Carrots,Carrots,Honey,Butter,None,None,Does not contain
Apple Pie,Apples,Sugar,Butter,"Cinnamon, pastry","Wheat, Dairy",Contains
Chicken Korma,Chicken,None,Ghee,"Creamy sauce, spices",Dairy,Contains
Strawberry Spinach Salad,Spinach,None,None,"Strawberries, vinaigrette",None,Does not contain
Greek Moussaka,Eggplant,None,Olive oil,"Ground meat, potatoes",None,Does not contain
Tandoori Chicken,Chicken,None,Yogurt,Tandoori spices,Dairy,Contains
Teriyaki Beef,Beef,None,Soy sauce,"Teriyaki sauce, vegetables",Soybeans,Contains
Pesto Chicken,Chicken,None,Pesto sauce,None,None,Does not contain
Beef Stir-Fry,Beef,None,Vegetable oil,Soy sauce,None,Does not contain
Garlic Bread,Bread,None,Butter,Garlic,"Wheat, Dairy",Contains
Tuna Salad,Tuna,Mayonnaise,None,"Celery, onion","Fish, Eggs",Contains
Brussels Sprouts,Brussels sprouts,None,Olive oil,Balsamic glaze,None,Does not contain
Chicken Alfredo,Chicken,None,Butter,"Cream, Parmesan cheese",Dairy,Contains
Chicken Caesar Salad,Chicken,None,Caesar dressing,"Romaine lettuce, croutons","Wheat, Dairy",Contains
Caesar Salad Wrap,Romaine lettuce,None,Caesar dressing,"Parmesan cheese, croutons","Wheat, Dairy",Contains
Beef Stir-Fry,Beef,None,Vegetable oil,Soy sauce,None,Does not contain
Mango Lassi,Mango,Sugar,"Yogurt (milk, cultures)",Cardamom,Dairy,Contains
Chicken and Rice Soup,Chicken,None,Vegetable oil,"Rice, vegetables",None,Does not contain
Caesar Shrimp Skewers,Shrimp,None,Olive oil,Caesar dressing,"Shellfish, Dairy",Contains
Strawberry Spinach Salad,Spinach,None,None,"Strawberries, vinaigrette",None,Does not contain
Tofu Curry,Tofu,None,Coconut milk,Curry paste,None,Does not contain
Green Smoothie,Spinach,Honey,Avocado,Almond milk,None,Does not contain
Chicken Tikka Masala,Chicken,None,Ghee,Tikka masala sauce,"Dairy, Ghee",Contains
Tandoori Chicken,Chicken,None,Yogurt,Tandoori spices,Dairy,Contains
Peanut Butter,Peanuts,Sugar,Vegetable oil,Salt,Peanuts,Contains
Chicken Korma,Chicken,None,Ghee,"Creamy sauce, spices",Dairy,Contains
Raspberry Spinach Salad,Spinach,None,None,"Raspberries, vinaigrette",None,Does not contain
Lentil Soup,Lentils,None,Olive oil,Vegetables,None,Does not contain
Beef Stroganoff,Beef,None,Sour cream,"Mushroom, onion",Dairy,Contains
Chicken Piccata,Chicken,None,Butter,"Lemon, capers","Dairy, Fish",Contains
Zucchini Noodles with Pesto,Zucchini,None,Olive oil,Pesto sauce,"Pine nuts, Dairy",Contains
Baked Ziti,Pasta,None,None,"Tomato sauce, cheese","Wheat, Dairy",Contains
Malai Chicken Tikka,Chicken,None,Cream,Spices,Dairy,Contains
Greek Moussaka,Eggplant,None,Olive oil,"Ground meat, potatoes",None,Does not contain
Vegetable Biryani,Mixed vegetables,None,Ghee,"Basmati rice, spices",None,Does not contain
Chole Kulche,Chickpeas,None,Ghee,"Kulcha bread, spices",None,Does not contain
Zucchini Noodles with Pesto,Zucchini,None,Olive oil,Pesto sauce,"Pine nuts, Dairy",Contains
Tomato Bruschetta,Tomatoes,None,Olive oil,"Garlic, basil",None,Does not contain
Chicken Noodle Soup,Chicken,None,Vegetable oil,"Noodles, vegetables",None,Does not contain
Caramel Popcorn,Popcorn,Sugar,Butter,Salt,Dairy,Contains
Masala Dosa,Rice,None,Oil,"Potato masala, spices",None,Does not contain
Peanut Butter,Peanuts,Sugar,Vegetable oil,Salt,Peanuts,Contains
Chicken Quesadilla,Chicken,None,Butter,Cheese,"Wheat, Dairy",Contains
Greek Lemon Potatoes,Potatoes,None,Olive oil,"Lemon juice, herbs",None,Does not contain
Honey Glazed Carrots,Carrots,Honey,Butter,None,None,Does not contain
Tomato Soup,Tomatoes,None,None,"Salt, Sugar",None,Does not contain
Chole Bhature,Chickpeas,Sugar,Ghee,"Chole masala, spices",None,Does not contain
Strawberry Yogurt,"Yogurt (milk, cultures)",Sugar,None,Pectin,"Milk, Strawberries",Contains
Caramel Popcorn,Popcorn,Sugar,Butter,Salt,Dairy,Contains
French Fries,Potatoes,None,Vegetable oil,Salt,None,Does not contain
Beef and Mushroom Stir-Fry,Beef,None,Vegetable oil,Soy sauce,None,Does not contain
Caramelized Onions,Onions,Sugar,Butter,None,None,Does not contain
Lemon Pepper Chicken,Chicken,None,Olive oil,Lemon pepper seasoning,None,Does not contain
Vanilla Ice Cream,Milk,Sugar,Cream,Vanilla extract,Milk,Contains
Baked Salmon,Salmon,None,Olive oil,"Lemon, herbs",Fish,Contains
Greek Lemon Potatoes,Potatoes,None,Olive oil,"Lemon juice, herbs",None,Does not contain
Honey Mustard Chicken,Chicken breast,Honey,Mustard,Vegetable oil,None,Contains
Baked Ziti,Pasta,None,Cheese,Tomato sauce,"Wheat, Dairy",None
Strawberry Smoothie,Strawberries,Honey,"Yogurt (milk, cultures)",None,Dairy,Contains
Cheddar Cheese,Cheese,None,None,Salt,Dairy,Contains
Dal Makhani,Lentils,None,Ghee,"Cream, spices",Dairy,Contains
Strawberry Shortcake,Strawberries,Sugar,Whipped cream,Shortcake,"Wheat, Dairy",Contains
Beef Stroganoff,Beef,None,Sour cream,"Mushrooms, onions",Dairy,Contains
Caprese Salad,Tomatoes,None,Olive oil,"Mozzarella cheese, basil",Dairy,Contains
Lemon Garlic Shrimp,Shrimp,None,Olive oil,"Lemon juice, garlic",Shellfish,Contains
Cinnamon Rolls,Flour,Sugar,Butter,Cinnamon,"Wheat, Dairy",Contains
Beef Wellington,Beef,None,Butter,"Mushrooms, puff pastry","Wheat, Dairy",Contains
Baked Ziti,Pasta,None,None,"Tomato sauce, cheese","Wheat, Dairy",Contains
Zucchini Noodles,Zucchini,None,Olive oil,"Garlic, herbs",None,Does not contain
Cucumber Salad,Cucumber,None,Olive oil,"Lemon juice, dill",None,Does not contain
Pav Bhaji,Mixed vegetables,None,Butter,"Pav bread, spices",None,Does not contain
Strawberry Spinach Salad,Spinach,None,None,"Strawberries, vinaigrette",None,Does not contain
Strawberry Smoothie,Strawberries,Honey,"Yogurt (milk, cultures)",None,Dairy,Contains
Beef Burger,Ground beef,None,Vegetable oil,"Salt, Pepper",None,Does not contain
Vegetable Lasagna,Vegetables,None,Olive oil,"Tomato sauce, cheese","Wheat, Dairy",Contains
Chicken Caesar Salad,Chicken,None,Caesar dressing,"Romaine lettuce, croutons","Wheat, Dairy",Contains
Sushi Bowl,Sushi rice,None,Soy sauce,"Raw fish, vegetables","Fish, Soybeans",Contains
Bacon-Wrapped Shrimp,Shrimp,None,Bacon,Seasonings,"Shellfish, Pork",Contains
Zucchini Bread,Zucchini,Sugar,Butter,"Cinnamon, nuts","Wheat, Dairy, Nuts",Contains
Tofu Stir-Fry,Tofu,None,Vegetable oil,Soy sauce,Soybeans,Contains
Samosa,Potatoes,None,Ghee,Spices,None,Contains
Strawberry Smoothie,Strawberries,Honey,"Yogurt (milk, cultures)",None,Dairy,Contains
Greek Lemon Potatoes,Potatoes,None,Olive oil,"Lemon juice, herbs",None,Does not contain
Chocolate Chip Cookies,Flour,Sugar,Butter,Chocolate chips,"Wheat, Dairy",Contains
Strawberry Spinach Salad,Spinach,None,None,"Strawberries, vinaigrette",None,Does not contain
Chocolate Mousse,Chocolate,Sugar,Heavy cream,Vanilla extract,"Dairy, Cocoa",Contains
Zucchini Noodles with Pesto,Zucchini,None,Olive oil,Pesto sauce,"Pine nuts, Dairy",Contains
Roasted Brussels Sprouts,Brussels sprouts,None,Olive oil,Balsamic glaze,None,Does not contain
Chicken Noodle Soup,Chicken,None,Vegetable oil,"Noodles, vegetables",None,Does not contain
Avocado Toast,Avocado,None,Olive oil,"Salt, pepper",None,Does not contain
Oatmeal,Oats,Sugar,Milk,Cinnamon,"Oats, Dairy",Contains
French Fries,Potatoes,None,Vegetable oil,Salt,None,Does not contain
Baked Chicken Wings,Chicken wings,None,Olive oil,Seasonings,None,Does not contain
Avocado Toast,Avocado,None,Olive oil,"Salt, pepper",None,Does not contain
Greek Yogurt,"Yogurt (milk, cultures)",Honey,None,None,Dairy,Contains
Chicken Enchiladas,Chicken,None,Vegetable oil,Enchilada sauce,None,Does not contain
Chicken Caesar Wrap,Chicken,None,Caesar dressing,"Romaine lettuce, Parmesan cheese",Dairy,Contains
Peanut Butter,Peanuts,Sugar,Vegetable oil,Salt,Peanuts,Contains
Spinach Salad,Spinach,None,Olive oil,Balsamic vinaigrette,None,Does not contain
Lemon Garlic Shrimp,Shrimp,None,Olive oil,"Lemon juice, garlic",Shellfish,Contains
Caprese Skewers,Tomatoes,None,Olive oil,"Mozzarella cheese, basil",Dairy,Contains
Shrimp Scampi Pasta,Shrimp,None,Butter,"Garlic, lemon",Shellfish,Contains
Ranch Dressing,Buttermilk,Sugar,Vegetable oil,"Garlic, herbs",Dairy,Contains
Onion Rings,Onions,None,Vegetable oil,Flour,Wheat,Contains
Pesto Pasta,Pasta,None,Olive oil,"Basil, garlic",None,Does not contain
Caesar Wrap,Grilled chicken,None,Caesar dressing,"Lettuce, Parmesan cheese",Dairy,Contains
Vada Pav,Potato,None,Oil,"Pav bun, chutney",None,Does not contain
Peanut Butter,Peanuts,Sugar,Vegetable oil,Salt,Peanuts,Contains
Caesar Salad Wrap,Grilled chicken,None,Caesar dressing,"Lettuce, Parmesan cheese",Dairy,Contains
Garlic Shrimp,Shrimp,None,Olive oil,Garlic,Shellfish,Contains
Lemon Pepper Chicken,Chicken,None,Olive oil,Lemon pepper seasoning,None,Does not contain
Lemon Garlic Shrimp,Shrimp,None,Olive oil,"Lemon juice, garlic",Shellfish,Contains
Caesar Pasta Salad,Pasta,None,Caesar dressing,"Romaine lettuce, Parmesan cheese","Wheat, Dairy",Contains
S'mores,Graham crackers,Marshmallows,Chocolate,None,"Wheat, Dairy",Contains
Chicken Alfredo Pizza,Pizza dough,None,None,"Chicken, Alfredo sauce","Wheat, Dairy",Contains
Strawberry Yogurt,"Yogurt (milk, cultures)",Sugar,None,Pectin,"Milk, Strawberries",Contains
Mango Salsa,Mango,None,None,"Lime juice, cilantro",None,Does not contain
Chicken Tikka Masala,Chicken,None,Ghee,Tikka masala sauce,"Dairy, Ghee",Contains
Salsa,Tomatoes,None,None,"Onion, cilantro",None,Does not contain
Caprese Skewers,Tomatoes,None,Olive oil,"Mozzarella cheese, basil",Dairy,Contains
Milk Chocolate,Sugar,Cocoa butter,Milk powder,Vanilla extract,Milk,Contains
Spinach Stuffed Chicken,Chicken,None,Olive oil,"Spinach, garlic",None,Does not contain
Beef Stir-Fry,Beef,None,Vegetable oil,Soy sauce,None,Does not contain
Key Lime Pie,Lime juice,Sugar,Butter,Graham cracker crust,"Wheat, Dairy",Contains
Oatmeal Raisin Cookies,Oats,Sugar,Butter,Flour,"Wheat, Dairy",Contains
Grilled Portobello Mushroom Burger,Portobello mushrooms,None,None,"Burger bun, vegetables",Wheat,Contains
Rajma Chawal,Kidney beans,None,Ghee,Spices,None,Contains
Chicken Curry,Chicken,None,Oil,Curry spices,None,Does not contain
Vanilla Cupcakes,Flour,Sugar,Butter,Vanilla extract,"Wheat, Dairy",Contains
Strawberry Spinach Salad,Spinach,None,None,"Strawberries, vinaigrette",None,Does not contain
Chicken Satay,Chicken,None,Peanut butter,Soy sauce,Peanuts,Contains
Chicken Satay,Chicken,None,Peanut butter,Soy sauce,Peanuts,Contains
Palak Paneer,Spinach,None,Ghee,"Paneer, spices",Dairy,Contains
Vegetable Biryani,Mixed vegetables,None,Ghee,"Basmati rice, spices",None,Does not contain
Chocolate Mousse,Chocolate,Sugar,Heavy cream,Vanilla extract,Dairy,Contains
Vegetable Lasagna,Vegetables,None,Olive oil,"Tomato sauce, cheese","Wheat, Dairy",Contains
Teriyaki Salmon,Salmon fillet,Sugar,Soy sauce,"Ginger, garlic","Fish, Soybeans",Contains
Chicken Fajitas,Chicken,None,Vegetable oil,Fajita seasoning,None,Does not contain
Sausage and Pepper Pizza,Pizza dough,None,None,"Sausage, bell peppers","Wheat, Dairy",Contains
Cabbage Rolls,Cabbage,None,Olive oil,"Ground meat, rice",None,Does not contain
Banana Bread,Bananas,Sugar,Butter,Flour,"Wheat, Dairy",Contains
Chicken Curry,Chicken,None,Coconut milk,Curry powder,None,Does not contain
Butter Naan,Flour,None,Butter,None,"Wheat, Dairy",Contains
Sushi Bowl,Sushi rice,None,Soy sauce,"Raw fish, vegetables","Fish, Soybeans",Contains
Aloo Gobi,Potatoes,None,Oil,"Cauliflower, spices",None,Does not contain
Baked Ziti,Pasta,None,Cheese,Tomato sauce,"Wheat, Dairy",Contains
Chicken Pot Pie,Chicken,None,Butter,"Vegetables, pastry",Wheat,Contains
Chicken Satay,Chicken,None,Peanut oil,"Satay sauce, spices",Peanuts,Contains
Cucumber Salad,Cucumbers,None,Olive oil,"Vinegar, herbs",None,Does not contain
Key Lime Pie,Lime juice,Sugar,Butter,Graham cracker crust,"Wheat, Dairy",Contains
Chicken Malai Tikka,Chicken,None,Cream,Spices,Dairy,Contains
Stuffed Portobello Mushrooms,Portobello mushrooms,None,None,"Cheese, breadcrumbs",Dairy,Contains
Chicken Enchiladas,Chicken,None,Enchilada sauce,"Cheese, tortillas","Wheat, Dairy",Contains
Beef Burritos,Ground beef,None,Vegetable oil,Taco seasoning,None,Does not contain
Chicken Enchiladas,Chicken,None,Vegetable oil,Enchilada sauce,None,Does not contain
Chana Masala,Chickpeas,None,Oil,Masala spices,None,Does not contain
Sushi Rolls,Sushi rice,None,Soy sauce,"Nori (seaweed), fish","Soybeans, Fish",Contains
Tofu Stir-Fry,Tofu,None,Vegetable oil,Soy sauce,Soybeans,Contains
Garlic Bread,Bread,None,Butter,Garlic,"Wheat, Dairy",Contains
Malai Chicken Tikka,Chicken,None,Cream,Spices,Dairy,Contains
Mango Salsa,Mango,None,None,"Lime juice, cilantro",None,Does not contain
Mushroom and Goat Cheese Flatbread,Mushrooms,None,Olive oil,"Goat cheese, herbs",Dairy,Contains
Chicken Enchiladas,Chicken,None,Vegetable oil,Enchilada sauce,None,Does not contain
Salsa,Tomatoes,None,None,"Onion, cilantro",None,Does not contain
Baked Salmon,Salmon fillet,None,Olive oil,"Lemon, herbs",Fish,Contains
Malai Kofta,Cottage cheese,None,Ghee,Creamy tomato sauce,Dairy,Contains
Pineapple Upside-Down Cake,Pineapple,Sugar,Butter,Flour,"Wheat, Dairy",Contains
Lemon Garlic Shrimp,Shrimp,None,Olive oil,"Lemon juice, garlic",Shellfish,Contains
Onion Rings,Onions,None,Vegetable oil,Flour,Wheat,Contains
Cinnamon Rolls,Dough,Sugar,Butter,"Cinnamon, icing","Wheat, Dairy",Contains
Chicken Teriyaki,Chicken,None,Vegetable oil,Teriyaki sauce,None,Does not contain
Chicken Stir-Fry,Chicken,None,Vegetable oil,Soy sauce,None,Does not contain
Chicken Noodle Soup,Chicken,None,Vegetable oil,"Noodles, vegetables",None,Does not contain
Chicken Noodle Soup,Chicken,None,Vegetable oil,"Noodles, vegetables",None,Does not contain
Stuffed Portobello Mushrooms,Portobello mushrooms,None,None,"Cheese, breadcrumbs",Dairy,Contains
Vegetable Stir-Fry,Mixed vegetables,None,Vegetable oil,Soy sauce,None,Does not contain
Tiramisu,Ladyfingers,Sugar,"Mascarpone cheese, coffee liqueur",Cocoa powder,"Wheat, Dairy, Alcohol",Contains
Baked Chicken Wings,Chicken wings,None,Olive oil,Seasonings,None,Does not contain
Shrimp Scampi,Shrimp,None,Butter,"Garlic, lemon",Shellfish,Contains
Butter Chicken,Chicken,Sugar,Butter,"Tomato sauce, cream",Dairy,Contains
Cinnamon Rolls,Dough,Sugar,Butter,"Cinnamon, icing","Wheat, Dairy",Contains
Veggie Burger,Mixed vegetables,None,Vegetable oil,Seasonings,None,Does not contain
Chicken Fettuccine Alfredo,Chicken,None,Butter,"Cream, Parmesan cheese",Dairy,Contains
Pani Puri,Semolina,Tamarind,None,"Spiced water, chutney",None,Does not contain
Chicken Fajitas,Chicken,None,Vegetable oil,Fajita seasoning,None,Does not contain
Caprese Salad,Tomatoes,None,Olive oil,"Mozzarella cheese, basil",Dairy,Contains
Apple,Apples,None,None,None,None,Does not contain
Wheat Bread,Wheat flour,None,None,Salt,Wheat,Contains
Greek Lemon Potatoes,Potatoes,None,Olive oil,"Lemon juice, herbs",None,Does not contain
Beef Chili,Ground beef,None,None,Chili powder,None,Does not contain
Shrimp Scampi,Shrimp,None,Butter,"Garlic, lemon",Shellfish,Contains
Baked Chicken Wings,Chicken wings,None,Olive oil,Seasonings,None,Does not contain
Tofu Stir-Fry,Tofu,None,Vegetable oil,Soy sauce,Soybeans,Contains
Vegetable Lasagna,Vegetables,None,Olive oil,"Tomato sauce, cheese","Wheat, Dairy",Contains
Palak Paneer,Spinach,None,Ghee,"Paneer, spices",Dairy,Contains
Rogan Josh,Lamb,None,Ghee,"Yogurt, Kashmiri red chili",Dairy,Contains
Orange Juice,Oranges,Sugar,None,None,None,Does not contain
Chicken Caesar Wrap,Chicken,None,Caesar dressing,"Romaine lettuce, Parmesan cheese",Dairy,Contains
Mango Salsa,Mango,None,None,"Red onion, lime",None,Does not contain
Mutton Biryani,Mutton,None,Ghee,"Basmati rice, spices",None,Does not contain
Chicken Alfredo Pizza,Pizza dough,None,None,"Chicken, Alfredo sauce","Wheat, Dairy",Contains
Kheer,Rice,Sugar,Ghee,"Cardamom, nuts",Dairy,Contains
Caprese Salad,Tomatoes,None,Olive oil,"Mozzarella cheese, basil",Dairy,Contains
Chicken Quesadilla,Chicken,None,Butter,Cheese,"Wheat, Dairy",Contains
Onion Rings,Onions,None,Vegetable oil,Flour,Wheat,Contains
Greek Yogurt,"Yogurt (milk, cultures)",None,None,None,Dairy,Contains
Strawberry Yogurt,"Yogurt (milk, cultures)",Sugar,None,Pectin,"Milk, Strawberries",Contains
Almond Cookies,Almonds,Sugar,Butter,Flour,"Almonds, Wheat, Dairy",Contains
Chicken Parmesan,Chicken,None,Olive oil,"Tomato sauce, cheese","Wheat, Dairy",Contains
Chicken Enchiladas,Chicken,None,Vegetable oil,Enchilada sauce,None,Does not contain
Lentil Salad,Lentils,None,Olive oil,"Lemon juice, vegetables",None,Does not contain
Honey Mustard Chicken,Chicken breast,Honey,Mustard,Vegetable oil,None,Contains
Tomato Bruschetta,Tomatoes,None,Olive oil,"Garlic, basil",None,Does not contain
Chicken Noodle Casserole,Chicken,None,Butter,"Noodles, vegetables",Wheat,Contains
Ratatouille,Vegetables,None,Olive oil,"Herbs, garlic",None,Does not contain
Spinach Salad,Spinach,None,Olive oil,Balsamic vinegar,None,Does not contain
French Fries,Potatoes,None,Vegetable oil,Salt,None,Does not contain
Paneer Tikka,Paneer,None,Oil,"Tikka masala, spices",Dairy,Contains
Mango Coconut Popsicles,Mango,Sugar,Coconut milk,None,None,Does not contain
Lemon Bars,Lemon juice,Sugar,Butter,"Flour, eggs","Wheat, Dairy, Eggs",Contains
Veggie Burger,Mixed vegetables,None,Vegetable oil,Seasonings,None,Does not contain
Beef Wellington,Beef,None,Butter,"Mushrooms, puff pastry","Wheat, Dairy",Contains
Pesto Pasta Salad,Pasta,None,Pesto sauce,"Tomatoes, vegetables",None,Does not contain
Eggplant Parmesan,Eggplant,None,Olive oil,"Marinara sauce, cheese",Dairy,Contains
Malai Chicken Tikka,Chicken,None,Cream,Spices,Dairy,Contains
Gulab Jamun,Milk solids,Sugar,Ghee,Cardamom syrup,Dairy,Contains
Vegetable Soup,Mixed vegetables,None,Olive oil,Seasonings,None,Does not contain
Margherita Pasta,Pasta,None,Olive oil,"Mozzarella cheese, tomatoes, basil",Dairy,Contains
Beef Wellington,Beef,None,Butter,"Mushrooms, puff pastry","Wheat, Dairy",Contains
Mushroom Risotto,Arborio rice,None,Butter,Mushroom,"Wheat, Dairy",Contains
Lemon Garlic Shrimp,Shrimp,None,Olive oil,"Lemon juice, garlic",Shellfish,Contains
Gobi Manchurian,Cauliflower,None,Oil,Manchurian sauce,None,Does not contain
Avocado Toast,Avocado,None,Olive oil,"Salt, pepper",None,Does not contain
Chole Kulche,Chickpeas,None,Ghee,"Kulcha bread, spices",None,Does not contain
Brussels Sprouts,Brussels sprouts,None,Olive oil,Balsamic glaze,None,Does not contain
Stuffed Bell Peppers,Bell peppers,None,Olive oil,"Ground meat, rice",None,Does not contain
Caesar Shrimp Skewers,Shrimp,None,Olive oil,Caesar dressing,"Shellfish, Dairy",Contains
Pesto Chicken,Chicken,None,Olive oil,Pesto sauce,"Pine nuts, Dairy",Contains
Chicken Fajitas,Chicken,None,Vegetable oil,Fajita seasoning,None,Does not contain
Chicken Alfredo Pizza,Pizza dough,None,None,"Chicken, Alfredo sauce","Wheat, Dairy",Contains
Mushroom Risotto,Arborio rice,None,Butter,Mushroom,"Wheat, Dairy",Contains
Sausage Pizza,Sausage,None,None,Mozzarella cheese,None,Does not contain
Butternut Squash Soup,Butternut squash,None,Butter,Vegetable broth,Dairy,Contains
Berry Parfait,Berries,Honey,Yogurt,Granola,Dairy,Contains
Roasted Brussels Sprouts,Brussels sprouts,None,Olive oil,Balsamic glaze,None,Does not contain
Beef Wellington,Beef,None,Butter,"Mushrooms, puff pastry","Wheat, Dairy",Contains
Stuffed Bell Peppers,Bell peppers,None,Olive oil,"Ground meat, rice",None,Does not contain
Pesto Pasta,Pasta,None,Olive oil,"Basil, garlic",None,Does not contain
Baked Ziti,Pasta,None,Cheese,Tomato sauce,"Wheat, Dairy",None
Sushi Bowl,Sushi rice,None,Soy sauce,"Raw fish, vegetables","Fish, Soybeans",Contains
Chicken Caesar Wrap,Chicken,None,Caesar dressing,"Romaine lettuce, Parmesan cheese",Dairy,Contains
Chicken Satay,Chicken,None,Peanut butter,Soy sauce,Peanuts,Contains
Mushroom and Goat Cheese Flatbread,Mushrooms,None,Olive oil,"Goat cheese, herbs",Dairy,Contains
Chicken Shawarma,Chicken,None,Olive oil,Shawarma seasoning,None,Does not contain
Strawberry Yogurt,"Yogurt (milk, cultures)",Sugar,None,Pectin,"Milk, Strawberries",Contains
Cinnamon Rolls,Dough,Sugar,Butter,"Cinnamon, icing","Wheat, Dairy",Contains
Grilled Portobello Mushroom Burger,Portobello mushrooms,None,None,"Burger bun, vegetables",Wheat,Contains
Shrimp Fried Rice,Shrimp,None,Vegetable oil,Soy sauce,"Shellfish, Soybeans",Contains
Chocolate Chip Cookies,Flour,Sugar,Butter,Chocolate chips,"Wheat, Dairy",Contains
Baked Apple,Apples,Sugar,Butter,"Cinnamon, oats","Wheat, Dairy",Contains
Tuna Sandwich,Tuna,Mayonnaise,None,"Salt, Pepper","Fish, Eggs",Contains
Beef Wellington,Beef,None,Butter,"Mushrooms, puff pastry","Wheat, Dairy",Contains
Honey Glazed Carrots,Carrots,Honey,Butter,None,None,Does not contain
Veggie Omelette,Mixed vegetables,None,Olive oil,"Salt, pepper",None,Does not contain
Cabbage Rolls,Cabbage,None,Olive oil,"Ground meat, rice",None,Does not contain
Omelette,Eggs,None,Butter,"Salt, pepper",Eggs,Contains
Chicken Noodle Casserole,Chicken,None,Butter,"Noodles, vegetables",Wheat,Contains
Quinoa Salad,Quinoa,None,Olive oil,"Lemon juice, vegetables",None,Does not contain
Berry Cobbler,Mixed berries,Sugar,Butter,Flour,"Wheat, Dairy",Contains
Fruit Salad,Mixed fruits,Sugar,None,Lemon juice,None,Does not contain
Soy Milk,Soybeans,Sugar,None,Emulsifiers,Soybeans,Contains
Mutton Biryani,Mutton,None,Ghee,"Basmati rice, spices",None,Does not contain
Chicken Alfredo Pizza,Pizza dough,None,None,"Chicken, Alfredo sauce","Wheat, Dairy",Contains
Mashed Potatoes,Potatoes,None,Butter,"Salt, Pepper",Dairy,Contains
Chicken Curry,Chicken,None,Coconut milk,Curry powder,None,Does not contain
Veggie Burger,Mixed vegetables,None,Vegetable oil,Seasonings,None,Does not contain
Teriyaki Salmon,Salmon fillet,Sugar,Soy sauce,"Ginger, garlic","Fish, Soybeans",Contains
Hawaiian Pizza,Pizza dough,None,None,"Pineapple, ham","Wheat, Pork, Dairy",Contains
Brussels Sprouts,Brussels sprouts,None,Olive oil,Balsamic glaze,None,Does not contain
Ratatouille Pasta,Pasta,None,Olive oil,Ratatouille vegetables,None,Does not contain
Watermelon Salad,Watermelon,None,None,"Feta cheese, mint",Dairy,Contains
Ratatouille,Eggplant,None,Olive oil,"Tomatoes, zucchini",None,Does not contain
Chocolate Chip Cookies,Flour,Sugar,Butter,Chocolate chips,"Wheat, Dairy",Contains
Greek Gyro Wrap,Lamb,None,None,"Tzatziki sauce, tomatoes, onions",Dairy,Contains
Banana Bread,Bananas,Sugar,Butter,"Cinnamon, nuts","Wheat, Dairy, Nuts",Contains
Strawberry Spinach Salad,Spinach,None,None,"Strawberries, vinaigrette",None,Does not contain
Ranch Dressing,Buttermilk,Sugar,Vegetable oil,"Garlic, herbs",Dairy,Contains
Lentil Curry,Lentils,None,Coconut milk,Curry powder,None,Does not contain
Zucchini Noodles with Pesto,Zucchini,None,Olive oil,Pesto sauce,"Pine nuts, Dairy",Contains
Greek Moussaka,Eggplant,None,Olive oil,"Ground meat, potatoes",None,Does not contain
Strawberry Smoothie,Strawberries,Sugar,Yogurt,Milk,Dairy,Contains
Teriyaki Beef,Beef,None,Soy sauce,"Teriyaki sauce, vegetables",Soybeans,Contains
Greek Yogurt,"Yogurt (milk, cultures)",Honey,None,None,Dairy,Contains
Beef Burger,Ground beef,None,Vegetable oil,"Salt, Pepper",None,Does not contain
Chocolate Mousse,Chocolate,Sugar,Heavy cream,Vanilla extract,Dairy,Contains
Orange Chicken,Chicken,None,Vegetable oil,Orange sauce,None,Does not contain
Samosa,Potatoes,None,Ghee,Spices,None,Contains
Berry Parfait,Berries,Honey,Yogurt,Granola,Dairy,Contains
Bacon-Wrapped Shrimp,Shrimp,None,Bacon,Seasonings,"Shellfish, Pork",Contains
Strawberry Yogurt,"Yogurt (milk, cultures)",Sugar,None,Pectin,"Milk, Strawberries",Contains
Roasted Brussels Sprouts,Brussels sprouts,None,Olive oil,Balsamic glaze,None,Does not contain
Chocolate Mousse,Chocolate,Sugar,Heavy cream,Vanilla extract,Dairy,Contains
Stuffed Bell Peppers,Bell peppers,None,Olive oil,"Ground meat, rice",None,Does not contain
Fish Sticks,Fish fillets,None,Vegetable oil,Salt,Fish,Contains
Chicken Teriyaki,Chicken,None,Vegetable oil,Teriyaki sauce,None,Does not contain
Spinach Stuffed Chicken,Chicken,None,Olive oil,"Spinach, garlic",None,Does not contain
Ratatouille Pasta,Pasta,None,Olive oil,Ratatouille vegetables,None,Does not contain
Caramelized Onions,Onions,Sugar,Butter,None,None,Does not contain
Caesar Salad,Romaine lettuce,None,Olive oil,Parmesan cheese,Dairy,Contains
Strawberry Yogurt,"Yogurt (milk, cultures)",Sugar,None,Pectin,"Milk, Strawberries",Contains
Vegetable Biryani,Mixed vegetables,None,Ghee,"Basmati rice, spices",None,Does not contain
Honey Mustard Chicken,Chicken,Honey,Olive oil,"Mustard, herbs",None,Does not contain
Chicken Enchiladas,Chicken,None,Vegetable oil,Enchilada sauce,None,Does not contain
Pesto Chicken,Chicken,None,Olive oil,Pesto sauce,"Pine nuts, Dairy",Contains
Greek Spanakopita,Spinach,None,Olive oil,"Feta cheese, phyllo dough",Dairy,Contains
Stuffed Bell Peppers,Bell peppers,None,Olive oil,"Ground meat, rice",None,Does not contain
Caprese Salad,Tomatoes,None,Olive oil,"Mozzarella cheese, basil",Dairy,Contains
Berry Cobbler,Mixed berries,Sugar,Butter,Flour,"Wheat, Dairy",Contains
Beef and Mushroom Stir-Fry,Beef,None,Vegetable oil,Soy sauce,None,Does not contain
Pesto Pasta Salad,Pasta,None,Pesto sauce,"Tomatoes, vegetables",None,Does not contain
Stuffed Bell Peppers,Bell peppers,None,Olive oil,"Ground meat, rice",None,Does not contain
Sushi Rolls,Sushi rice,None,Soy sauce,"Nori (seaweed), fish","Soybeans, Fish",Contains
Tomato Bruschetta,Tomatoes,None,Olive oil,"Garlic, basil",None,Does not contain
Wheat Bread,Wheat flour,None,None,Salt,Wheat,Contains
Baked Garlic Parmesan Chicken,Chicken,None,Butter,"Parmesan cheese, garlic",Dairy,Contains
Gazpacho,Tomatoes,None,Olive oil,"Garlic, herbs",None,Does not contain
Apple Crisp,Apples,Sugar,Butter,Cinnamon,"Wheat, Dairy",Contains
Strawberry Spinach Salad,Spinach,None,None,"Strawberries, vinaigrette",None,Does not contain
Rogan Josh,Lamb,None,Ghee,"Yogurt, Kashmiri red chili",Dairy,Contains
Pancake Stack,Flour,Sugar,Butter,Maple syrup,"Wheat, Dairy",Contains
Sausage and Pepper Pizza,Pizza dough,None,None,"Sausage, bell peppers","Wheat, Dairy",Contains
Zucchini Bread,Zucchini,Sugar,Vegetable oil,Flour,Wheat,Contains
Caesar Shrimp Skewers,Shrimp,None,Olive oil,Caesar dressing,"Shellfish, Dairy",Contains
Chicken Curry,Chicken,None,Vegetable oil,Curry powder,None,Does not contain
Banana Smoothie,Bananas,Honey,"Yogurt (milk, cultures)",None,Dairy,Contains
Kheer,Rice,Sugar,Ghee,"Cardamom, nuts",Dairy,Contains
Pancake Stack,Flour,Sugar,Butter,Maple syrup,"Wheat, Dairy",Contains
Veggie Burger,Mixed vegetables,None,Vegetable oil,Seasonings,None,Does not contain
Baked Ziti,Pasta,None,Cheese,Tomato sauce,"Wheat, Dairy",None
Blueberry Muffins,Blueberries,Sugar,Butter,Flour,"Wheat, Dairy",Contains
Teriyaki Salmon,Salmon,None,Vegetable oil,Teriyaki sauce,Fish,Contains
Ratatouille,Eggplant,None,Olive oil,"Tomatoes, zucchini",None,Does not contain
Strawberry Smoothie,Strawberries,Sugar,Yogurt,Milk,Dairy,Contains
Ratatouille Pasta,Pasta,None,Olive oil,Ratatouille vegetables,None,Does not contain
Banana Pudding,Bananas,Sugar,Milk,"Vanilla pudding mix, cookies",Dairy,Contains
Lobster Roll,Lobster,None,Mayonnaise,"Celery, lemon juice","Shellfish, Eggs",Contains
Greek Lemon Potatoes,Potatoes,None,Olive oil,"Lemon juice, herbs",None,Does not contain
Beef Stir-Fry,Beef,None,Vegetable oil,Soy sauce,None,Does not contain
Caesar Shrimp Skewers,Shrimp,None,Olive oil,Caesar dressing,"Shellfish, Dairy",Contains
Banana Bread,Bananas,Sugar,Butter,"Cinnamon, nuts","Wheat, Dairy, Nuts",Contains
Caesar Salad Wrap,Romaine lettuce,None,Caesar dressing,"Parmesan cheese, croutons","Wheat, Dairy",Contains
Quiche,Eggs,None,Cheese,Vegetables,"Eggs, Dairy",Contains
Roasted Brussels Sprouts,Brussels sprouts,None,Olive oil,Balsamic glaze,None,Does not contain
Chicken Korma,Chicken,None,Ghee,"Creamy sauce, spices",Dairy,Contains
Lobster Roll,Lobster,None,Mayonnaise,"Celery, lemon juice","Shellfish, Eggs",Contains
Mushroom Risotto,Mushrooms,None,Butter,"Arborio rice, Parmesan cheese",Dairy,Contains
Lemon Bars,Lemon juice,Sugar,Butter,"Flour, eggs","Wheat, Dairy, Eggs",Contains
Rabri,Milk,Sugar,Ghee,"Cardamom, nuts",Dairy,Contains
Caesar Salad Wrap,Grilled chicken,None,Caesar dressing,"Lettuce, Parmesan cheese",Dairy,Contains
Chicken Curry,Chicken,None,Oil,Curry spices,None,Does not contain
Dal Makhani,Lentils,None,Ghee,"Cream, spices",Dairy,Contains
Greek Moussaka,Eggplant,None,Olive oil,"Ground meat, potatoes",None,Does not contain
Margherita Pizza,Pizza dough,None,Olive oil,"Mozzarella cheese, tomatoes, basil",Dairy,Contains
Pesto Chicken,Chicken,None,Olive oil,Pesto sauce,"Pine nuts, Dairy",Contains
Chicken Satay,Chicken,None,Peanut butter,Soy sauce,Peanuts,Contains
Brussels Sprouts,Brussels sprouts,None,Olive oil,Balsamic glaze,None,Does not contain
Oatmeal Raisin Cookies,Oats,Brown sugar,Butter,"Raisins, cinnamon","Wheat, Dairy",Contains
Beef Stir-Fry,Beef,None,Vegetable oil,Soy sauce,None,Does not contain
Gulab Jamun,Milk solids,Sugar,Ghee,Cardamom syrup,Dairy,Contains
Beef Tacos,Beef,None,Vegetable oil,Taco seasoning,None,Does not contain
Rice Pudding,Rice,Sugar,Milk,"Cinnamon, raisins","Rice, Dairy",Contains
Pumpkin Pie,Pumpkin,Sugar,Butter,"Pumpkin spice, pastry","Wheat, Dairy",Contains
Raspberry Spinach Salad,Spinach,None,None,"Raspberries, vinaigrette",None,Does not contain
Sausage and Pepper Pizza,Pizza dough,None,None,"Sausage, bell peppers","Wheat, Dairy",Contains
Strawberry Smoothie,Strawberries,Sugar,Yogurt,Milk,Dairy,Contains
Tuna Sandwich,Tuna,Mayonnaise,None,"Salt, Pepper","Fish, Eggs",Contains
Vanilla Cupcakes,Flour,Sugar,Butter,Vanilla extract,"Wheat, Dairy",Contains
Shrimp Scampi Pasta,Shrimp,None,Butter,"Garlic, lemon",Shellfish,Contains
Matar Paneer,Paneer,None,Ghee,"Peas, spices",Dairy,Contains
Garlic Bread,Bread,None,Butter,Garlic,"Wheat, Dairy",Contains
Spinach Salad,Spinach,None,Olive oil,Balsamic vinegar,None,Does not contain
Pancake Stack,Flour,Sugar,Butter,Maple syrup,"Wheat, Dairy",Contains
Beef Wellington,Beef,None,Butter,"Mushrooms, puff pastry","Wheat, Dairy",Contains
Greek Moussaka,Eggplant,None,Olive oil,"Ground meat, potatoes",None,Does not contain
Chocolate Mousse,Chocolate,Sugar,Heavy cream,Vanilla extract,"Dairy, Cocoa",Contains
Egg Fried Rice,Eggs,None,Sesame oil,Soy sauce,"Eggs, Soybeans",Contains
Baked Salmon,Salmon,None,Olive oil,"Lemon, herbs",Fish,Contains
Baked Cod,Cod,None,Butter,"Lemon, herbs","Fish, Dairy",Contains
Caramel Popcorn,Popcorn,Sugar,Butter,Salt,Dairy,Contains
Chicken Korma,Chicken,None,Ghee,"Creamy sauce, spices",Dairy,Contains
Tofu Scramble,Tofu,None,Vegetable oil,"Turmeric, spices",Soybeans,Contains
Egg Salad,Eggs,Mayonnaise,None,"Celery, onion",Eggs,Contains
Beef and Broccoli,Beef,None,Vegetable oil,Soy sauce,None,Does not contain
Lemonade,Lemon juice,Sugar,Water,None,None,Does not contain
Chicken Parmesan,Chicken,None,Olive oil,"Tomato sauce, cheese","Wheat, Dairy",Contains
Tandoori Chicken,Chicken,None,Yogurt,Tandoori spices,Dairy,Contains
Vegetable Biryani,Mixed vegetables,None,Ghee,"Basmati rice, spices",None,Does not contain
Aloo Gobi,Potatoes,None,Oil,"Cauliflower, spices",None,Does not contain
Wheat Bread,Wheat flour,None,None,Salt,Wheat,Contains
Tandoori Chicken,Chicken,None,Yogurt,Tandoori spices,Dairy,Contains
Milk Chocolate,Sugar,Cocoa butter,Milk powder,Vanilla extract,Milk,Contains
Avocado Toast,Avocado,None,Olive oil,"Salt, pepper",None,Does not contain
Chicken Fettuccine Alfredo,Chicken,None,Butter,"Cream, Parmesan cheese",Dairy,Contains
Chicken Stir-Fry,Chicken,None,Vegetable oil,Soy sauce,None,Does not contain
Apple,Apples,None,None,None,None,Does not contain
Chicken Teriyaki,Chicken,None,Soy sauce,"Honey, ginger",Soybeans,Contains
Chicken Curry,Chicken,None,Oil,Curry spices,None,Does not contain
Pasta Carbonara,Pasta,None,Bacon,"Egg, Parmesan cheese","Wheat, Dairy",Contains
Caesar Wrap,Grilled chicken,None,Caesar dressing,"Lettuce, Parmesan cheese",Dairy,Contains
Eggplant Parmesan,Eggplant,None,Olive oil,"Marinara sauce, cheese",Dairy,Contains
Cheddar Cheese,Cheese,None,None,Salt,Dairy,Contains
Chole Kulche,Chickpeas,None,Ghee,"Kulcha bread, spices",None,Does not contain
Cinnamon Rolls,Dough,Sugar,Butter,"Cinnamon, icing","Wheat, Dairy",Contains
Pancake Stack,Flour,Sugar,Butter,Maple syrup,"Wheat, Dairy",Contains
Butternut Squash Soup,Butternut squash,None,Butter,Vegetable broth,Dairy,Contains
Margherita Pizza,Cheese,None,None,"Tomato sauce, basil",Dairy,Contains
Chicken Teriyaki,Chicken,None,Soy sauce,"Honey, ginger",Soybeans,Contains
Pesto Pasta,Pasta,None,Olive oil,"Basil, garlic",None,Does not contain
Chicken Noodle Soup,Chicken,None,Vegetable oil,"Noodles, vegetables",None,Does not contain
Strawberry Yogurt,"Yogurt (milk, cultures)",Sugar,None,Pectin,"Milk, Strawberries",Contains
Greek Spanakopita,Spinach,None,Olive oil,"Feta cheese, phyllo dough",Dairy,Contains
Ratatouille Pizza,Pizza dough,None,Olive oil,Ratatouille vegetables,None,Does not contain
Quiche,Eggs,None,Cheese,Vegetables,"Eggs, Dairy",Contains
Rice Pudding,Rice,Sugar,Milk,"Cinnamon, raisins","Rice, Dairy",Contains
Prawn Curry,Prawns,None,Coconut milk,Curry spices,"Shellfish, Dairy",Contains
Soy Milk,Soybeans,Sugar,None,Emulsifiers,Soybeans,Contains
Ratatouille Pasta,Pasta,None,Olive oil,Ratatouille vegetables,None,Does not contain
Chicken Alfredo,Chicken,None,Butter,"Cream, Parmesan cheese",Dairy,Contains
Stuffed Bell Peppers,Bell peppers,None,Olive oil,"Ground meat, rice",None,Does not contain
Key Lime Pie,Lime juice,Sugar,Butter,Graham cracker crust,"Wheat, Dairy",Contains
Caesar Salad,Romaine lettuce,None,Olive oil,Caesar dressing,Dairy,Contains
Quiche,Eggs,None,Cheese,Vegetables,"Eggs, Dairy",Contains
Miso Soup,Miso paste,None,None,"Tofu, seaweed",Soybeans,Contains
Blueberry Muffins,Flour,Sugar,Butter,Blueberries,"Wheat, Dairy",Contains
Mango Coconut Popsicles,Mango,Sugar,Coconut milk,None,None,Does not contain
Teriyaki Beef,Beef,None,Soy sauce,"Teriyaki sauce, vegetables",Soybeans,Contains
Ratatouille,Eggplant,None,Olive oil,Tomatoes,None,Does not contain
Sushi Bowl,Sushi rice,None,Soy sauce,"Raw fish, vegetables","Fish, Soybeans",Contains
Blueberry Pancakes,Flour,Sugar,Butter,Blueberries,"Wheat, Dairy",Contains
Oatmeal Raisin Cookies,Oats,Sugar,Butter,Flour,"Wheat, Dairy",Contains
Chicken Curry,Chicken,None,Oil,Curry spices,None,Does not contain
Beef Burritos,Beef,None,Vegetable oil,Burrito seasoning,None,Does not contain
Greek Salad,Cucumbers,None,Olive oil,"Feta cheese, olives",Dairy,Contains
French Onion Soup,Onions,None,Butter,"Beef broth, cheese, bread","Dairy, Wheat",Contains
Biryani,Rice,None,Ghee,"Biryani masala, spices",None,Does not contain
Chicken Parmesan,Chicken,None,Olive oil,"Tomato sauce, cheese","Wheat, Dairy",Contains
Rabri,Milk,Sugar,Ghee,"Cardamom, nuts",Dairy,Contains
Strawberry Smoothie,Strawberries,Sugar,Yogurt,Milk,Dairy,Contains
Mushroom Risotto,Arborio rice,None,Butter,Mushroom,"Wheat, Dairy",Contains
Beef Wellington,Beef,None,Butter,"Mushrooms, puff pastry","Wheat, Dairy",Contains
Avocado Toast,Avocado,None,Olive oil,"Salt, pepper",None,Does not contain
Caesar Salad,Romaine lettuce,None,Olive oil,Parmesan cheese,Dairy,Contains
Baked Ziti,Pasta,None,Cheese,Tomato sauce,"Wheat, Dairy",Contains
Chicken Teriyaki,Chicken,None,Vegetable oil,Teriyaki sauce,None,Does not contain
Ratatouille Tart,Vegetables,None,Olive oil,"Puff pastry, herbs",None,Does not contain
Vegetable Stir-Fry,Mixed vegetables,None,Vegetable oil,Soy sauce,None,Does not contain
Biryani,Rice,None,Ghee,"Biryani masala, spices",None,Does not contain
Salsa,Tomatoes,None,None,"Onion, cilantro",None,Does not contain
Chicken Pot Pie,Chicken,None,Butter,"Vegetables, pastry",Wheat,Contains
Cucumber Salad,Cucumbers,None,Olive oil,"Vinegar, herbs",None,Does not contain
Prawn Curry,Prawns,None,Coconut milk,Curry spices,"Shellfish, Dairy",Contains
Caesar Salad,Romaine lettuce,None,Olive oil,Caesar dressing,Dairy,Contains
Vegetable Curry,Mixed vegetables,None,Coconut milk,Curry paste,None,Does not contain
Sweet and Sour Chicken,Chicken,Sugar,Vegetable oil,"Pineapple, bell peppers",None,Does not contain
Beef Stroganoff,Beef,None,Sour cream,"Mushroom, onion",Dairy,Contains
Caesar Salad Wrap,Grilled chicken,None,Caesar dressing,"Lettuce, Parmesan cheese",Dairy,Contains
Lemon Garlic Chicken,Chicken,None,Olive oil,"Lemon juice, garlic",None,Does not contain
Butternut Squash Soup,Butternut squash,None,Butter,Vegetable broth,Dairy,Contains
Mutton Biryani,Mutton,None,Ghee,"Basmati rice, spices",None,Does not contain
Ratatouille Pasta,Pasta,None,Olive oil,Ratatouille vegetables,None,Does not contain
Greek Yogurt,"Yogurt (milk, cultures)",Honey,None,None,Dairy,Contains
Beef Burritos,Beef,None,Vegetable oil,Burrito seasoning,None,Does not contain
Strawberry Smoothie,Strawberries,Honey,"Yogurt (milk, cultures)",None,Dairy,Contains
Vada Pav,Potato,None,Oil,"Pav bun, chutney",None,Does not contain
Stuffed Bell Peppers,Bell peppers,None,Olive oil,"Ground meat, rice",None,Does not contain
Caprese Skewers,Tomatoes,None,Olive oil,"Mozzarella cheese, basil",Dairy,Contains
Chicken Enchiladas,Chicken,None,Vegetable oil,Enchilada sauce,None,Does not contain
Zucchini Noodles,Zucchini,None,Olive oil,"Garlic, herbs",None,Does not contain
Chicken Alfredo,Chicken,None,Butter,"Cream, Parmesan cheese",Dairy,Contains
Honey Glazed Carrots,Carrots,Honey,Butter,None,None,Does not contain
Dal Makhani,Lentils,None,Ghee,"Cream, spices",Dairy,Contains
Chicken Piccata,Chicken,None,Butter,"Lemon, capers","Dairy, Fish",Contains
Onion Rings,Onions,None,Vegetable oil,Flour,Wheat,Contains
Mango Salsa,Mango,None,None,"Red onion, lime",None,Does not contain
Quinoa Stuffed Peppers,Quinoa,None,Olive oil,"Vegetables, spices",None,Does not contain
Caesar Salad,Romaine lettuce,None,Olive oil,Parmesan cheese,Dairy,Contains
Chicken Parmesan,Chicken,None,Olive oil,"Tomato sauce, cheese","Wheat, Dairy",Contains
Greek Spanakopita,Spinach,None,Olive oil,"Feta cheese, phyllo dough",Dairy,Contains
Chicken Noodle Casserole,Chicken,None,Butter,"Noodles, vegetables",Wheat,Contains
Chicken Stir-Fry,Chicken,None,Vegetable oil,Soy sauce,None,Does not contain
Rasmalai,Paneer,Sugar,"Milk, Ghee","Cardamom, nuts",Dairy,Contains
Vegetable Stir-Fry,Mixed vegetables,None,Vegetable oil,Soy sauce,None,Does not contain
Caramelized Onions,Onions,Sugar,Butter,None,None,Does not contain
Chicken Quesadilla,Chicken,None,Butter,Cheese,"Wheat, Dairy",Contains
Strawberry Smoothie,Strawberries,Sugar,Yogurt,Milk,Dairy,Contains
Fish Sticks,Fish fillets,None,Vegetable oil,Salt,Fish,Contains
Chicken Parmesan,Chicken,None,Olive oil,"Tomato sauce, cheese","Wheat, Dairy",Contains
Baked Ziti,Pasta,None,Cheese,Tomato sauce,"Wheat, Dairy",Contains
Coconut Curry,Chicken,None,Coconut milk,Curry paste,None,Does not contain
Tomato Soup,Tomatoes,None,None,"Salt, Sugar",None,Does not contain
Pasta Carbonara,Pasta,None,Bacon,"Egg, Parmesan cheese","Wheat, Dairy",Contains
Veggie Omelette,Mixed vegetables,None,Olive oil,"Salt, pepper",None,Does not contain
Stuffed Bell Peppers,Bell peppers,None,Olive oil,"Ground meat, rice",None,Does not contain
Chicken Satay,Chicken,None,Peanut butter,Soy sauce,Peanuts,Contains
Chicken Curry,Chicken,None,Coconut milk,Curry powder,None,Does not contain
Teriyaki Salmon,Salmon fillet,Sugar,Soy sauce,"Ginger, garlic","Fish, Soybeans",Contains
Beef and Mushroom Stir-Fry,Beef,None,Vegetable oil,Soy sauce,None,Does not contain
Brussels Sprouts,Brussels sprouts,None,Olive oil,Balsamic glaze,None,Does not contain
Shrimp Scampi,Shrimp,None,Butter,"Garlic, lemon","Shellfish, Dairy",Contains
Stuffed Tomatoes,Tomatoes,None,None,"Herbs, breadcrumbs",None,Does not contain
Vegetable Stir-Fry,Mixed vegetables,None,Vegetable oil,Soy sauce,None,Does not contain
Lentil Curry,Lentils,None,Coconut milk,Curry powder,None,Does not contain
Key Lime Pie,Lime juice,Sugar,Butter,Graham cracker crust,"Wheat, Dairy",Contains
Apple Pie,Apples,Sugar,Butter,"Cinnamon, pastry","Wheat, Dairy",Contains
Caesar Pasta Salad,Pasta,None,Caesar dressing,"Romaine lettuce, Parmesan cheese","Wheat, Dairy",Contains
Strawberry Shortcake,Strawberries,Sugar,Whipped cream,Shortcake,"Wheat, Dairy",Contains
Pumpkin Pie,Pumpkin,Sugar,Butter,"Pumpkin spice, pastry","Wheat, Dairy",Contains
Quinoa Stuffed Peppers,Quinoa,None,Olive oil,"Vegetables, spices",None,Does not contain
Vegetable Biryani,Mixed vegetables,None,Ghee,"Basmati rice, spices",None,Does not contain
Garlic Bread,Bread,None,Butter,Garlic,"Wheat, Dairy",Contains
Biryani,Rice,None,Ghee,"Biryani masala, spices",None,Does not contain
Sweet and Sour Chicken,Chicken,Sugar,Vegetable oil,"Pineapple, bell peppers",None,Does not contain
Beef Tacos,Ground beef,None,Vegetable oil,Taco seasoning,None,Does not contain
Oatmeal Raisin Cookies,Oats,Sugar,Butter,Flour,"Wheat, Dairy",Contains
Chocolate Cake,Flour,Sugar,Butter,Cocoa powder,"Wheat, Dairy, Cocoa",Contains
Mushroom and Goat Cheese Flatbread,Mushrooms,None,Olive oil,"Goat cheese, herbs",Dairy,Contains
Chicken Curry,Chicken,None,Oil,Curry spices,None,Does not contain
Cucumber Salad,Cucumber,None,Olive oil,"Lemon juice, dill",None,Does not contain
Chicken Pot Pie,Chicken,None,Butter,"Vegetables, pastry",Wheat,Contains
Tuna Salad,Tuna,Mayonnaise,None,"Celery, onion","Fish, Eggs",Contains
Zucchini Bread,Zucchini,Sugar,Vegetable oil,Flour,Wheat,Contains
Vegetable Stir-Fry,Mixed vegetables,None,Vegetable oil,Soy sauce,None,Does not contain
Miso Soup,Miso paste,None,None,"Tofu, seaweed",Soybeans,Contains
Lentil Salad,Lentils,None,Olive oil,"Lemon juice, vegetables",None,Does not contain
Tomato Soup,Tomatoes,None,None,"Salt, Sugar",None,Does not contain
Key Lime Pie,Lime juice,Sugar,Butter,Graham cracker crust,"Wheat, Dairy",Contains
Chicken Noodle Soup,Chicken,None,Vegetable oil,"Noodles, vegetables",None,Does not contain
Baked Chicken Wings,Chicken wings,None,Olive oil,Seasonings,None,Does not contain
Chole Bhature,Chickpeas,Sugar,Ghee,"Chole masala, spices",None,Does not contain
Chicken Stir-Fry,Chicken,None,Vegetable oil,Soy sauce,None,Does not contain
Quinoa Salad,Quinoa,None,Olive oil,"Lemon juice, herbs",None,Does not contain
Shrimp Fried Rice,Shrimp,None,Vegetable oil,Soy sauce,"Shellfish, Soybeans",Contains
Greek Yogurt Parfait,Greek yogurt,Honey,None,"Granola, mixed berries",Dairy,Contains
Lemon Garlic Shrimp,Shrimp,None,Olive oil,"Lemon juice, garlic",Shellfish,Contains
Stuffed Cabbage Rolls,Cabbage,None,Olive oil,"Ground meat, rice",None,Does not contain
Caprese Sandwich,Tomatoes,None,Olive oil,"Mozzarella cheese, basil",Dairy,Contains
Baked Cod,Cod,None,Butter,"Lemon, herbs","Fish, Dairy",Contains
Greek Yogurt,"Yogurt (milk, cultures)",Honey,None,None,Dairy,Contains
Stuffed Bell Peppers,Bell peppers,None,Olive oil,"Ground meat, rice",None,Does not contain
Miso Soup,Miso paste,None,None,"Tofu, seaweed",Soybeans,Contains
Sushi,"Fish (salmon, tuna)",Rice vinegar,Sesame oil,Soy sauce,"Fish, Soybeans",Contains
Palak Paneer,Spinach,None,Ghee,"Paneer, spices",Dairy,Contains
Chicken Parmesan,Chicken,None,"Bread crumbs, Parmesan cheese",Marinara sauce,Dairy,Contains
Orange Juice,Oranges,Sugar,None,None,None,Does not contain
Baked Ziti,Pasta,None,Cheese,Tomato sauce,"Wheat, Dairy",None
Onion Rings,Onions,None,Vegetable oil,Flour,Wheat,Contains
Almond Cookies,Almonds,Sugar,Butter,Flour,"Almonds, Wheat, Dairy",Contains
Shrimp Scampi Pasta,Shrimp,None,Butter,"Garlic, lemon",Shellfish,Contains
Caramel Popcorn,Popcorn,Sugar,Butter,Salt,Dairy,Contains
Baked Brie,Brie cheese,None,None,"Herbs, nuts","Dairy, Nuts",Contains
Blueberry Pancakes,Flour,Sugar,Butter,Blueberries,"Wheat, Dairy",Contains
Stuffed Mushrooms,Mushrooms,None,None,"Garlic, herbs",None,Does not contain
Beef and Mushroom Stir-Fry,Beef,None,Vegetable oil,Soy sauce,None,Does not contain
Lemon Herb Roasted Chicken,Chicken,None,Olive oil,"Lemon, herbs",None,Does not contain
Almond Cookies,Almonds,Sugar,Butter,Flour,"Almonds, Wheat, Dairy",Contains
Baked Apple,Apples,Sugar,Butter,"Cinnamon, oats","Wheat, Dairy",Contains
Margherita Pizza,Cheese,None,None,"Tomato sauce, basil",Dairy,Contains
Milk Chocolate,Sugar,Cocoa butter,Milk powder,Vanilla extract,Milk,Contains
Sushi Bowl,Sushi rice,None,Soy sauce,"Raw fish, vegetables","Fish, Soybeans",Contains
Pumpkin Pie,Pumpkin,Sugar,Butter,"Pumpkin spice, pastry","Wheat, Dairy",Contains
Caesar Salad Wrap,Romaine lettuce,None,Caesar dressing,"Parmesan cheese, croutons","Wheat, Dairy",Contains
Tomato Bruschetta,Tomatoes,None,Olive oil,"Garlic, basil",None,Does not contain
Banana Bread,Bananas,Sugar,Butter,"Cinnamon, nuts","Wheat, Dairy, Nuts",Contains
Strawberry Yogurt,"Yogurt (milk, cultures)",Sugar,None,Pectin,"Milk, Strawberries",Contains
Caesar Pasta Salad,Pasta,None,Caesar dressing,"Romaine lettuce, Parmesan cheese","Wheat, Dairy",Contains
Zucchini Bread,Zucchini,Sugar,Butter,"Cinnamon, nuts","Wheat, Dairy, Nuts",Contains
Strawberry Spinach Salad,Spinach,None,None,"Strawberries, vinaigrette",None,Does not contain
Chicken Curry,Chicken,None,Vegetable oil,Curry powder,None,Does not contain
Quiche Lorraine,Bacon,None,Heavy cream,"Cheese, eggs","Dairy, Eggs",Contains
Veggie Omelette,Mixed vegetables,None,Olive oil,"Salt, pepper",None,Does not contain
Butternut Squash Soup,Butternut squash,None,Butter,"Nutmeg, cream",Dairy,Contains
Beef and Mushroom Stir-Fry,Beef,None,Vegetable oil,Soy sauce,None,Does not contain
Tandoori Chicken,Chicken,None,Yogurt,Tandoori spices,Dairy,Contains
Cucumber Salad,Cucumbers,None,Olive oil,"Vinegar, herbs",None,Does not contain
Beef Stir-Fry,Beef,None,Vegetable oil,Soy sauce,None,Does not contain
Tiramisu,Ladyfingers,Sugar,Mascarpone cheese,"Coffee, cocoa","Wheat, Dairy",Contains
Malai Kofta,Cottage cheese,None,Ghee,Creamy tomato sauce,Dairy,Contains
Spinach Stuffed Chicken,Chicken,None,Olive oil,"Spinach, garlic",None,Does not contain
Butter Chicken,Chicken,Sugar,Butter,"Tomato sauce, cream",Dairy,Contains
Lentil Salad,Lentils,None,Olive oil,"Lemon juice, vegetables",None,Does not contain
Spinach Salad,Spinach,None,Olive oil,Balsamic vinegar,None,Does not contain
Lemon Bars,Lemon juice,Sugar,Butter,"Flour, eggs","Wheat, Dairy, Eggs",Contains
Greek Lemon Potatoes,Potatoes,None,Olive oil,"Lemon juice, herbs",None,Does not contain
Cinnamon Rolls,Dough,Sugar,Butter,"Cinnamon, icing","Wheat, Dairy",Contains
Chana Masala,Chickpeas,None,Oil,Masala spices,None,Does not contain
Almond Cookies,Almonds,Sugar,Butter,Flour,"Almonds, Wheat, Dairy",Contains
Vegetable Stir-Fry,Mixed vegetables,None,Vegetable oil,Soy sauce,None,Does not contain
Quinoa Salad,Quinoa,None,Olive oil,"Lemon juice, vegetables",None,Does not contain
Chicken Satay,Chicken,None,Peanut oil,"Satay sauce, spices",Peanuts,Contains
Biryani,Rice,None,Ghee,"Biryani masala, spices",None,Does not contain
Aloo Gobi,Potatoes,None,Oil,"Cauliflower, spices",None,Does not contain
Pancakes,Flour,Sugar,Butter,Baking powder,"Wheat, Dairy",Contains
Beef Stir-Fry,Beef,None,Vegetable oil,Soy sauce,None,Does not contain
Mixed Berry Pie,Mixed berries,Sugar,Butter,Flour,"Wheat, Dairy",Contains
Chicken Noodle Soup,Chicken,None,Vegetable oil,"Noodles, vegetables",None,Does not contain
Lobster Roll,Lobster,None,Mayonnaise,"Celery, lemon juice","Shellfish, Eggs",Contains
Sushi Bowl,Sushi rice,None,Soy sauce,"Raw fish, vegetables","Fish, Soybeans",Contains
Chicken Alfredo,Chicken,None,Butter,"Cream, Parmesan cheese",Dairy,Contains
Fruit Salad,Mixed fruits,Sugar,None,Lemon juice,None,Does not contain
Ratatouille,Eggplant,None,Olive oil,"Tomatoes, zucchini",None,Does not contain
Chicken Noodle Soup,Chicken,None,Vegetable oil,"Noodles, vegetables",None,Does not contain
Berry Parfait,Berries,Honey,Yogurt,Granola,Dairy,Contains
Caesar Salad,Romaine lettuce,None,Olive oil,Parmesan cheese,Dairy,Contains
Ranch Dressing,Buttermilk,Sugar,Vegetable oil,"Garlic, herbs",Dairy,Contains
Mashed Potatoes,Potatoes,None,Butter,"Salt, Pepper",Dairy,Contains
Rice Pudding,Rice,Sugar,Milk,"Cinnamon, raisins","Rice, Dairy",Contains
Orange Chicken,Chicken,None,Vegetable oil,Orange sauce,None,Does not contain
Baked Garlic Parmesan Chicken,Chicken,None,Butter,"Parmesan cheese, garlic",Dairy,Contains
Beef Tacos,Beef,None,Vegetable oil,Taco seasoning,None,Does not contain
Rajma Chawal,Kidney beans,None,Ghee,Spices,None,Contains
Caramel Apple,Apples,Caramel,None,None,None,Does not contain
Tandoori Chicken,Chicken,None,Yogurt,Tandoori spices,Dairy,Contains
Blueberry Muffins,Blueberries,Sugar,Butter,Flour,"Wheat, Dairy",Contains
Tofu Stir-Fry,Tofu,None,Vegetable oil,Soy sauce,Soybeans,Contains
Tiramisu,Ladyfingers,Sugar,"Mascarpone cheese, coffee liqueur",Cocoa powder,"Wheat, Dairy, Alcohol",Contains
Mutton Biryani,Mutton,None,Ghee,"Basmati rice, spices",None,Does not contain
Beef Chili,Ground beef,None,None,Chili powder,None,Does not contain
Chana Masala,Chickpeas,None,Oil,Masala spices,None,Does not contain
Teriyaki Salmon,Salmon fillet,Sugar,Soy sauce,"Ginger, garlic","Fish, Soybeans",Contains
Chicken Curry,Chicken,None,Vegetable oil,Curry powder,None,Does not contain
Aloo Paratha,Potatoes,None,Ghee,"Wheat flour, spices",Wheat,Contains
Caesar Pasta Salad,Pasta,None,Caesar dressing,"Romaine lettuce, Parmesan cheese","Wheat, Dairy",Contains
Honey Soy Glazed Salmon,Salmon,Honey,Soy sauce,"Garlic, ginger","Fish, Soybeans",Contains
Gulab Jamun,Milk solids,Sugar,Ghee,Cardamom syrup,Dairy,Contains
Chicken Curry,Chicken,None,Oil,Curry spices,None,Does not contain
Lemon Poppy Seed Muffins,Flour,Sugar,Butter,"Lemon zest, poppy seeds","Wheat, Dairy",Contains
Beef Burritos,Beef,None,Vegetable oil,Burrito seasoning,None,Does not contain
Mango Coconut Popsicles,Mango,Sugar,Coconut milk,None,None,Does not contain
Pancake Stack,Flour,Sugar,Butter,Maple syrup,"Wheat, Dairy",Contains
Cheddar Cheese,Cheese,None,None,Salt,Dairy,Contains
Chocolate Mousse,Chocolate,Sugar,Heavy cream,Vanilla extract,Dairy,Contains
Chicken Fajitas,Chicken,None,Vegetable oil,Fajita seasoning,None,Does not contain
Chocolate Chip Pancakes,Flour,Sugar,Butter,Chocolate chips,"Wheat, Dairy, Cocoa",Contains
Pesto Pizza,Pesto sauce,None,None,"Mozzarella cheese, basil",Dairy,Contains
Sweet Potato Casserole,Sweet potatoes,Brown sugar,Butter,"Cinnamon, nutmeg","Dairy, Nuts",Contains
Baked Garlic Parmesan Chicken,Chicken,None,Butter,"Parmesan cheese, garlic",Dairy,Contains
Milk Chocolate,Sugar,Cocoa butter,Milk powder,Vanilla extract,Milk,Contains
Strawberry Smoothie,Strawberries,Sugar,Yogurt,Milk,Dairy,Contains
Stuffed Portobello Mushrooms,Portobello mushrooms,None,None,"Cheese, breadcrumbs",Dairy,Contains
Ratatouille Tart,Vegetables,None,Olive oil,"Puff pastry, herbs",None,Does not contain
Baked Salmon,Salmon,None,Olive oil,"Lemon, herbs",Fish,Contains
Ratatouille,Vegetables,None,Olive oil,"Herbs, garlic",None,Does not contain
Blueberry Pancakes,Flour,Sugar,Butter,Blueberries,"Wheat, Dairy",Contains
Strawberry Smoothie,Strawberries,Sugar,Yogurt,Milk,Dairy,Contains
Tofu Stir-Fry,Tofu,None,Vegetable oil,Soy sauce,Soybeans,Contains
Stuffed Bell Peppers,Bell peppers,None,Olive oil,"Ground meat, rice",None,Does not contain
Beef Burger,Ground beef,None,Vegetable oil,"Salt, Pepper",None,Does not contain
Sausage and Pepper Pizza,Pizza dough,None,None,"Sausage, bell peppers","Wheat, Dairy",Contains
Shrimp Fried Rice,Shrimp,None,Vegetable oil,Soy sauce,"Shellfish, Soybeans",Contains
Wheat Bread,Wheat flour,None,None,Salt,Wheat,Contains
Apple Pie,Apples,Sugar,Butter,"Cinnamon, pastry","Wheat, Dairy",Contains
Chocolate Mousse,Chocolate,Sugar,Heavy cream,Vanilla extract,Dairy,Contains
Butternut Squash Soup,Butternut squash,None,Butter,"Nutmeg, cream",Dairy,Contains
Black Bean Soup,Black beans,None,Olive oil,Vegetables,None,Does not contain
Salsa,Tomatoes,None,None,"Onion, cilantro",None,Does not contain
Omelette,Eggs,None,Butter,"Salt, pepper",Eggs,Contains
Vanilla Yogurt,"Yogurt (milk, cultures)",Sugar,None,Vanilla extract,Milk,Contains
Watermelon Salad,Watermelon,None,None,"Feta cheese, mint",Dairy,Contains
Wheat Bread,Wheat flour,None,None,Salt,Wheat,Contains
Cucumber Salad,Cucumber,None,Olive oil,"Lemon juice, dill",None,Does not contain
Tuna Salad,Tuna,Mayonnaise,None,"Celery, onion","Fish, Eggs",Contains
Apple Crisp,Apples,Sugar,Butter,"Cinnamon, oats","Wheat, Dairy",Contains
Chicken Caesar Salad,Chicken,None,Caesar dressing,"Romaine lettuce, croutons","Wheat, Dairy",Contains
Beef Wellington,Beef,None,Butter,"Mushrooms, puff pastry","Wheat, Dairy",Contains
Green Smoothie,Spinach,Honey,Avocado,Almond milk,None,Does not contain
Tofu Scramble,Tofu,None,Vegetable oil,"Turmeric, spices",Soybeans,Contains
Apple Crisp,Apples,Sugar,Butter,Cinnamon,"Wheat, Dairy",Contains
Tiramisu,Ladyfingers,Sugar,"Mascarpone cheese, coffee liqueur",Cocoa powder,"Wheat, Dairy, Alcohol",Contains
Dal Makhani,Lentils,None,Ghee,"Cream, spices",Dairy,Contains
Tofu Scramble,Tofu,None,Vegetable oil,"Turmeric, spices",Soybeans,Contains
Mashed Potatoes,Potatoes,None,Butter,"Salt, Pepper",Dairy,Contains
Sushi Rolls,Sushi rice,None,Soy sauce,"Nori (seaweed), fish","Soybeans, Fish",Contains
Stuffed Bell Peppers,Bell peppers,None,Olive oil,"Ground meat, rice",None,Does not contain
Dal Makhani,Lentils,None,Ghee,"Cream, spices",Dairy,Contains
Garlic Bread,Bread,None,Butter,Garlic,"Wheat, Dairy",Contains
Banana Smoothie,Bananas,Honey,"Yogurt (milk, cultures)",None,Dairy,Contains
Pav Bhaji,Mixed vegetables,None,Butter,"Pav bread, spices",None,Does not contain
French Fries,Potatoes,None,Vegetable oil,Salt,None,Does not contain
Chole Kulche,Chickpeas,None,Ghee,"Kulcha bread, spices",None,Does not contain
Garlic Bread,Bread,None,Butter,Garlic,"Wheat, Dairy",Contains
Stuffed Portobello Mushrooms,Portobello mushrooms,None,None,"Cheese, breadcrumbs",Dairy,Contains
Milk Chocolate,Sugar,Cocoa butter,Milk powder,Vanilla extract,Milk,Contains
Berry Smoothie,Mixed berries,Sugar,"Yogurt (milk, cultures)",None,Dairy,Contains
Vanilla Ice Cream,Milk,Sugar,Cream,Vanilla extract,Milk,Contains
Chicken Korma,Chicken,None,Ghee,"Creamy sauce, spices",Dairy,Contains
Avocado Toast,Avocado,None,Olive oil,"Salt, pepper",None,Does not contain
Tofu Curry,Tofu,None,Coconut milk,Curry paste,None,Does not contain
Mashed Potatoes,Potatoes,None,Butter,"Salt, Pepper",Dairy,Contains
Chocolate Mousse,Chocolate,Sugar,Heavy cream,Vanilla extract,Dairy,Contains
Rasgulla,Paneer,Sugar,None,"Rose water, syrup",Dairy,Contains
Strawberry Spinach Salad,Spinach,None,None,"Strawberries, vinaigrette",None,Does not contain
Stuffed Portobello Mushrooms,Portobello mushrooms,None,None,"Cheese, breadcrumbs",Dairy,Contains
Chicken Fajitas,Chicken,None,Vegetable oil,Fajita seasoning,None,Does not contain
Apple Pie,Apples,Sugar,Butter,"Cinnamon, pastry","Wheat, Dairy",Contains
Stuffed Portobello Mushrooms,Portobello mushrooms,None,None,"Cheese, breadcrumbs",Dairy,Contains
Rabri,Milk,Sugar,Ghee,"Cardamom, nuts",Dairy,Contains
Chicken Fajitas,Chicken,None,Vegetable oil,Fajita seasoning,None,Does not contain
Fruit Salad,Mixed fruits,Sugar,None,Lemon juice,None,Does not contain
Prawn Curry,Prawns,None,Coconut milk,Curry spices,"Shellfish, Dairy",Contains
Greek Gyro Wrap,Lamb,None,None,"Tzatziki sauce, tomatoes, onions",Dairy,Contains
Wheat Bread,Wheat flour,None,None,Salt,Wheat,Contains
Berry Crumble,Mixed berries,Sugar,Butter,"Oats, cinnamon","Wheat, Dairy",Contains
Lemon Garlic Shrimp,Shrimp,None,Olive oil,"Lemon juice, garlic",Shellfish,Contains
Chicken Parmesan,Chicken,None,"Bread crumbs, Parmesan cheese",Marinara sauce,Dairy,Contains
Vegetable Lasagna,Vegetables,None,Olive oil,"Tomato sauce, cheese","Wheat, Dairy",Contains
Sweet Potato Casserole,Sweet potatoes,Brown sugar,Butter,"Cinnamon, nutmeg","Dairy, Nuts",Contains
Tofu Curry,Tofu,None,Coconut milk,Curry paste,None,Does not contain
Caesar Salad,Romaine lettuce,None,Olive oil,Caesar dressing,Dairy,Contains
Vegetable Stir-Fry,Mixed vegetables,None,Vegetable oil,Soy sauce,None,Does not contain
Lemonade,Lemon juice,Sugar,Water,None,None,Does not contain
French Fries,Potatoes,None,Vegetable oil,Salt,None,Does not contain
Garlic Bread,Bread,None,Butter,Garlic,"Wheat, Dairy",Contains
Lemon Dill Salmon,Salmon,None,Olive oil,"Lemon, dill",Fish,Contains
Greek Yogurt Parfait,Greek yogurt,Honey,None,"Granola, mixed berries",Dairy,Contains
Baked Brie,Brie cheese,None,None,"Herbs, nuts","Dairy, Nuts",Contains
Caramelized Onions,Onions,Sugar,Butter,None,None,Does not contain
Margherita Pizza,Cheese,None,None,"Tomato sauce, basil",Dairy,Contains
Beef Stroganoff,Beef,None,Sour cream,"Mushrooms, onions",Dairy,Contains
Butternut Squash Soup,Butternut squash,None,Butter,"Nutmeg, cream",Dairy,Contains
Chicken Piccata,Chicken,None,Butter,"Lemon, capers",Dairy,Contains
S'mores,Graham crackers,Marshmallows,Chocolate,None,"Wheat, Dairy",Contains
Baked Salmon,Salmon fillet,None,Olive oil,"Lemon, herbs",Fish,Contains
Rabri,Milk,Sugar,Ghee,"Cardamom, nuts",Dairy,Contains
Rajma Chawal,Kidney beans,None,Ghee,Spices,None,Contains
Spinach Salad,Spinach,None,Olive oil,Balsamic vinaigrette,None,Does not contain
Mushroom Risotto,Arborio rice,None,Butter,Mushroom,"Wheat, Dairy",Contains
Caramelized Onions,Onions,Sugar,Butter,None,None,Does not contain
Lentil Curry,Lentils,None,Coconut milk,Curry powder,None,Does not contain
Caramel Apple,Apples,Caramel,None,None,None,Does not contain
Chicken Curry,Chicken,None,Vegetable oil,Curry powder,None,Does not contain
Oatmeal Raisin Cookies,Oats,Brown sugar,Butter,"Raisins, cinnamon","Wheat, Dairy",Contains
Honey Soy Glazed Salmon,Salmon,Honey,Soy sauce,"Garlic, ginger","Fish, Soybeans",Contains
Sausage and Pepper Pizza,Pizza dough,None,None,"Sausage, bell peppers","Wheat, Dairy",Contains
Fish Sticks,Fish fillets,None,Vegetable oil,Salt,Fish,Contains
Honey Mustard Chicken,Chicken breast,Honey,Mustard,Vegetable oil,None,Contains
Ratatouille,Eggplant,None,Olive oil,"Tomatoes, zucchini",None,Does not contain
Chicken Biryani,Chicken,None,Ghee,"Basmati rice, spices",None,Does not contain
Lobster Bisque,Lobster,None,Butter,"Cream, brandy","Shellfish, Dairy",Contains
Pineapple Upside-Down Cake,Pineapple,Sugar,Butter,Flour,"Wheat, Dairy",Contains
Samosa,Potatoes,None,Ghee,Spices,None,Contains
Samosa,Potatoes,None,Ghee,Spices,None,Contains
Stuffed Cabbage Rolls,Cabbage,None,Olive oil,"Ground meat, rice",None,Does not contain
Chicken and Rice Soup,Chicken,None,Vegetable oil,"Rice, vegetables",None,Does not contain
Tomato Soup,Tomatoes,None,None,"Salt, Sugar",None,Does not contain
Ratatouille,Vegetables,None,Olive oil,Herbs,None,Does not contain
Chicken Alfredo,Chicken,None,Butter,"Cream, Parmesan cheese",Dairy,Contains
Vanilla Yogurt,"Yogurt (milk, cultures)",Sugar,None,Vanilla extract,Milk,Contains
Fish Sticks,Fish fillets,None,Vegetable oil,Salt,Fish,Contains
Cilantro Lime Chicken,Chicken,None,Olive oil,"Cilantro, lime",None,Does not contain
Rogan Josh,Lamb,None,Ghee,"Yogurt, Kashmiri red chili",Dairy,Contains
Sweet Potato Fries,Sweet potatoes,None,Vegetable oil,"Salt, paprika",None,Does not contain
Shrimp Scampi,Shrimp,None,Butter,"Garlic, lemon","Shellfish, Dairy",Contains
Strawberry Yogurt,"Yogurt (milk, cultures)",Sugar,None,Pectin,"Milk, Strawberries",Contains
Greek Gyro,Lamb/Chicken,None,None,"Tzatziki sauce, vegetables","Dairy, Wheat",Contains
Bacon-Wrapped Shrimp,Shrimp,None,Bacon,Seasonings,"Shellfish, Pork",Contains
Pesto Chicken,Chicken,None,Pesto sauce,None,None,Does not contain
Pesto Pasta Salad,Pasta,None,Pesto sauce,"Tomatoes, vegetables",None,Does not contain
Honey Glazed Carrots,Carrots,Honey,Butter,None,None,Does not contain
Egg Salad Sandwich,Eggs,Mayonnaise,None,"Celery, mustard","Eggs, Mustard",Contains
Honey Soy Glazed Salmon,Salmon,Honey,Soy sauce,"Garlic, ginger","Fish, Soybeans",Contains
Baked Ziti,Pasta,None,Cheese,Tomato sauce,"Wheat, Dairy",Contains
Chicken Caesar Salad,Chicken,None,Caesar dressing,"Romaine lettuce, croutons","Wheat, Dairy",Contains
Matar Paneer,Paneer,None,Ghee,"Peas, spices",Dairy,Contains
Caramelized Onions,Onions,Sugar,Butter,None,None,Does not contain
Baked Salmon,Salmon,None,Olive oil,"Lemon, herbs",Fish,Contains
Mango Salsa,Mango,None,None,"Red onion, lime",None,Does not contain
Honey Soy Glazed Salmon,Salmon,Honey,Soy sauce,"Garlic, ginger","Fish, Soybeans",Contains
Malabar Fish Curry,Fish,None,Coconut oil,"Tamarind, spices","Fish, Coconut",Contains
Paniyaram,Fermented batter,None,Oil,"Mustard seeds, curry leaves",None,Does not contain
Oatmeal Raisin Cookies,Oats,Sugar,Butter,Flour,"Wheat, Dairy",Contains
Chicken Biryani,Chicken,None,Ghee,"Basmati rice, spices",None,Does not contain
Baked Chicken Wings,Chicken wings,None,Olive oil,Seasonings,None,Does not contain
Chocolate Mousse,Chocolate,Sugar,Heavy cream,Vanilla extract,Dairy,Contains
Beef Kabobs,Beef,None,Olive oil,Seasonings,None,Does not contain
Grilled Portobello Mushroom Burger,Portobello mushrooms,None,None,"Burger bun, vegetables",Wheat,Contains
Egg Fried Rice,Eggs,None,Sesame oil,Soy sauce,"Eggs, Soybeans",Contains
Buffalo Wings,Chicken wings,None,Vegetable oil,Buffalo sauce,None,Does not contain
S'mores,Graham crackers,Marshmallows,Chocolate,None,"Wheat, Dairy",Contains
Fish Sticks,Fish fillets,None,Vegetable oil,Salt,Fish,Contains
Pani Puri,Semolina,Tamarind,None,"Spiced water, chutney",None,Does not contain
Teriyaki Salmon,Salmon fillet,Sugar,Soy sauce,"Ginger, garlic","Fish, Soybeans",Contains
Buffalo Wings,Chicken wings,None,Vegetable oil,Buffalo sauce,None,Does not contain
Greek Yogurt Parfait,Greek yogurt,Honey,None,"Granola, mixed berries",Dairy,Contains
Onion Rings,Onions,None,Vegetable oil,Flour,Wheat,Contains
Dosa,Rice,None,Oil,"Potato masala, chutney",None,Does not contain
Tomato Bruschetta,Tomatoes,None,Olive oil,"Garlic, basil",None,Does not contain
Zucchini Noodles with Pesto,Zucchini,None,Olive oil,Pesto sauce,"Pine nuts, Dairy",Contains
French Onion Soup,Onions,None,Butter,"Beef broth, cheese, bread","Dairy, Wheat",Contains
Chicken Teriyaki,Chicken,None,Soy sauce,"Honey, ginger",Soybeans,Contains
Gazpacho,Tomatoes,None,Olive oil,"Garlic, herbs",None,Does not contain
Chicken Caesar Salad,Chicken breast,None,Olive oil,Parmesan cheese,"Dairy, Anchovies",Contains
Chicken Curry,Chicken,None,Vegetable oil,Curry powder,None,Does not contain
Banana Smoothie,Bananas,Honey,"Yogurt (milk, cultures)",None,Dairy,Contains
Greek Yogurt,"Yogurt (milk, cultures)",None,None,None,Dairy,Contains
Jalebi,Flour,Sugar,Ghee,Saffron syrup,"Wheat, Dairy",Contains
Fish Sticks,Fish fillets,None,Vegetable oil,Salt,Fish,Contains
Caesar Salad Wrap,Grilled chicken,None,Caesar dressing,"Lettuce, Parmesan cheese",Dairy,Contains
Ranch Dressing,Buttermilk,Sugar,Vegetable oil,"Garlic, herbs",Dairy,Contains
Beef Stroganoff,Beef,None,Sour cream,"Mushroom, onion",Dairy,Contains
Beef and Broccoli,Beef,None,Vegetable oil,Soy sauce,None,Does not contain
Quinoa Stuffed Peppers,Quinoa,None,Olive oil,"Vegetables, spices",None,Does not contain
Chocolate Mousse,Chocolate,Sugar,Heavy cream,Vanilla extract,"Dairy, Cocoa",Contains
Lemon Poppy Seed Muffins,Flour,Sugar,Butter,"Lemon zest, poppy seeds","Wheat, Dairy",Contains
Chicken Satay,Chicken,None,Peanut oil,"Satay sauce, spices",Peanuts,Contains
Caramelized Onions,Onions,Sugar,Butter,None,None,Does not contain
Zucchini Bread,Zucchini,Sugar,Vegetable oil,Flour,Wheat,Contains
Cucumber Salad,Cucumber,None,Olive oil,"Lemon juice, dill",None,Does not contain
Malabar Fish Curry,Fish,None,Coconut oil,"Tamarind, spices","Fish, Coconut",Contains
Tofu Curry,Tofu,None,Coconut milk,Curry paste,None,Does not contain
Egg Salad,Eggs,Mayonnaise,None,"Celery, onion",Eggs,Contains
Tandoori Chicken,Chicken,None,Yogurt,Tandoori spices,Dairy,Contains
Baked Salmon,Salmon fillet,None,Olive oil,"Lemon, herbs",Fish,Contains
Prawn Biryani,Prawns,None,Ghee,"Basmati rice, spices",Shellfish,Contains
Gazpacho,Tomatoes,None,Olive oil,"Garlic, herbs",None,Does not contain
S'mores,Graham crackers,Marshmallows,Chocolate,None,"Wheat, Dairy",Contains
Blueberry Pancakes,Flour,Sugar,Butter,Blueberries,"Wheat, Dairy",Contains
Sushi Bowl,Sushi rice,None,Soy sauce,"Raw fish, vegetables","Fish, Soybeans",Contains
Greek Yogurt Parfait,Greek yogurt,Honey,None,"Granola, mixed berries",Dairy,Contains
Chicken Tikka Masala,Chicken,Sugar,Ghee,"Tomato sauce, cream",Dairy,Contains
Ratatouille Pizza,Pizza dough,None,Olive oil,Ratatouille vegetables,None,Does not contain
Rasmalai,Paneer,Sugar,"Milk, Ghee","Cardamom, nuts",Dairy,Contains
Ranch Dressing,Buttermilk,Sugar,Vegetable oil,"Garlic, herbs",Dairy,Contains
Chole Bhature,Chickpeas,Sugar,Ghee,"Chole masala, spices",None,Does not contain
Margherita Pizza,Cheese,None,None,"Tomato sauce, basil",Dairy,Contains
Chicken Tikka Masala,Chicken,Sugar,Ghee,"Tomato sauce, cream",Dairy,Contains
Cinnamon Rolls,Dough,Sugar,Butter,"Cinnamon, icing","Wheat, Dairy",Contains
Beef and Mushroom Stir-Fry,Beef,None,Vegetable oil,Soy sauce,None,Does not contain
Caramel Popcorn,Popcorn,Sugar,Butter,Salt,Dairy,Contains
Avocado Toast,Avocado,None,Olive oil,"Salt, pepper",None,Does not contain
Chicken Shawarma,Chicken,None,Olive oil,Shawarma seasoning,None,Does not contain
Chicken Caesar Salad,Chicken,None,Caesar dressing,"Romaine lettuce, croutons","Wheat, Dairy",Contains
Sushi Bowl,Sushi rice,None,Soy sauce,"Raw fish, vegetables","Fish, Soybeans",Contains
Lemon Poppy Seed Muffins,Flour,Sugar,Butter,"Lemon zest, poppy seeds","Wheat, Dairy",Contains
Paniyaram,Fermented batter,None,Oil,"Mustard seeds, curry leaves",None,Does not contain
Chicken Quesadilla,Chicken,None,Butter,Cheese,"Wheat, Dairy",Contains
Fruit Salad,Mixed fruits,Sugar,None,Lemon juice,None,Does not contain
Lemon Bars,Lemon juice,Sugar,Butter,"Flour, eggs","Wheat, Dairy, Eggs",Contains
Oatmeal Raisin Cookies,Oats,Brown sugar,Butter,"Raisins, cinnamon","Wheat, Dairy",Contains
Chicken Tikka Masala,Chicken,Sugar,Ghee,"Tomato sauce, cream",Dairy,Contains
Lemon Bars,Lemon juice,Sugar,Butter,"Flour, eggs","Wheat, Dairy, Eggs",Contains
Caramelized Onions,Onions,Sugar,Butter,None,None,Does not contain
Chicken Parmesan,Chicken,None,Olive oil,"Tomato sauce, cheese","Wheat, Dairy",Contains
Quinoa Stuffed Peppers,Quinoa,None,Olive oil,"Vegetables, spices",None,Does not contain
Mango Coconut Popsicles,Mango,Sugar,Coconut milk,None,None,Does not contain
Mango Salsa,Mango,None,None,"Lime juice, cilantro",None,Does not contain
Lemon Bars,Lemon juice,Sugar,Butter,"Flour, eggs","Wheat, Dairy, Eggs",Contains
Chicken Shawarma,Chicken,None,Olive oil,Shawarma spices,None,Does not contain
Hawaiian Pizza,Pizza dough,None,None,"Pineapple, ham","Wheat, Pork, Dairy",Contains
Rajma Chawal,Kidney beans,None,Ghee,Spices,None,Contains
Lemon Garlic Shrimp,Shrimp,None,Olive oil,"Lemon juice, garlic",Shellfish,Contains
Soy Milk,Soybeans,Sugar,None,Emulsifiers,Soybeans,Contains
Egg Fried Rice,Eggs,None,Sesame oil,Soy sauce,"Eggs, Soybeans",Contains
Strawberry Spinach Salad,Spinach,None,None,"Strawberries, vinaigrette",None,Does not contain
Greek Moussaka,Eggplant,None,Olive oil,"Ground meat, potatoes",None,Does not contain
Strawberry Shortcake,Strawberries,Sugar,Whipped cream,Shortcake,"Wheat, Dairy",Contains
Egg Fried Rice,Eggs,None,Sesame oil,Soy sauce,"Eggs, Soybeans",Contains
Ratatouille Pizza,Pizza dough,None,Olive oil,Ratatouille vegetables,None,Does not contain
Gobi Manchurian,Cauliflower,None,Oil,Manchurian sauce,None,Does not contain
Honey Glazed Carrots,Carrots,Honey,Butter,None,None,Does not contain
Strawberry Smoothie,Strawberries,Sugar,Yogurt,Milk,Dairy,Contains
Milk Chocolate,Sugar,Cocoa butter,Milk powder,Vanilla extract,Milk,Contains
BBQ Ribs,Pork ribs,Brown sugar,Vegetable oil,BBQ sauce,None,Contains
Raspberry Spinach Salad,Spinach,None,None,"Raspberries, vinaigrette",None,Does not contain
Zucchini Bread,Zucchini,Sugar,Butter,"Cinnamon, nuts","Wheat, Dairy, Nuts",Contains
Egg Fried Rice,Eggs,None,Sesame oil,Soy sauce,"Eggs, Soybeans",Contains
Vegetable Soup,Mixed vegetables,None,Olive oil,Seasonings,None,Does not contain
Vanilla Cupcakes,Flour,Sugar,Butter,Vanilla extract,"Wheat, Dairy",Contains
Spinach Salad,Spinach,None,Olive oil,Balsamic vinegar,None,Does not contain
Key Lime Pie,Lime juice,Sugar,Butter,Graham cracker crust,"Wheat, Dairy",Contains
Lemon Herb Roasted Chicken,Chicken,None,Olive oil,"Lemon, herbs",None,Does not contain
Caprese Salad,Tomatoes,None,Olive oil,"Mozzarella cheese, basil",Dairy,Contains
Biryani,Rice,None,Ghee,"Biryani masala, spices",None,Does not contain
Pav Bhaji,Mixed vegetables,None,Butter,"Pav bread, spices",None,Does not contain
Rogan Josh,Lamb,None,Ghee,"Yogurt, Kashmiri red chili",Dairy,Contains
Apple Crisp,Apples,Sugar,Butter,Cinnamon,"Wheat, Dairy",Contains
Chicken Caesar Wrap,Chicken,None,Caesar dressing,"Romaine lettuce, Parmesan cheese",Dairy,Contains
Ratatouille Pasta,Pasta,None,Olive oil,Ratatouille vegetables,None,Does not contain
Veggie Omelette,Mixed vegetables,None,Olive oil,"Salt, pepper",None,Does not contain
Apple Pie,Apples,Sugar,Butter,"Cinnamon, pastry","Wheat, Dairy",Contains
Caesar Salad,Romaine lettuce,None,Olive oil,Caesar dressing,Dairy,Contains
Palak Paneer,Spinach,None,Ghee,"Paneer, spices",Dairy,Contains
Carrot Cake,Carrots,Sugar,Vegetable oil,Cinnamon,"Wheat, Dairy",Contains
Quiche Lorraine,Bacon,None,Heavy cream,"Cheese, eggs","Dairy, Eggs",Contains
Quinoa Salad,Quinoa,None,Olive oil,"Lemon juice, herbs",None,Does not contain
Strawberry Smoothie,Strawberries,Sugar,Yogurt,Milk,Dairy,Contains
Grilled Portobello Mushroom Burger,Portobello mushrooms,None,None,"Burger bun, vegetables",Wheat,Contains
Rabri,Milk,Sugar,Ghee,"Cardamom, nuts",Dairy,Contains
Honey Soy Glazed Salmon,Salmon,Honey,Soy sauce,"Garlic, ginger","Fish, Soybeans",Contains
Tuna Sandwich,Tuna,Mayonnaise,None,"Salt, Pepper","Fish, Eggs",Contains
Minestrone Soup,Vegetables,None,Olive oil,Tomato broth,None,Does not contain
Strawberry Smoothie,Strawberries,Sugar,Yogurt,Milk,Dairy,Contains
French Fries,Potatoes,None,Vegetable oil,Salt,None,Does not contain
Banana Pudding,Bananas,Sugar,Milk,"Vanilla pudding mix, cookies",Dairy,Contains
Prawn Biryani,Prawns,None,Ghee,"Basmati rice, spices",Shellfish,Contains
Chocolate Mousse,Chocolate,Sugar,Heavy cream,Vanilla extract,Dairy,Contains
Miso Soup,Miso paste,None,None,"Tofu, seaweed",Soybeans,Contains
Soy Milk,Soybeans,Sugar,None,Emulsifiers,Soybeans,Contains
Vada Pav,Potato,None,Oil,"Pav bun, chutney",None,Does not contain
Beef Tacos,Ground beef,None,Vegetable oil,Taco seasoning,None,Does not contain
Rasmalai,Paneer,Sugar,"Milk, Ghee","Cardamom, nuts",Dairy,Contains
Mango Lassi,Mango,Sugar,"Yogurt (milk, cultures)",Cardamom,Dairy,Contains
Chicken Shawarma,Chicken,None,Olive oil,Shawarma spices,None,Does not contain
Teriyaki Beef,Beef,None,Soy sauce,"Teriyaki sauce, vegetables",Soybeans,Contains
Cinnamon Rolls,Flour,Sugar,Butter,Cinnamon,"Wheat, Dairy",Contains
Lentil Curry,Lentils,None,Coconut milk,Curry powder,None,Does not contain
Tiramisu,Ladyfingers,Sugar,Mascarpone cheese,"Coffee, cocoa","Wheat, Dairy",Contains
Quinoa Salad,Quinoa,None,Olive oil,"Lemon juice, vegetables",None,Does not contain
Tuna Sandwich,Tuna,Mayonnaise,None,"Salt, Pepper","Fish, Eggs",Contains
Malai Chicken Tikka,Chicken,None,Cream,Spices,Dairy,Contains
Chocolate Chip Pancakes,Flour,Sugar,Butter,Chocolate chips,"Wheat, Dairy, Cocoa",Contains
Tofu Scramble,Tofu,None,Vegetable oil,"Turmeric, spices",Soybeans,Contains
Dosa,Rice,None,Oil,"Potato masala, chutney",None,Does not contain
Chicken Korma,Chicken,None,Ghee,"Creamy sauce, spices",Dairy,Contains
Prawn Biryani,Prawns,None,Ghee,"Basmati rice, spices",Shellfish,Contains
Peanut Butter,Peanuts,Sugar,Vegetable oil,Salt,Peanuts,Contains
Stuffed Tomatoes,Tomatoes,None,None,"Herbs, breadcrumbs",None,Does not contain
Pumpkin Pie,Pumpkin,Sugar,Butter,"Cinnamon, nutmeg","Wheat, Dairy",Contains
Baked Salmon,Salmon,None,Olive oil,"Lemon, herbs",Fish,Contains
Soy Milk,Soybeans,Sugar,None,Emulsifiers,Soybeans,Contains
Stuffed Portobello Mushrooms,Portobello mushrooms,None,None,"Cheese, breadcrumbs",Dairy,Contains
Strawberry Spinach Salad,Spinach,None,None,"Strawberries, vinaigrette",None,Does not contain
Cucumber Salad,Cucumbers,None,Olive oil,"Vinegar, herbs",None,Does not contain
Chicken Enchiladas,Chicken,None,Enchilada sauce,"Cheese, tortillas","Wheat, Dairy",Contains
Black Bean Soup,Black beans,None,Olive oil,Vegetables,None,Does not contain
Hawaiian Pizza,Pizza dough,None,None,"Pineapple, ham","Wheat, Pork, Dairy",Contains
Chole Kulche,Chickpeas,None,Ghee,"Kulcha bread, spices",None,Does not contain
Aloo Gobi,Potatoes,None,Oil,"Cauliflower, spices",None,Does not contain
French Onion Soup,Onions,None,Butter,"Beef broth, cheese, bread","Dairy, Wheat",Contains
Pesto Pasta,Pasta,None,Olive oil,"Basil, garlic",None,Does not contain
Berry Crumble,Mixed berries,Sugar,Butter,"Oats, cinnamon","Wheat, Dairy",Contains
Chicken Noodle Casserole,Chicken,None,Butter,"Noodles, vegetables",Wheat,Contains
Kheer,Rice,Sugar,Ghee,"Cardamom, nuts",Dairy,Contains
Greek Lemon Potatoes,Potatoes,None,Olive oil,"Lemon juice, herbs",None,Does not contain
Quiche Lorraine,Bacon,None,Heavy cream,"Cheese, eggs","Dairy, Eggs",Contains
Tofu Curry,Tofu,None,Coconut milk,Curry paste,None,Does not contain
Chicken Noodle Soup,Chicken,None,Vegetable oil,"Noodles, vegetables",None,Does not contain
Honey Soy Glazed Salmon,Salmon,Honey,Soy sauce,"Garlic, ginger","Fish, Soybeans",Contains
Pani Puri,Semolina,Tamarind,None,"Spiced water, chutney",None,Does not contain
Caprese Salad,Tomatoes,None,Olive oil,"Mozzarella cheese, basil",Dairy,Contains
Chocolate Chip Pancakes,Flour,Sugar,Butter,Chocolate chips,"Wheat, Dairy, Cocoa",Contains
Stuffed Tomatoes,Tomatoes,None,None,"Herbs, breadcrumbs",None,Does not contain
Apple,Apples,None,None,None,None,Does not contain
Masala Dosa,Rice,None,Oil,"Potato masala, spices",None,Does not contain
Mutton Biryani,Mutton,None,Ghee,"Basmati rice, spices",None,Does not contain
Stuffed Bell Peppers,Bell peppers,None,Olive oil,"Ground meat, rice",None,Does not contain
Jalebi,Flour,Sugar,Ghee,Saffron syrup,"Wheat, Dairy",Contains
Tomato Soup,Tomatoes,None,None,"Salt, Sugar",None,Does not contain
Tandoori Chicken,Chicken,None,Yogurt,Tandoori spices,Dairy,Contains
Stuffed Tomatoes,Tomatoes,None,None,"Herbs, breadcrumbs",None,Does not contain
Shrimp Fried Rice,Shrimp,None,Vegetable oil,Soy sauce,"Shellfish, Soybeans",Contains
Chicken Fajitas,Chicken,None,Vegetable oil,Fajita seasoning,None,Does not contain
Pesto Pasta Salad,Pasta,None,Pesto sauce,"Tomatoes, vegetables",None,Does not contain
Chicken Satay,Chicken,None,Peanut oil,"Satay sauce, spices",Peanuts,Contains
Vegetable Soup,Mixed vegetables,None,Olive oil,Seasonings,None,Does not contain
Ratatouille Pasta,Pasta,None,Olive oil,Ratatouille vegetables,None,Does not contain
Brussels Sprouts,Brussels sprouts,None,Olive oil,Balsamic glaze,None,Does not contain
Lemon Garlic Shrimp,Shrimp,None,Olive oil,"Lemon juice, garlic",Shellfish,Contains
Apple,Apples,None,None,None,None,Does not contain
Chicken Caesar Salad,Chicken breast,None,Olive oil,Parmesan cheese,"Dairy, Anchovies",Contains
Aloo Gobi,Potatoes,None,Oil,"Cauliflower, spices",None,Does not contain
Raspberry Cheesecake,Cream cheese,Sugar,Butter,"Graham cracker crust, raspberries","Wheat, Dairy",Contains
Baked Chicken Wings,Chicken wings,None,Olive oil,Seasonings,None,Does not contain
Zucchini Bread,Zucchini,Sugar,Butter,"Cinnamon, nuts","Wheat, Dairy, Nuts",Contains
Egg Fried Rice,Eggs,None,Sesame oil,Soy sauce,"Eggs, Soybeans",Contains
Sushi Bowl,Sushi rice,None,Soy sauce,"Raw fish, vegetables","Fish, Soybeans",Contains
Oatmeal,Oats,Sugar,Milk,Cinnamon,"Oats, Dairy",Contains
Orange Juice,Oranges,Sugar,None,None,None,Does not contain
Miso Soup,Miso paste,None,None,"Tofu, seaweed",Soybeans,Contains
Spinach Salad,Spinach,None,Olive oil,Balsamic vinaigrette,None,Does not contain
Banana Pudding,Bananas,Sugar,Milk,"Vanilla pudding mix, cookies",Dairy,Contains
Greek Yogurt,"Yogurt (milk, cultures)",Honey,None,None,Dairy,Contains
Gobi Manchurian,Cauliflower,None,Oil,Manchurian sauce,None,Does not contain
Banana Smoothie,Bananas,Honey,"Yogurt (milk, cultures)",None,Dairy,Contains
Apple Crisp,Apples,Sugar,Butter,"Cinnamon, oats","Wheat, Dairy",Contains
Pesto Pizza,Pesto sauce,None,None,"Mozzarella cheese, basil",Dairy,Contains
Pasta Carbonara,Pasta,None,Bacon,"Egg, Parmesan cheese","Wheat, Dairy",Contains
Quinoa Salad,Quinoa,None,Olive oil,"Lemon juice, vegetables",None,Does not contain
Fish Sticks,Fish fillets,None,Vegetable oil,Salt,Fish,Contains
Palak Paneer,Spinach,None,Ghee,"Paneer, spices",Dairy,Contains
Stuffed Bell Peppers,Bell peppers,None,Olive oil,"Ground meat, rice",None,Does not contain
Samosa,Potatoes,None,Ghee,Spices,None,Contains
Stuffed Mushrooms,Mushrooms,None,None,"Cheese, breadcrumbs",Dairy,Contains
Watermelon Salad,Watermelon,None,None,"Feta cheese, mint",Dairy,Contains
Butter Naan,Flour,None,Butter,None,"Wheat, Dairy",Contains
Chicken and Rice Soup,Chicken,None,Vegetable oil,"Rice, vegetables",None,Does not contain
Ratatouille,Eggplant,None,Olive oil,Tomatoes,None,Does not contain
Lemon Poppy Seed Muffins,Flour,Sugar,Butter,"Lemon zest, poppy seeds","Wheat, Dairy",Contains
Shrimp Scampi Pasta,Shrimp,None,Butter,"Garlic, lemon",Shellfish,Contains
Cucumber Salad,Cucumber,None,Olive oil,"Lemon juice, dill",None,Does not contain
Greek Lemon Chicken,Chicken,None,Olive oil,"Lemon juice, herbs",None,Does not contain
Minestrone Soup,Vegetables,None,Olive oil,Tomato broth,None,Does not contain
Strawberry Smoothie,Strawberries,Sugar,Yogurt,Milk,Dairy,Contains
Caprese Salad,Tomatoes,None,Olive oil,"Mozzarella cheese, basil",Dairy,Contains
Samosa,Potatoes,None,Ghee,Spices,None,Contains
Chicken Korma,Chicken,None,Ghee,"Creamy sauce, spices",Dairy,Contains
Quinoa Salad,Quinoa,None,Olive oil,"Lemon juice, vegetables",None,Does not contain
Ranch Dressing,Buttermilk,Sugar,Vegetable oil,"Garlic, herbs",Dairy,Contains
Mango Coconut Popsicles,Mango,Sugar,Coconut milk,None,None,Does not contain
Egg Fried Rice,Eggs,None,Sesame oil,Soy sauce,"Eggs, Soybeans",Contains
Chicken Pot Pie,Chicken,None,Butter,"Vegetables, pastry",Wheat,Contains
Beef Burritos,Beef,None,Vegetable oil,Burrito seasoning,None,Does not contain
Tuna Sandwich,Tuna,Mayonnaise,None,"Salt, Pepper","Fish, Eggs",Contains
Blueberry Pancakes,Flour,Sugar,Butter,Blueberries,"Wheat, Dairy",Contains
Hawaiian Pizza,Pizza dough,None,None,"Pineapple, ham","Wheat, Pork, Dairy",Contains
Chicken Noodle Soup,Chicken broth,None,None,Salt,"Chicken, Wheat, Celery",Contains
Vada Pav,Potato,None,Oil,"Pav bun, chutney",None,Does not contain
Garlic Shrimp,Shrimp,None,Olive oil,Garlic,Shellfish,Contains
Spinach Artichoke Dip,Spinach,None,"Cream cheese, sour cream","Parmesan cheese, garlic",Dairy,Contains
Cucumber Salad,Cucumbers,None,Olive oil,"Vinegar, herbs",None,Does not contain
Lemon Bars,Lemon juice,Sugar,Butter,"Flour, eggs","Wheat, Dairy, Eggs",Contains
Masala Dosa,Rice,None,Oil,"Potato masala, spices",None,Does not contain
Greek Lemon Potatoes,Potatoes,None,Olive oil,"Lemon juice, herbs",None,Does not contain
Tomato Soup,Tomatoes,None,None,"Salt, Sugar",None,Does not contain
Pesto Pasta,Pasta,None,Olive oil,"Basil, garlic",None,Does not contain
Lemon Bars,Lemon juice,Sugar,Butter,"Flour, eggs","Wheat, Dairy, Eggs",Contains
Vanilla Ice Cream,Milk,Sugar,Cream,Vanilla extract,Milk,Contains
Beef Stroganoff,Beef,None,Sour cream,"Mushrooms, onions",Dairy,Contains
Chicken Malai Tikka,Chicken,None,Cream,Spices,Dairy,Contains
Chicken Curry,Chicken,None,Oil,Curry spices,None,Does not contain
Chicken Piccata,Chicken,None,Butter,"Lemon, capers","Dairy, Fish",Contains
Chicken Tikka Masala,Chicken,None,Ghee,Tikka masala sauce,"Dairy, Ghee",Contains
Oatmeal Raisin Cookies,Oats,Sugar,Butter,Flour,"Wheat, Dairy",Contains
Gobi Manchurian,Cauliflower,None,Oil,Manchurian sauce,None,Does not contain
Apple Cider,Apples,Sugar,None,Cinnamon,None,Does not contain
Samosa,Potatoes,None,Ghee,Spices,None,Contains
Egg Salad,Eggs,Mayonnaise,None,"Celery, onion",Eggs,Contains
Chicken Noodle Casserole,Chicken,None,Butter,"Noodles, vegetables",Wheat,Contains
Honey Soy Glazed Salmon,Salmon,Honey,Soy sauce,"Garlic, ginger","Fish, Soybeans",Contains
Sausage and Pepper Pizza,Pizza dough,None,None,"Sausage, bell peppers","Wheat, Dairy",Contains
Beef Kabobs,Beef,None,Olive oil,Seasonings,None,Does not contain
Spinach Artichoke Dip,Spinach,None,"Cream cheese, sour cream","Parmesan cheese, garlic",Dairy,Contains
Gulab Jamun,Milk solids,Sugar,Ghee,Cardamom syrup,Dairy,Contains
Tandoori Chicken,Chicken,None,Yogurt,Tandoori spices,Dairy,Contains
Stuffed Bell Peppers,Bell peppers,None,Olive oil,"Ground meat, rice",None,Does not contain
Chicken Noodle Soup,Chicken,None,Vegetable oil,"Noodles, vegetables",None,Does not contain
Sushi,"Fish (salmon, tuna)",Rice vinegar,Sesame oil,Soy sauce,"Fish, Soybeans",Contains
Tomato Soup,Tomatoes,None,None,"Salt, Sugar",None,Does not contain
Chocolate Mousse,Chocolate,Sugar,Heavy cream,Vanilla extract,Dairy,Contains
Stuffed Bell Peppers,Bell peppers,None,Olive oil,"Ground meat, rice",None,Does not contain
Lemon Pepper Chicken,Chicken,None,Olive oil,Lemon pepper seasoning,None,Does not contain
Chicken Enchiladas,Chicken,None,Vegetable oil,Enchilada sauce,None,Does not contain
Spinach Artichoke Dip,Spinach,None,"Cream cheese, sour cream","Parmesan cheese, garlic",Dairy,Contains
Tofu Curry,Tofu,None,Coconut milk,Curry paste,None,Does not contain
Garlic Bread,Bread,None,Butter,Garlic,"Wheat, Dairy",Contains
Ratatouille,Vegetables,None,Olive oil,"Herbs, garlic",None,Does not contain
Oatmeal,Oats,Sugar,Milk,Cinnamon,"Oats, Dairy",Contains
Apple,Apples,None,None,None,None,Does not contain
Rasmalai,Paneer,Sugar,"Milk, Ghee","Cardamom, nuts",Dairy,Contains
Lobster Roll,Lobster,None,Mayonnaise,"Celery, lemon juice","Shellfish, Eggs",Contains
Caesar Salad Wrap,Grilled chicken,None,Caesar dressing,"Lettuce, Parmesan cheese",Dairy,Contains
Lemon Garlic Shrimp,Shrimp,None,Olive oil,"Lemon juice, garlic",Shellfish,Contains
Chicken Korma,Chicken,None,Ghee,"Creamy sauce, spices",Dairy,Contains
Mushroom Soup,Mushrooms,None,Butter,Vegetable broth,Dairy,Contains
Lemonade,Lemon juice,Sugar,Water,None,None,Does not contain
Cinnamon Rolls,Dough,Sugar,Butter,"Cinnamon, icing","Wheat, Dairy",Contains
Chicken Parmesan,Chicken,None,Olive oil,"Tomato sauce, cheese","Wheat, Dairy",Contains
Oatmeal Raisin Cookies,Oats,Sugar,Butter,Flour,"Wheat, Dairy",Contains
French Onion Soup,Onions,None,Butter,"Beef broth, cheese, bread","Dairy, Wheat",Contains
Lemon Garlic Shrimp,Shrimp,None,Olive oil,"Lemon juice, garlic",Shellfish,Contains
Kheer,Rice,Sugar,Ghee,"Cardamom, nuts",Dairy,Contains
Chicken Parmesan,Chicken,None,Olive oil,"Tomato sauce, cheese","Wheat, Dairy",Contains
Pani Puri,Semolina,Tamarind,None,"Spiced water, chutney",None,Does not contain
Cucumber Salad,Cucumbers,None,Olive oil,"Vinegar, herbs",None,Does not contain
Ranch Dressing,Buttermilk,Sugar,Vegetable oil,"Garlic, herbs",Dairy,Contains
Malai Chicken Tikka,Chicken,None,Cream,Spices,Dairy,Contains
Quinoa Stuffed Peppers,Quinoa,None,Olive oil,"Vegetables, spices",None,Does not contain
Chicken Enchiladas,Chicken,None,Enchilada sauce,"Cheese, tortillas","Wheat, Dairy",Contains
Ratatouille Pasta,Pasta,None,Olive oil,Ratatouille vegetables,None,Does not contain
Grilled Portobello Mushroom Burger,Portobello mushrooms,None,None,"Burger bun, vegetables",Wheat,Contains
Strawberry Yogurt,"Yogurt (milk, cultures)",Sugar,None,Pectin,"Milk, Strawberries",Contains
Margherita Pizza,Cheese,None,None,"Tomato sauce, basil",Dairy,Contains
Vegetable Soup,Mixed vegetables,None,Olive oil,Seasonings,None,Does not contain
Baked Garlic Parmesan Chicken,Chicken,None,Butter,"Parmesan cheese, garlic",Dairy,Contains
Greek Lemon Potatoes,Potatoes,None,Olive oil,"Lemon juice, herbs",None,Does not contain
Caramelized Onions,Onions,Sugar,Butter,None,None,Does not contain
Greek Lemon Potatoes,Potatoes,None,Olive oil,"Lemon juice, herbs",None,Does not contain
Ratatouille Tart,Vegetables,None,Olive oil,"Puff pastry, herbs",None,Does not contain
Banana Bread,Bananas,Sugar,Butter,"Cinnamon, nuts","Wheat, Dairy, Nuts",Contains
Oatmeal Raisin Cookies,Oats,Sugar,Butter,Flour,"Wheat, Dairy",Contains
Baked Salmon,Salmon fillet,None,Olive oil,"Lemon, herbs",Fish,Contains
Avocado Toast,Avocado,None,Olive oil,"Salt, pepper",None,Does not contain
Vanilla Cupcakes,Flour,Sugar,Butter,Vanilla extract,"Wheat, Dairy",Contains
Beef Stroganoff,Beef,None,Sour cream,"Mushrooms, onions",Dairy,Contains
Berry Crumble,Mixed berries,Sugar,Butter,"Oats, cinnamon","Wheat, Dairy",Contains
Spinach Artichoke Dip,Spinach,None,"Cream cheese, sour cream","Parmesan cheese, garlic",Dairy,Contains
Spinach Salad,Spinach,None,Olive oil,Balsamic vinaigrette,None,Does not contain
Berry Parfait,Berries,Honey,Yogurt,Granola,Dairy,Contains
Banana Bread,Bananas,Sugar,Butter,"Cinnamon, nuts","Wheat, Dairy, Nuts",Contains
Chocolate Mousse,Chocolate,Sugar,Heavy cream,Vanilla extract,"Dairy, Cocoa",Contains
Greek Lemon Potatoes,Potatoes,None,Olive oil,"Lemon juice, herbs",None,Does not contain
Chicken Parmesan,Chicken,None,"Bread crumbs, Parmesan cheese",Marinara sauce,Dairy,Contains
Tofu Stir-Fry,Tofu,None,Vegetable oil,Soy sauce,Soybeans,Contains
Ratatouille,Vegetables,None,Olive oil,"Herbs, garlic",None,Does not contain
Shrimp Scampi,Shrimp,None,Butter,"Garlic, lemon",Shellfish,Contains
Baked Cod,Cod,None,Butter,"Lemon, herbs","Fish, Dairy",Contains
Chicken Satay,Chicken,None,Peanut oil,"Satay sauce, spices",Peanuts,Contains
Vegetable Biryani,Mixed vegetables,None,Ghee,"Basmati rice, spices",None,Does not contain
Zucchini Noodles with Pesto,Zucchini,None,Olive oil,Pesto sauce,"Pine nuts, Dairy",Contains
Chicken Enchiladas,Chicken,None,Vegetable oil,Enchilada sauce,None,Does not contain
Egg Salad Sandwich,Eggs,Mayonnaise,None,"Celery, mustard","Eggs, Mustard",Contains
Beef Stroganoff,Beef,None,Sour cream,"Mushrooms, onions",Dairy,Contains
Chicken Enchiladas,Chicken,None,Enchilada sauce,"Cheese, tortillas","Wheat, Dairy",Contains
Butter Naan,Flour,None,Butter,None,"Wheat, Dairy",Contains
Shrimp Scampi,Shrimp,None,Butter,"Garlic, lemon","Shellfish, Dairy",Contains
Paniyaram,Fermented batter,None,Oil,"Mustard seeds, curry leaves",None,Does not contain
Bacon-Wrapped Shrimp,Shrimp,None,Bacon,Seasonings,"Shellfish, Pork",Contains
Beef Stir-Fry,Beef,None,Vegetable oil,Soy sauce,None,Does not contain
Tofu Curry,Tofu,None,Coconut milk,Curry paste,None,Does not contain
Teriyaki Beef,Beef,None,Soy sauce,"Teriyaki sauce, vegetables",Soybeans,Contains
Margherita Pasta,Pasta,None,Olive oil,"Mozzarella cheese, tomatoes, basil",Dairy,Contains
Quiche Lorraine,Bacon,None,Heavy cream,"Cheese, eggs","Dairy, Eggs",Contains
Chicken Caesar Salad,Chicken,None,Caesar dressing,"Romaine lettuce, croutons","Wheat, Dairy",Contains
Spinach Artichoke Dip,Spinach,None,"Cream cheese, sour cream","Parmesan cheese, garlic",Dairy,Contains
Ratatouille Tart,Vegetables,None,Olive oil,"Puff pastry, herbs",None,Does not contain
Chicken Curry,Chicken,None,Vegetable oil,Curry powder,None,Does not contain
Tuna Salad,Tuna,Mayonnaise,None,"Celery, onion","Fish, Eggs",Contains
Chicken Caesar Salad,Chicken,None,Caesar dressing,"Romaine lettuce, croutons","Wheat, Dairy",Contains
Chicken Noodle Soup,Chicken,None,Vegetable oil,"Noodles, vegetables",None,Does not contain
Chicken Tikka Masala,Chicken,None,Ghee,Tikka masala sauce,"Dairy, Ghee",Contains
Chicken Caesar Salad,Chicken,None,Caesar dressing,"Romaine lettuce, croutons","Wheat, Dairy",Contains
Chicken Shawarma,Chicken,None,Olive oil,Shawarma spices,None,Does not contain
Cheddar Cheese,Cheese,None,None,Salt,Dairy,Contains
Pesto Pasta,Pasta,None,Olive oil,"Basil, garlic",None,Does not contain
Garlic Bread,Bread,None,Butter,Garlic,"Wheat, Dairy",Contains
Apple Crisp,Apples,Sugar,Butter,"Cinnamon, oats","Wheat, Dairy",Contains
Chicken Fajitas,Chicken,None,Vegetable oil,Fajita seasoning,None,Does not contain
Berry Parfait,Mixed berries,Sugar,"Yogurt (milk, cultures)",Granola,Dairy,Contains
Rogan Josh,Lamb,None,Ghee,"Yogurt, Kashmiri red chili",Dairy,Contains
Chicken Alfredo,Chicken,None,Butter,"Cream, Parmesan cheese",Dairy,Contains
Samosa,Potatoes,None,Ghee,Spices,None,Contains
Spinach Salad,Spinach,None,Olive oil,Balsamic vinegar,None,Does not contain
Pancakes,Flour,Sugar,Butter,Baking powder,"Wheat, Dairy",Contains
Chicken Satay,Chicken,None,Peanut oil,"Satay sauce, spices",Peanuts,Contains
Teriyaki Salmon,Salmon,None,Vegetable oil,Teriyaki sauce,Fish,Contains
Beef Wellington,Beef,None,Butter,"Mushrooms, puff pastry","Wheat, Dairy",Contains
Baked Salmon,Salmon,None,Olive oil,"Lemon, herbs",Fish,Contains
Rabri,Milk,Sugar,Ghee,"Cardamom, nuts",Dairy,Contains
Beef Burritos,Beef,None,Vegetable oil,Burrito seasoning,None,Does not contain
Tofu Curry,Tofu,None,Coconut milk,Curry paste,None,Does not contain
Apple Pie,Apples,Sugar,Butter,"Cinnamon, pastry","Wheat, Dairy",Contains
Margherita Pizza,Pizza dough,None,Olive oil,"Mozzarella cheese, tomatoes, basil",Dairy,Contains
Blueberry Muffins,Flour,Sugar,Butter,Blueberries,"Wheat, Dairy",Contains
Chicken Shawarma,Chicken,None,Olive oil,Shawarma spices,None,Does not contain
Honey Glazed Carrots,Carrots,Honey,Butter,None,None,Does not contain
Mushroom and Goat Cheese Flatbread,Mushrooms,None,Olive oil,"Goat cheese, herbs",Dairy,Contains
Blueberry Muffins,Blueberries,Sugar,Butter,Flour,"Wheat, Dairy",Contains
Chicken Piccata,Chicken,None,Butter,"Lemon, capers","Dairy, Fish",Contains
Teriyaki Salmon,Salmon,None,Vegetable oil,Teriyaki sauce,Fish,Contains
Egg Salad Sandwich,Eggs,Mayonnaise,None,"Celery, mustard","Eggs, Mustard",Contains
Shrimp Fried Rice,Shrimp,None,Vegetable oil,Soy sauce,"Shellfish, Soybeans",Contains
Honey Soy Glazed Salmon,Salmon,Honey,Soy sauce,"Garlic, ginger","Fish, Soybeans",Contains
Egg Fried Rice,Eggs,None,Sesame oil,Soy sauce,"Eggs, Soybeans",Contains
Spinach Stuffed Chicken,Chicken,None,Olive oil,"Spinach, garlic",None,Does not contain
Brussels Sprouts,Brussels sprouts,None,Olive oil,Balsamic glaze,None,Does not contain
Pesto Pizza,Pesto sauce,None,None,"Mozzarella cheese, basil",Dairy,Contains
Beef Stir-Fry,Beef,None,Vegetable oil,Soy sauce,None,Does not contain
Pesto Chicken,Chicken,None,Pesto sauce,None,None,Does not contain
S'mores,Graham crackers,Marshmallows,Chocolate,None,"Wheat, Dairy",Contains
Chicken Fajitas,Chicken,None,Vegetable oil,Fajita seasoning,None,Does not contain
Caesar Salad Wrap,Romaine lettuce,None,Caesar dressing,"Parmesan cheese, croutons","Wheat, Dairy",Contains
Pesto Pasta Salad,Pasta,None,Pesto sauce,"Tomatoes, vegetables",None,Does not contain
Lemon Herb Roasted Chicken,Chicken,None,Olive oil,"Lemon, herbs",None,Does not contain
Lemon Poppy Seed Muffins,Flour,Sugar,Butter,"Lemon zest, poppy seeds","Wheat, Dairy",Contains
Vegetable Curry,Mixed vegetables,None,Coconut milk,Curry paste,None,Does not contain
Ratatouille,Vegetables,None,Olive oil,Herbs,None,Does not contain
Cinnamon Rolls,Dough,Sugar,Butter,"Cinnamon, icing","Wheat, Dairy",Contains
Pesto Pasta Salad,Pasta,None,Pesto sauce,"Tomatoes, vegetables",None,Does not contain
Strawberry Yogurt,"Yogurt (milk, cultures)",Sugar,None,Pectin,"Milk, Strawberries",Contains
Ratatouille,Vegetables,None,Olive oil,"Herbs, garlic",None,Does not contain
Baked Ziti,Pasta,None,Cheese,Tomato sauce,"Wheat, Dairy",None
Vegetable Stir-Fry,Mixed vegetables,None,Vegetable oil,Soy sauce,None,Does not contain
Baked Cod,Cod,None,Butter,"Lemon, herbs","Fish, Dairy",Contains
Rajma Chawal,Kidney beans,None,Ghee,Spices,None,Contains
Pumpkin Pie,Pumpkin,Sugar,Butter,"Pumpkin spice, pastry","Wheat, Dairy",Contains
Tiramisu,Ladyfingers,Sugar,Mascarpone cheese,"Coffee, cocoa","Wheat, Dairy",Contains
Zucchini Noodles with Pesto,Zucchini,None,Olive oil,Pesto sauce,"Pine nuts, Dairy",Contains
Apple Crisp,Apples,Sugar,Butter,"Cinnamon, oats","Wheat, Dairy",Contains
Baked Garlic Parmesan Chicken,Chicken,None,Butter,"Parmesan cheese, garlic",Dairy,Contains
Gobi Manchurian,Cauliflower,None,Oil,Manchurian sauce,None,Does not contain
Vegetable Lasagna,Vegetables,None,Olive oil,"Tomato sauce, cheese","Wheat, Dairy",Contains
Garlic Bread,Bread,None,Butter,Garlic,"Wheat, Dairy",Contains
Pumpkin Soup,Pumpkin,None,Butter,"Nutmeg, cream",Dairy,Contains
Beef Burritos,Ground beef,None,Vegetable oil,Taco seasoning,None,Does not contain
Sausage and Pepper Pizza,Pizza dough,None,None,"Sausage, bell peppers","Wheat, Dairy",Contains
Pesto Chicken,Chicken,None,Olive oil,Pesto sauce,"Pine nuts, Dairy",Contains
Caprese Skewers,Tomatoes,None,Olive oil,"Mozzarella cheese, basil",Dairy,Contains
Prawn Curry,Prawns,None,Coconut milk,Curry spices,"Shellfish, Dairy",Contains
Pesto Pasta Salad,Pasta,None,Pesto sauce,"Tomatoes, vegetables",None,Does not contain
Ratatouille Tart,Vegetables,None,Olive oil,"Puff pastry, herbs",None,Does not contain
Caramel Apple,Apples,Caramel,None,None,None,Does not contain
Chocolate Mousse,Chocolate,Sugar,Heavy cream,Vanilla extract,Dairy,Contains
Chicken Curry,Chicken,None,Oil,Curry spices,None,Does not contain
Caesar Shrimp Skewers,Shrimp,None,Olive oil,Caesar dressing,"Shellfish, Dairy",Contains
Buffalo Wings,Chicken wings,None,Vegetable oil,Buffalo sauce,None,Does not contain
Oatmeal Raisin Cookies,Oats,Sugar,Butter,Flour,"Wheat, Dairy",Contains
Lemon Bars,Lemon juice,Sugar,Butter,"Flour, eggs","Wheat, Dairy, Eggs",Contains
Oatmeal Raisin Cookies,Oats,Brown sugar,Butter,"Raisins, cinnamon","Wheat, Dairy",Contains
Greek Lemon Chicken,Chicken,None,Olive oil,"Lemon juice, herbs",None,Does not contain
Beef Stroganoff,Beef,None,Sour cream,"Mushrooms, onions",Dairy,Contains
Pineapple Upside-Down Cake,Pineapple,Sugar,Butter,Flour,"Wheat, Dairy",Contains
Rasmalai,Paneer,Sugar,"Milk, Ghee","Cardamom, nuts",Dairy,Contains
Miso Soup,Miso paste,None,None,"Tofu, seaweed",Soybeans,Contains
Baked Cod,Cod,None,Butter,"Lemon, herbs","Fish, Dairy",Contains
Egg Salad,Eggs,Mayonnaise,None,"Celery, onion",Eggs,Contains
Blueberry Muffins,Flour,Sugar,Butter,Blueberries,"Wheat, Dairy",Contains
French Onion Soup,Onions,None,Butter,"Beef broth, cheese, bread","Dairy, Wheat",Contains
Mango Coconut Popsicles,Mango,Sugar,Coconut milk,None,None,Does not contain
Stuffed Bell Peppers,Bell peppers,None,Olive oil,"Ground meat, rice",None,Does not contain
Vegetable Biryani,Mixed vegetables,None,Ghee,"Basmati rice, spices",None,Does not contain
Lemon Bars,Lemon juice,Sugar,Butter,"Flour, eggs","Wheat, Dairy, Eggs",Contains
Tofu Curry,Tofu,None,Coconut milk,Curry paste,None,Does not contain
Lemon Poppy Seed Muffins,Flour,Sugar,Butter,"Lemon zest, poppy seeds","Wheat, Dairy",Contains
Shrimp Fried Rice,Shrimp,None,Vegetable oil,Soy sauce,"Shellfish, Soybeans",Contains
Chicken Teriyaki,Chicken,None,Vegetable oil,Teriyaki sauce,None,Does not contain
Sausage and Pepper Pizza,Pizza dough,None,None,"Sausage, bell peppers","Wheat, Dairy",Contains
Beef and Broccoli,Beef,None,Vegetable oil,Soy sauce,None,Does not contain
Vegetable Soup,Mixed vegetables,None,Olive oil,Seasonings,None,Does not contain
Oatmeal Raisin Cookies,Oats,Sugar,Butter,Flour,"Wheat, Dairy",Contains
Sushi,"Fish (salmon, tuna)",Rice vinegar,Sesame oil,Soy sauce,"Fish, Soybeans",Contains
Ratatouille,Eggplant,None,Olive oil,"Tomatoes, zucchini",None,Does not contain
Blueberry Muffins,Flour,Sugar,Butter,Blueberries,"Wheat, Dairy",Contains
Chicken Piccata,Chicken,None,Butter,"Lemon, capers",Dairy,Contains
Baked Ziti,Pasta,None,Cheese,Tomato sauce,"Wheat, Dairy",Contains
Stuffed Bell Peppers,Bell peppers,None,Olive oil,"Ground meat, rice",None,Does not contain
Berry Crumble,Mixed berries,Sugar,Butter,"Oats, cinnamon","Wheat, Dairy",Contains
Chicken and Rice Soup,Chicken,None,Vegetable oil,"Rice, vegetables",None,Does not contain
Chana Masala,Chickpeas,None,Oil,Masala spices,None,Does not contain
Egg Salad,Eggs,Mayonnaise,None,"Celery, onion",Eggs,Contains
Mushroom and Goat Cheese Flatbread,Mushrooms,None,Olive oil,"Goat cheese, herbs",Dairy,Contains
Strawberry Spinach Salad,Spinach,None,None,"Strawberries, vinaigrette",None,Does not contain
Zucchini Bread,Zucchini,Sugar,Vegetable oil,Flour,Wheat,Contains
Chicken Noodle Soup,Chicken broth,None,None,Salt,"Chicken, Wheat, Celery",Contains
Butternut Squash Soup,Butternut squash,None,Butter,Vegetable broth,Dairy,Contains
Hawaiian Pizza,Pizza dough,None,None,"Pineapple, ham","Wheat, Pork, Dairy",Contains
Beef Kabobs,Beef,None,Olive oil,Seasonings,None,Does not contain
Tomato Soup,Tomatoes,None,None,"Salt, Sugar",None,Does not contain
Chicken Parmesan,Chicken,None,Olive oil,"Tomato sauce, cheese","Wheat, Dairy",Contains
Buffalo Wings,Chicken wings,None,Vegetable oil,Buffalo sauce,None,Does not contain
Chole Kulche,Chickpeas,None,Ghee,"Kulcha bread, spices",None,Does not contain
Tomato Bruschetta,Tomatoes,None,Olive oil,"Garlic, basil",None,Does not contain
Chocolate Chip Cookies,Flour,Sugar,Butter,Chocolate chips,"Wheat, Dairy",Contains
French Onion Soup,Onions,None,Butter,"Beef broth, cheese, bread","Dairy, Wheat",Contains
Greek Lemon Chicken,Chicken,None,Olive oil,"Lemon juice, herbs",None,Does not contain
Sausage and Pepper Pizza,Pizza dough,None,None,"Sausage, bell peppers","Wheat, Dairy",Contains
Margherita Pizza,Pizza dough,None,Olive oil,"Mozzarella cheese, tomatoes, basil",Dairy,Contains
Tomato Soup,Tomatoes,None,None,"Salt, Sugar",None,Does not contain
Pumpkin Pie,Pumpkin,Sugar,Butter,"Cinnamon, nutmeg","Wheat, Dairy",Contains
Pesto Pizza,Pesto sauce,None,None,"Mozzarella cheese, basil",Dairy,Contains
Cheese Pizza,Cheese,None,None,Tomato sauce,Dairy,Contains
Butternut Squash Soup,Butternut squash,None,Butter,"Nutmeg, cream",Dairy,Contains
Spinach Stuffed Chicken,Chicken,None,Olive oil,"Spinach, garlic",None,Does not contain
Chana Masala,Chickpeas,None,Oil,Masala spices,None,Does not contain
Vanilla Cupcakes,Flour,Sugar,Butter,Vanilla extract,"Wheat, Dairy",Contains
Paniyaram,Fermented batter,None,Oil,"Mustard seeds, curry leaves",None,Does not contain
Vegetable Lasagna,Vegetables,None,Olive oil,"Tomato sauce, cheese","Wheat, Dairy",Contains
Tofu Stir-Fry,Tofu,None,Vegetable oil,Soy sauce,Soybeans,Contains
Chicken Shawarma,Chicken,None,Olive oil,Shawarma spices,None,Does not contain
Caramelized Onions,Onions,Sugar,Butter,None,None,Does not contain
Tofu Stir-Fry,Tofu,None,Vegetable oil,Soy sauce,Soybeans,Contains
Butternut Squash Soup,Butternut squash,None,Butter,"Nutmeg, cream",Dairy,Contains
Berry Smoothie,Mixed berries,Sugar,"Yogurt (milk, cultures)",None,Dairy,Contains
Milk Chocolate,Sugar,Cocoa butter,Milk powder,Vanilla extract,Milk,Contains
Ratatouille Tart,Vegetables,None,Olive oil,"Puff pastry, herbs",None,Does not contain
Chicken Curry,Chicken,None,Oil,Curry spices,None,Does not contain
Cucumber Salad,Cucumbers,None,Olive oil,"Vinegar, herbs",None,Does not contain
Tofu Curry,Tofu,None,Coconut milk,Curry paste,None,Does not contain
Mango Lassi,Mango,Sugar,"Yogurt (milk, cultures)",Cardamom,Dairy,Contains
Aloo Paratha,Potatoes,None,Ghee,"Wheat flour, spices",Wheat,Contains
Chicken Parmesan,Chicken,None,"Bread crumbs, Parmesan cheese",Marinara sauce,Dairy,Contains
Kheer,Rice,Sugar,Ghee,"Cardamom, nuts",Dairy,Contains
Greek Moussaka,Eggplant,None,Olive oil,"Ground meat, potatoes",None,Does not contain
Vegetable Lasagna,Vegetables,None,Olive oil,"Tomato sauce, cheese","Wheat, Dairy",Contains
Caesar Salad Wrap,Grilled chicken,None,Caesar dressing,"Lettuce, Parmesan cheese",Dairy,Contains
Apple Pie,Apples,Sugar,Butter,"Cinnamon, pastry","Wheat, Dairy",Contains
Baked Chicken Wings,Chicken wings,None,Olive oil,Seasonings,None,Does not contain
Lentil Salad,Lentils,None,Olive oil,"Lemon juice, vegetables",None,Does not contain
Strawberry Spinach Salad,Spinach,None,None,"Strawberries, vinaigrette",None,Does not contain
Chicken Noodle Soup,Chicken broth,None,None,Salt,"Chicken, Wheat, Celery",Contains
Chicken Parmesan,Chicken,None,Olive oil,"Tomato sauce, cheese","Wheat, Dairy",Contains
Mango Salsa,Mango,None,None,"Lime juice, cilantro",None,Does not contain
Lemon Bars,Lemon juice,Sugar,Butter,"Flour, eggs","Wheat, Dairy, Eggs",Contains
Beef and Mushroom Stir-Fry,Beef,None,Vegetable oil,Soy sauce,None,Does not contain
Chicken Malai Tikka,Chicken,None,Cream,Spices,Dairy,Contains
S'mores,Graham crackers,Marshmallows,Chocolate,None,"Wheat, Dairy",Contains
Chicken Alfredo Pizza,Pizza dough,None,None,"Chicken, Alfredo sauce","Wheat, Dairy",Contains
S'mores,Graham crackers,Marshmallows,Chocolate,None,"Wheat, Dairy",Contains
Garlic Shrimp,Shrimp,None,Olive oil,Garlic,Shellfish,Contains
Lentil Soup,Lentils,None,Olive oil,Vegetables,None,Does not contain
Banana Bread,Bananas,Sugar,Butter,Flour,"Wheat, Dairy",Contains
Caramel Popcorn,Popcorn,Sugar,Butter,Salt,Dairy,Contains
Spinach Artichoke Dip,Spinach,None,"Cream cheese, sour cream","Parmesan cheese, garlic",Dairy,Contains
Chicken Parmesan,Chicken,None,Olive oil,"Tomato sauce, cheese","Wheat, Dairy",Contains
Caesar Shrimp Skewers,Shrimp,None,Olive oil,Caesar dressing,"Shellfish, Dairy",Contains
Cinnamon Rolls,Dough,Sugar,Butter,"Cinnamon, icing","Wheat, Dairy",Contains
Masala Dosa,Rice,None,Oil,"Potato masala, spices",None,Does not contain
Stuffed Portobello Mushrooms,Portobello mushrooms,None,None,"Cheese, breadcrumbs",Dairy,Contains
Stuffed Portobello Mushrooms,Portobello mushrooms,None,None,"Cheese, breadcrumbs",Dairy,Contains
Pancakes,Flour,Sugar,Butter,Baking powder,"Wheat, Dairy",Contains
Stuffed Mushrooms,Mushrooms,None,None,"Garlic, herbs",None,Does not contain
Orange Chicken,Chicken,None,Vegetable oil,Orange sauce,None,Does not contain
Brussels Sprouts,Brussels sprouts,None,Olive oil,Balsamic glaze,None,Does not contain
Chicken Alfredo,Chicken,None,Butter,"Cream, Parmesan cheese",Dairy,Contains
Baked Chicken Wings,Chicken wings,None,Olive oil,Seasonings,None,Does not contain
Caramelized Onions,Onions,Sugar,Butter,None,None,Does not contain
Baked Chicken Wings,Chicken wings,None,Olive oil,Seasonings,None,Does not contain
Chicken Alfredo,Chicken,None,Butter,"Cream, Parmesan cheese",Dairy,Contains
Caesar Shrimp Skewers,Shrimp,None,Olive oil,Caesar dressing,"Shellfish, Dairy",Contains
Baked Ziti,Pasta,None,Cheese,Tomato sauce,"Wheat, Dairy",Contains
Tiramisu,Ladyfingers,Sugar,Mascarpone cheese,"Coffee, cocoa","Wheat, Dairy",Contains
Chicken and Rice Soup,Chicken,None,Vegetable oil,"Rice, vegetables",None,Does not contain
Cucumber Salad,Cucumber,None,Olive oil,"Lemon juice, dill",None,Does not contain
Lemon Garlic Shrimp,Shrimp,None,Olive oil,"Lemon juice, garlic",Shellfish,Contains
Caesar Shrimp Skewers,Shrimp,None,Olive oil,Caesar dressing,"Shellfish, Dairy",Contains
Carrot Cake,Carrots,Sugar,Vegetable oil,Cinnamon,"Wheat, Dairy",Contains
Gulab Jamun,Milk solids,Sugar,Ghee,Cardamom syrup,Dairy,Contains
Egg Salad Sandwich,Eggs,Mayonnaise,None,"Celery, mustard","Eggs, Mustard",Contains
Spinach Salad,Spinach,None,Olive oil,Balsamic vinaigrette,None,Does not contain
Beef Tacos,Beef,None,Vegetable oil,Taco seasoning,None,Does not contain
Sushi Bowl,Sushi rice,None,Soy sauce,"Raw fish, vegetables","Fish, Soybeans",Contains
Shrimp Scampi,Shrimp,None,Butter,"Garlic, lemon","Shellfish, Dairy",Contains
Cucumber Salad,Cucumber,None,Olive oil,"Lemon juice, dill",None,Does not contain
Tofu Stir-Fry,Tofu,None,Vegetable oil,Soy sauce,Soybeans,Contains
Watermelon Salad,Watermelon,None,None,"Feta cheese, mint",Dairy,Contains
Tuna Salad,Tuna,Mayonnaise,None,"Celery, onion","Fish, Eggs",Contains
Zucchini Noodles,Zucchini,None,Olive oil,"Garlic, herbs",None,Does not contain
Caramel Popcorn,Popcorn,Sugar,Butter,Salt,Dairy,Contains
Vegetable Soup,Mixed vegetables,None,Olive oil,Seasonings,None,Does not contain
Prawn Biryani,Prawns,None,Ghee,"Basmati rice, spices",Shellfish,Contains
Tofu Stir-Fry,Tofu,None,Vegetable oil,Soy sauce,Soybeans,Contains
Caesar Salad,Romaine lettuce,None,Olive oil,Caesar dressing,Dairy,Contains
Rajma Chawal,Kidney beans,None,Ghee,Spices,None,Contains
Cucumber Salad,Cucumber,None,Olive oil,"Lemon juice, dill",None,Does not contain
Mango Salsa,Mango,None,None,"Red onion, lime",None,Does not contain
French Onion Soup,Onions,None,Butter,"Beef broth, cheese, bread","Dairy, Wheat",Contains
Chicken Piccata,Chicken,None,Butter,"Lemon, capers","Dairy, Fish",Contains
Baked Garlic Parmesan Chicken,Chicken,None,Butter,"Parmesan cheese, garlic",Dairy,Contains
Lemon Garlic Chicken,Chicken,None,Olive oil,"Lemon juice, garlic",None,Does not contain
Pav Bhaji,Mixed vegetables,None,Butter,"Pav bread, spices",None,Does not contain
Oatmeal,Oats,Sugar,Milk,Cinnamon,"Oats, Dairy",Contains
Stuffed Cabbage Rolls,Cabbage,None,Olive oil,"Ground meat, rice",None,Does not contain
Quinoa Salad,Quinoa,None,Olive oil,"Lemon juice, herbs",None,Does not contain
Honey Glazed Carrots,Carrots,Honey,Butter,None,None,Does not contain
Lobster Bisque,Lobster,None,Butter,"Cream, brandy","Shellfish, Dairy",Contains
Chicken Caesar Wrap,Chicken,None,Caesar dressing,"Romaine lettuce, Parmesan cheese",Dairy,Contains
Cabbage Rolls,Cabbage,None,Olive oil,"Ground meat, rice",None,Does not contain
Beef Stir-Fry,Beef,None,Vegetable oil,Soy sauce,None,Does not contain
Baked Chicken Wings,Chicken wings,None,Olive oil,Seasonings,None,Does not contain
Caramelized Onions,Onions,Sugar,Butter,None,None,Does not contain
Lemon Poppy Seed Muffins,Flour,Sugar,Butter,"Lemon zest, poppy seeds","Wheat, Dairy",Contains
Blueberry Muffins,Flour,Sugar,Butter,Blueberries,"Wheat, Dairy",Contains
Teriyaki Salmon,Salmon,None,Vegetable oil,Teriyaki sauce,Fish,Contains
Lemon Bars,Lemon juice,Sugar,Butter,"Flour, eggs","Wheat, Dairy, Eggs",Contains
Pancake Stack,Flour,Sugar,Butter,Maple syrup,"Wheat, Dairy",Contains
Caprese Sandwich,Tomatoes,None,Olive oil,"Mozzarella cheese, basil",Dairy,Contains
Chicken Alfredo Pizza,Pizza dough,None,None,"Chicken, Alfredo sauce","Wheat, Dairy",Contains
Chicken Curry,Chicken,None,Coconut milk,Curry powder,None,Does not contain
Tuna Salad,Tuna,Mayonnaise,None,"Celery, onion","Fish, Eggs",Contains
Green Smoothie,Spinach,Honey,Avocado,Almond milk,None,Does not contain
Strawberry Spinach Salad,Spinach,None,None,"Strawberries, vinaigrette",None,Does not contain
Mushroom Risotto,Arborio rice,None,Butter,Mushroom,"Wheat, Dairy",Contains
Rabri,Milk,Sugar,Ghee,"Cardamom, nuts",Dairy,Contains
Egg Salad,Eggs,Mayonnaise,None,"Celery, onion",Eggs,Contains
Vanilla Yogurt,"Yogurt (milk, cultures)",Sugar,None,Vanilla extract,Milk,Contains
Strawberry Yogurt,"Yogurt (milk, cultures)",Sugar,None,Pectin,"Milk, Strawberries",Contains
Gulab Jamun,Milk solids,Sugar,Ghee,Cardamom syrup,Dairy,Contains
Chicken Caesar Salad,Chicken,None,Caesar dressing,"Romaine lettuce, croutons","Wheat, Dairy",Contains
Rogan Josh,Lamb,None,Ghee,"Yogurt, Kashmiri red chili",Dairy,Contains
Pesto Pasta Salad,Pasta,None,Pesto sauce,"Tomatoes, vegetables",None,Does not contain
Spinach Salad,Spinach,None,Olive oil,Balsamic vinaigrette,None,Does not contain
Jalebi,Flour,Sugar,Ghee,Saffron syrup,"Wheat, Dairy",Contains
Buffalo Wings,Chicken wings,None,Vegetable oil,Buffalo sauce,None,Does not contain
Biryani,Rice,None,Ghee,"Biryani masala, spices",None,Does not contain
Chicken Noodle Casserole,Chicken,None,Butter,"Noodles, vegetables",Wheat,Contains
Lemon Poppy Seed Muffins,Flour,Sugar,Butter,"Lemon zest, poppy seeds","Wheat, Dairy",Contains
Caesar Salad Wrap,Romaine lettuce,None,Caesar dressing,"Parmesan cheese, croutons","Wheat, Dairy",Contains
Chicken Satay,Chicken,None,Peanut oil,"Satay sauce, spices",Peanuts,Contains
Oatmeal Raisin Cookies,Oats,Sugar,Butter,Flour,"Wheat, Dairy",Contains
Zucchini Noodles,Zucchini,None,Olive oil,"Garlic, herbs",None,Does not contain
Ratatouille Pasta,Pasta,None,Olive oil,Ratatouille vegetables,None,Does not contain
Garlic Shrimp,Shrimp,None,Olive oil,Garlic,Shellfish,Contains
Apple Pie,Apples,Sugar,Butter,Cinnamon,"Wheat, Dairy",Contains
Fish Sticks,Fish fillets,None,Vegetable oil,Salt,Fish,Contains
Garlic Bread,Bread,None,Butter,Garlic,"Wheat, Dairy",Contains
Lemon Bars,Lemon juice,Sugar,Butter,"Flour, eggs","Wheat, Dairy, Eggs",Contains
Shrimp Scampi,Shrimp,None,Butter,"Garlic, lemon","Shellfish, Dairy",Contains
Lemon Bars,Lemon juice,Sugar,Butter,"Flour, eggs","Wheat, Dairy, Eggs",Contains
Caramelized Onions,Onions,Sugar,Butter,None,None,Does not contain
Apple Cider,Apples,Sugar,None,Cinnamon,None,Does not contain
Butter Chicken,Chicken,Sugar,Butter,"Tomato sauce, cream",Dairy,Contains
Butternut Squash Soup,Butternut squash,None,Butter,Vegetable broth,Dairy,Contains
Caramel Popcorn,Popcorn,Sugar,Butter,Salt,Dairy,Contains
Caramelized Onions,Onions,Sugar,Butter,None,None,Does not contain
Pesto Pasta,Pasta,None,Olive oil,"Basil, garlic",None,Does not contain
Watermelon Salad,Watermelon,None,None,"Feta cheese, mint",Dairy,Contains
Apple Crisp,Apples,Sugar,Butter,"Cinnamon, oats","Wheat, Dairy",Contains
Mushroom Risotto,Arborio rice,None,Butter,Mushroom,"Wheat, Dairy",Contains
Pasta Carbonara,Pasta,None,Bacon,"Egg, Parmesan cheese","Wheat, Dairy",Contains
Jalebi,Flour,Sugar,Ghee,Saffron syrup,"Wheat, Dairy",Contains
French Fries,Potatoes,None,Vegetable oil,Salt,None,Does not contain
Pecan Pie,Pecans,Sugar,Butter,Corn syrup,"Wheat, Dairy, Nuts",Contains
Chicken Enchiladas,Chicken,None,Enchilada sauce,"Cheese, tortillas","Wheat, Dairy",Contains
Beef Wellington,Beef,None,Butter,"Mushrooms, puff pastry","Wheat, Dairy",Contains
Avocado Toast,Avocado,None,Olive oil,"Salt, pepper",None,Does not contain
Baked Garlic Parmesan Chicken,Chicken,None,Butter,"Parmesan cheese, garlic",Dairy,Contains
Caramel Apple,Apples,Caramel,None,None,None,Does not contain
Hawaiian Pizza,Pizza dough,None,None,"Pineapple, ham","Wheat, Pork, Dairy",Contains
Greek Salad,Cucumber,None,Olive oil,Lemon juice,None,Does not contain
Banana Smoothie,Bananas,Honey,"Yogurt (milk, cultures)",None,Dairy,Contains
Vada Pav,Potato,None,Oil,"Pav bun, chutney",None,Does not contain
Chicken Satay,Chicken,None,Peanut oil,"Satay sauce, spices",Peanuts,Contains
Beef Stroganoff,Beef,None,Sour cream,"Mushrooms, onions",Dairy,Contains
Chicken Curry,Chicken,None,Coconut milk,Curry powder,None,Does not contain
Chicken Teriyaki,Chicken,None,Soy sauce,"Honey, ginger",Soybeans,Contains
Sausage and Pepper Pizza,Pizza dough,None,None,"Sausage, bell peppers","Wheat, Dairy",Contains
Chicken Fettuccine Alfredo,Chicken,None,Butter,"Cream, Parmesan cheese",Dairy,Contains
Garlic Bread,Bread,None,Butter,Garlic,"Wheat, Dairy",Contains
Hyderabadi Biryani,Basmati rice,None,Ghee,"Meat/vegetables, spices",None,Does not contain
BBQ Ribs,Pork ribs,Brown sugar,Vegetable oil,BBQ sauce,None,Contains
Caesar Shrimp Skewers,Shrimp,None,Olive oil,Caesar dressing,"Shellfish, Dairy",Contains
Caesar Pasta Salad,Pasta,None,Caesar dressing,"Romaine lettuce, Parmesan cheese","Wheat, Dairy",Contains
Lemon Poppy Seed Muffins,Flour,Sugar,Butter,"Lemon zest, poppy seeds","Wheat, Dairy",Contains
Honey Glazed Carrots,Carrots,Honey,Butter,None,None,Does not contain
Strawberry Yogurt,"Yogurt (milk, cultures)",Sugar,None,Pectin,"Milk, Strawberries",Contains
Beef Tacos,Ground beef,None,Vegetable oil,Taco seasoning,None,Does not contain
Malai Chicken Tikka,Chicken,None,Cream,Spices,Dairy,Contains
Greek Yogurt Parfait,Greek yogurt,Honey,None,"Granola, mixed berries",Dairy,Contains
Pav Bhaji,Mixed vegetables,None,Butter,"Pav bread, spices",None,Does not contain
Wheat Bread,Wheat flour,None,None,Salt,Wheat,Contains
Mango Lassi,Mango,Sugar,"Yogurt (milk, cultures)",Cardamom,Dairy,Contains
French Fries,Potatoes,None,Vegetable oil,Salt,None,Does not contain
Matar Paneer,Paneer,None,Ghee,"Peas, spices",Dairy,Contains
Apple Crisp,Apples,Sugar,Butter,"Cinnamon, oats","Wheat, Dairy",Contains
Caesar Wrap,Grilled chicken,None,Caesar dressing,"Lettuce, Parmesan cheese",Dairy,Contains
Pecan Pie,Pecans,Sugar,Butter,Corn syrup,"Wheat, Dairy, Nuts",Contains
Buffalo Wings,Chicken wings,None,Vegetable oil,Buffalo sauce,None,Does not contain
Lentil Soup,Lentils,None,Olive oil,Vegetables,None,Does not contain
Beef Stroganoff,Beef,None,Sour cream,"Mushroom, onion",Dairy,Contains
Lentil Soup,Lentils,None,Olive oil,Vegetables,None,Does not contain
Hyderabadi Biryani,Basmati rice,None,Ghee,"Meat/vegetables, spices",None,Does not contain
Stuffed Mushrooms,Mushrooms,None,None,"Cheese, breadcrumbs",Dairy,Contains
Sushi Bowl,Sushi rice,None,Soy sauce,"Raw fish, vegetables","Fish, Soybeans",Contains
Cheddar Cheese,Cheese,None,None,Salt,Dairy,Contains
Chicken Tikka Masala,Chicken,None,Ghee,Tikka masala sauce,"Dairy, Ghee",Contains
Chicken Fajitas,Chicken,None,Vegetable oil,Fajita seasoning,None,Does not contain
Jalebi,Flour,Sugar,Ghee,Saffron syrup,"Wheat, Dairy",Contains
Tandoori Chicken,Chicken,None,Yogurt,Tandoori spices,Dairy,Contains
Raspberry Cheesecake,Cream cheese,Sugar,Butter,"Graham cracker crust, raspberries","Wheat, Dairy",Contains
Tofu Stir-Fry,Tofu,None,Vegetable oil,Soy sauce,Soybeans,Contains
Beef Stroganoff,Beef,None,Sour cream,"Mushrooms, onions",Dairy,Contains
Pancakes,Flour,Sugar,Butter,Baking powder,"Wheat, Dairy",Contains
Lemon Pepper Chicken,Chicken,None,Olive oil,Lemon pepper seasoning,None,Does not contain
Chicken Shawarma,Chicken,None,Olive oil,Shawarma seasoning,None,Does not contain
Dal Makhani,Lentils,None,Ghee,"Cream, spices",Dairy,Contains
Lemon Poppy Seed Muffins,Flour,Sugar,Butter,"Lemon zest, poppy seeds","Wheat, Dairy",Contains
Malabar Fish Curry,Fish,None,Coconut oil,"Tamarind, spices","Fish, Coconut",Contains
Beef and Broccoli,Beef,None,Vegetable oil,Soy sauce,None,Does not contain
Ratatouille Tart,Vegetables,None,Olive oil,"Puff pastry, herbs",None,Does not contain
Caprese Sandwich,Tomatoes,None,Olive oil,"Mozzarella cheese, basil",Dairy,Contains
Berry Cobbler,Mixed berries,Sugar,Butter,Flour,"Wheat, Dairy",Contains
Baked Cod,Cod,None,Butter,"Lemon, herbs","Fish, Dairy",Contains
Egg Fried Rice,Eggs,None,Sesame oil,Soy sauce,"Eggs, Soybeans",Contains
Blueberry Muffins,Blueberries,Sugar,Butter,Flour,"Wheat, Dairy",Contains
Ratatouille,Eggplant,None,Olive oil,"Tomatoes, zucchini",None,Does not contain
Baked Chicken Wings,Chicken wings,None,Olive oil,Seasonings,None,Does not contain
Garlic Bread,Bread,None,Butter,Garlic,"Wheat, Dairy",Contains
Tofu Stir-Fry,Tofu,None,Vegetable oil,Soy sauce,Soybeans,Contains
Caprese Salad,Tomatoes,None,Olive oil,"Mozzarella cheese, basil",Dairy,Contains
Mushroom and Goat Cheese Flatbread,Mushrooms,None,Olive oil,"Goat cheese, herbs",Dairy,Contains
Ratatouille,Eggplant,None,Olive oil,"Tomatoes, zucchini",None,Does not contain
Blueberry Muffins,Flour,Sugar,Butter,Blueberries,"Wheat, Dairy",Contains
Beef and Broccoli,Beef,None,Vegetable oil,Soy sauce,None,Does not contain
Vada Pav,Potato,None,Oil,"Pav bun, chutney",None,Does not contain
Chicken Tikka Masala,Chicken,None,Ghee,Tikka masala sauce,"Dairy, Ghee",Contains
Greek Spanakopita,Spinach,None,Olive oil,"Feta cheese, phyllo dough",Dairy,Contains
Chocolate Mousse,Chocolate,Sugar,Heavy cream,Vanilla extract,"Dairy, Cocoa",Contains
Aloo Paratha,Potatoes,None,Ghee,"Wheat flour, spices",Wheat,Contains
Chicken Noodle Soup,Chicken broth,None,None,Salt,"Chicken, Wheat, Celery",Contains
Spinach and Feta Stuffed Chicken,Chicken,None,Olive oil,"Spinach, feta cheese",Dairy,Contains
Caesar Salad Wrap,Romaine lettuce,None,Caesar dressing,"Parmesan cheese, croutons","Wheat, Dairy",Contains
Baked Brie,Brie cheese,None,None,"Herbs, nuts","Dairy, Nuts",Contains
Orange Juice,Oranges,Sugar,None,None,None,Does not contain
Beef Stroganoff,Beef,None,Sour cream,"Mushrooms, onions",Dairy,Contains
Matar Paneer,Paneer,None,Ghee,"Peas, spices",Dairy,Contains
Greek Lemon Potatoes,Potatoes,None,Olive oil,"Lemon juice, herbs",None,Does not contain
Pesto Chicken,Chicken,None,Olive oil,Pesto sauce,"Pine nuts, Dairy",Contains
Apple,Apples,None,None,None,None,Does not contain
Shrimp Fried Rice,Shrimp,None,Vegetable oil,Soy sauce,"Shellfish, Soybeans",Contains
Greek Yogurt,"Yogurt (milk, cultures)",Honey,None,None,Dairy,Contains
Margherita Pizza,Pizza dough,None,Olive oil,"Mozzarella cheese, tomatoes, basil",Dairy,Contains
Apple Crisp,Apples,Sugar,Butter,"Cinnamon, oats","Wheat, Dairy",Contains
Berry Parfait,Berries,Honey,Yogurt,Granola,Dairy,Contains
Oatmeal,Oats,Sugar,Milk,Cinnamon,"Oats, Dairy",Contains
Greek Lemon Potatoes,Potatoes,None,Olive oil,"Lemon juice, herbs",None,Does not contain
Chicken Noodle Soup,Chicken,None,Vegetable oil,"Noodles, vegetables",None,Does not contain
Caprese Salad,Tomatoes,None,Olive oil,"Mozzarella cheese, basil",Dairy,Contains
Baked Ziti,Pasta,None,Cheese,Tomato sauce,"Wheat, Dairy",Contains
Mashed Potatoes,Potatoes,None,Butter,"Salt, Pepper",Dairy,Contains
Teriyaki Beef,Beef,None,Soy sauce,"Teriyaki sauce, vegetables",Soybeans,Contains
Eggplant Parmesan,Eggplant,None,Olive oil,"Marinara sauce, cheese",Dairy,Contains
Banana Bread,Bananas,Sugar,Butter,Flour,"Wheat, Dairy",Contains
Rogan Josh,Lamb,None,Ghee,"Yogurt, Kashmiri red chili",Dairy,Contains
Mashed Potatoes,Potatoes,None,Butter,"Salt, Pepper",Dairy,Contains
Caprese Salad,Tomatoes,None,Olive oil,"Mozzarella cheese, basil",Dairy,Contains
Stuffed Bell Peppers,Bell peppers,None,Olive oil,"Ground meat, rice",None,Does not contain
Kheer,Rice,Sugar,Ghee,"Cardamom, nuts",Dairy,Contains
French Onion Soup,Onions,None,Butter,"Beef broth, cheese, bread","Dairy, Wheat",Contains
Fish Sticks,Fish fillets,None,Vegetable oil,Salt,Fish,Contains
Banana Smoothie,Bananas,Honey,"Yogurt (milk, cultures)",None,Dairy,Contains
Baked Brie,Brie cheese,None,None,"Herbs, nuts","Dairy, Nuts",Contains
Strawberry Spinach Salad,Spinach,None,None,"Strawberries, vinaigrette",None,Does not contain
Quinoa Stuffed Peppers,Quinoa,None,Olive oil,"Vegetables, spices",None,Does not contain
Beef Burritos,Beef,None,Vegetable oil,Burrito seasoning,None,Does not contain
Beef Tacos,Beef,None,Vegetable oil,Taco seasoning,None,Does not contain
Ratatouille Pasta,Pasta,None,Olive oil,Ratatouille vegetables,None,Does not contain
Cucumber Salad,Cucumbers,None,Olive oil,"Vinegar, herbs",None,Does not contain
Rajma Chawal,Kidney beans,None,Ghee,Spices,None,Contains
Sausage and Pepper Pizza,Pizza dough,None,None,"Sausage, bell peppers","Wheat, Dairy",Contains
Zucchini Bread,Zucchini,Sugar,Butter,"Cinnamon, nuts","Wheat, Dairy, Nuts",Contains
Carrot Cake,Carrots,Sugar,Vegetable oil,Cinnamon,"Wheat, Dairy",Contains
Mango Coconut Popsicles,Mango,Sugar,Coconut milk,None,None,Does not contain
Pumpkin Pie,Pumpkin,Sugar,Butter,"Pumpkin spice, pastry","Wheat, Dairy",Contains
Oatmeal Raisin Cookies,Oats,Sugar,Butter,Flour,"Wheat, Dairy",Contains
Stuffed Tomatoes,Tomatoes,None,None,"Herbs, breadcrumbs",None,Does not contain
Quiche,Eggs,None,Cheese,Vegetables,"Eggs, Dairy",Contains
Beef Chili,Ground beef,None,None,Chili powder,None,Does not contain
Stuffed Mushrooms,Mushrooms,None,None,"Cheese, breadcrumbs",Dairy,Contains
Gulab Jamun,Milk solids,Sugar,Ghee,Cardamom syrup,Dairy,Contains
Lemon Poppy Seed Muffins,Flour,Sugar,Butter,"Lemon zest, poppy seeds","Wheat, Dairy",Contains
Mango Lassi,Mango,Sugar,"Yogurt (milk, cultures)",Cardamom,Dairy,Contains
Lemon Dill Salmon,Salmon,None,Olive oil,"Lemon, dill",Fish,Contains
Chicken Curry,Chicken,None,Oil,Curry spices,None,Does not contain
Baked Salmon,Salmon,None,Olive oil,"Lemon, herbs",Fish,Contains
Chicken Alfredo Pizza,Pizza dough,None,None,"Chicken, Alfredo sauce","Wheat, Dairy",Contains
Baked Salmon,Salmon,None,Olive oil,"Lemon, herbs",Fish,Contains
Omelette,Eggs,None,Butter,"Salt, pepper",Eggs,Contains
Chole Kulche,Chickpeas,None,Ghee,"Kulcha bread, spices",None,Does not contain
Rice Pudding,Rice,Sugar,Milk,"Cinnamon, raisins","Rice, Dairy",Contains
Vanilla Yogurt,"Yogurt (milk, cultures)",Sugar,None,Vanilla extract,Milk,Contains
Chicken Caesar Wrap,Chicken,None,Caesar dressing,"Romaine lettuce, Parmesan cheese",Dairy,Contains
Baked Cod,Cod,None,Butter,"Lemon, herbs","Fish, Dairy",Contains
Beef Chili,Ground beef,None,None,Chili powder,None,Does not contain
Caramelized Onions,Onions,Sugar,Butter,None,None,Does not contain
Ratatouille Pasta,Pasta,None,Olive oil,Ratatouille vegetables,None,Does not contain
Greek Lemon Potatoes,Potatoes,None,Olive oil,"Lemon juice, herbs",None,Does not contain
Zucchini Bread,Zucchini,Sugar,Vegetable oil,Flour,Wheat,Contains
Lentil Soup,Lentils,None,Olive oil,Vegetables,None,Does not contain
Samosa,Potatoes,None,Ghee,Spices,None,Contains
Roasted Brussels Sprouts,Brussels sprouts,None,Olive oil,Balsamic glaze,None,Does not contain
Baked Salmon,Salmon,None,Olive oil,"Lemon, herbs",Fish,Contains
Masala Dosa,Rice,None,Oil,"Potato masala, spices",None,Does not contain
Vegetable Biryani,Mixed vegetables,None,Ghee,"Basmati rice, spices",None,Does not contain
Beef Chili,Ground beef,None,None,Chili powder,None,Does not contain
Sausage and Pepper Pizza,Pizza dough,None,None,"Sausage, bell peppers","Wheat, Dairy",Contains
Beef Stir-Fry,Beef,None,Vegetable oil,Soy sauce,None,Does not contain
Pesto Pasta Salad,Pasta,None,Pesto sauce,"Tomatoes, vegetables",None,Does not contain
Chicken Pot Pie,Chicken,None,Butter,"Vegetables, pastry",Wheat,Contains
Chicken Alfredo Pizza,Pizza dough,None,None,"Chicken, Alfredo sauce","Wheat, Dairy",Contains
Paniyaram,Fermented batter,None,Oil,"Mustard seeds, curry leaves",None,Does not contain
Beef Stir-Fry,Beef,None,Vegetable oil,Soy sauce,None,Does not contain
Buffalo Wings,Chicken wings,None,Vegetable oil,Buffalo sauce,None,Does not contain
Cucumber Salad,Cucumbers,None,Olive oil,"Vinegar, herbs",None,Does not contain
Ratatouille,Vegetables,None,Olive oil,"Herbs, garlic",None,Does not contain
Rabri,Milk,Sugar,Ghee,"Cardamom, nuts",Dairy,Contains
Beef Stroganoff,Beef,None,Sour cream,"Mushroom, onion",Dairy,Contains
Greek Gyro Wrap,Lamb,None,None,"Tzatziki sauce, tomatoes, onions",Dairy,Contains
Butternut Squash Soup,Butternut squash,None,Butter,Vegetable broth,Dairy,Contains
Chicken Enchiladas,Chicken,None,Enchilada sauce,"Cheese, tortillas","Wheat, Dairy",Contains
Banana Smoothie,Bananas,Honey,"Yogurt (milk, cultures)",None,Dairy,Contains
Milk Chocolate,Sugar,Cocoa butter,Milk powder,Vanilla extract,Milk,Contains
Ratatouille Pizza,Pizza dough,None,Olive oil,Ratatouille vegetables,None,Does not contain
Baked Salmon,Salmon,None,Olive oil,"Lemon, herbs",Fish,Contains
Rasmalai,Paneer,Sugar,"Milk, Ghee","Cardamom, nuts",Dairy,Contains
Lentil Salad,Lentils,None,Olive oil,"Lemon juice, vegetables",None,Does not contain
Tomato Soup,Tomatoes,None,None,"Salt, Sugar",None,Does not contain
Chicken Malai Tikka,Chicken,None,Cream,Spices,Dairy,Contains
Baked Cod,Cod,None,Butter,"Lemon, herbs","Fish, Dairy",Contains
Sausage and Pepper Pizza,Pizza dough,None,None,"Sausage, bell peppers","Wheat, Dairy",Contains
Caprese Salad,Tomatoes,None,Olive oil,"Mozzarella cheese, basil",Dairy,Contains
Aloo Paratha,Potatoes,None,Ghee,"Wheat flour, spices",Wheat,Contains
Blueberry Muffins,Flour,Sugar,Butter,Blueberries,"Wheat, Dairy",Contains
Brussels Sprouts,Brussels sprouts,None,Olive oil,Balsamic glaze,None,Does not contain
Greek Moussaka,Eggplant,None,Olive oil,"Ground meat, potatoes",None,Does not contain
Matar Paneer,Paneer,None,Ghee,"Peas, spices",Dairy,Contains
Apple Pie,Apples,Sugar,Butter,"Cinnamon, pastry","Wheat, Dairy",Contains
Beef Tacos,Beef,None,Vegetable oil,Taco seasoning,None,Does not contain
Pesto Pasta,Pasta,None,Olive oil,"Basil, garlic",None,Does not contain
Peanut Butter,Peanuts,Sugar,Vegetable oil,Salt,Peanuts,Contains
Vegetable Biryani,Mixed vegetables,None,Ghee,"Basmati rice, spices",None,Does not contain
Cheddar Cheese,Cheese,None,None,Salt,Dairy,Contains
Aloo Gobi,Potatoes,None,Oil,"Cauliflower, spices",None,Does not contain
Mango Coconut Popsicles,Mango,Sugar,Coconut milk,None,None,Does not contain
Chicken Curry,Chicken,None,Coconut milk,Curry powder,None,Does not contain
Strawberry Spinach Salad,Spinach,None,None,"Strawberries, vinaigrette",None,Does not contain
Chicken Enchiladas,Chicken,None,Enchilada sauce,"Cheese, tortillas","Wheat, Dairy",Contains
Mushroom Risotto,Mushrooms,None,Butter,"Arborio rice, Parmesan cheese",Dairy,Contains
Chocolate Chip Cookies,Flour,Sugar,Butter,Chocolate chips,"Wheat, Dairy",Contains
Chocolate Mousse,Chocolate,Sugar,Heavy cream,Vanilla extract,Dairy,Contains
Eggplant Parmesan,Eggplant,None,Olive oil,"Marinara sauce, cheese",Dairy,Contains
French Fries,Potatoes,None,Vegetable oil,Salt,None,Does not contain
Ratatouille Pasta,Pasta,None,Olive oil,Ratatouille vegetables,None,Does not contain
Greek Lemon Chicken,Chicken,None,Olive oil,"Lemon juice, herbs",None,Does not contain
Banana Pudding,Bananas,Sugar,Milk,"Vanilla pudding mix, cookies",Dairy,Contains
Strawberry Yogurt,"Yogurt (milk, cultures)",Sugar,None,Pectin,"Milk, Strawberries",Contains
Mushroom Soup,Mushrooms,None,Butter,Vegetable broth,Dairy,Contains
Greek Moussaka,Eggplant,None,Olive oil,"Ground meat, potatoes",None,Does not contain
Stuffed Cabbage Rolls,Cabbage,None,Olive oil,"Ground meat, rice",None,Does not contain
Cucumber Salad,Cucumbers,None,Olive oil,"Vinegar, herbs",None,Does not contain
Cabbage Rolls,Cabbage,None,Olive oil,"Ground meat, rice",None,Does not contain
French Fries,Potatoes,None,Vegetable oil,Salt,None,Does not contain
Beef Tacos,Ground beef,None,Vegetable oil,Taco seasoning,None,Does not contain
Margherita Pizza,Pizza dough,None,Olive oil,"Mozzarella cheese, tomatoes, basil",Dairy,Contains
Caramelized Onions,Onions,Sugar,Butter,None,None,Does not contain
Zucchini Bread,Zucchini,Sugar,Butter,"Cinnamon, nuts","Wheat, Dairy, Nuts",Contains
Mushroom Risotto,Arborio rice,None,Butter,Mushroom,"Wheat, Dairy",Contains
Veggie Burger,Mixed vegetables,None,Vegetable oil,Seasonings,None,Does not contain
Bacon-Wrapped Shrimp,Shrimp,None,Bacon,Seasonings,"Shellfish, Pork",Contains
Lemon Garlic Chicken,Chicken,None,Olive oil,"Lemon juice, garlic",None,Does not contain
Lemon Pepper Chicken,Chicken,None,Olive oil,Lemon pepper seasoning,None,Does not contain
Greek Yogurt,"Yogurt (milk, cultures)",Honey,None,None,Dairy,Contains
Caramelized Onions,Onions,Sugar,Butter,None,None,Does not contain
Cucumber Salad,Cucumbers,None,Olive oil,"Vinegar, herbs",None,Does not contain
Beef Burritos,Ground beef,None,Vegetable oil,Taco seasoning,None,Does not contain
Spinach and Feta Stuffed Chicken,Chicken,None,Olive oil,"Spinach, feta cheese",Dairy,Contains
Chocolate Mousse,Chocolate,Sugar,Heavy cream,Vanilla extract,"Dairy, Cocoa",Contains
Mango Salsa,Mango,None,None,"Red onion, lime",None,Does not contain
Wheat Bread,Wheat flour,None,None,Salt,Wheat,Contains
Greek Spanakopita,Spinach,None,Olive oil,"Feta cheese, phyllo dough",Dairy,Contains
Chicken Curry,Chicken,None,Oil,Curry spices,None,Does not contain
Oatmeal Raisin Cookies,Oats,Sugar,Butter,Flour,"Wheat, Dairy",Contains
Baked Garlic Parmesan Chicken,Chicken,None,Butter,"Parmesan cheese, garlic",Dairy,Contains
Chicken Korma,Chicken,None,Ghee,"Creamy sauce, spices",Dairy,Contains
Blueberry Muffins,Blueberries,Sugar,Butter,Flour,"Wheat, Dairy",Contains
Pumpkin Pie,Pumpkin,Sugar,Butter,"Cinnamon, nutmeg","Wheat, Dairy",Contains
Chicken Satay,Chicken,None,Peanut butter,Soy sauce,Peanuts,Contains
Greek Lemon Potatoes,Potatoes,None,Olive oil,"Lemon juice, herbs",None,Does not contain
Gulab Jamun,Milk solids,Sugar,Ghee,Cardamom syrup,Dairy,Contains
Baked Chicken Wings,Chicken wings,None,Olive oil,Seasonings,None,Does not contain
Beef Stir-Fry,Beef,None,Vegetable oil,Soy sauce,None,Does not contain
Tomato Soup,Tomatoes,None,None,"Salt, Sugar",None,Does not contain
Chicken Quesadilla,Chicken,None,Butter,Cheese,"Wheat, Dairy",Contains
Matar Paneer,Paneer,None,Ghee,"Peas, spices",Dairy,Contains
Berry Smoothie,Mixed berries,Sugar,"Yogurt (milk, cultures)",None,Dairy,Contains
Ratatouille,Vegetables,None,Olive oil,"Herbs, garlic",None,Does not contain
Zucchini Noodles,Zucchini,None,Olive oil,"Garlic, herbs",None,Does not contain
Honey Glazed Carrots,Carrots,Honey,Butter,None,None,Does not contain
Chicken Biryani,Chicken,None,Ghee,"Basmati rice, spices",None,Does not contain
Pav Bhaji,Mixed vegetables,None,Butter,"Pav bread, spices",None,Does not contain
Caesar Salad Wrap,Grilled chicken,None,Caesar dressing,"Lettuce, Parmesan cheese",Dairy,Contains
Malai Chicken Tikka,Chicken,None,Cream,Spices,Dairy,Contains
Caramel Popcorn,Popcorn,Sugar,Butter,Salt,Dairy,Contains
Cilantro Lime Chicken,Chicken,None,Olive oil,"Cilantro, lime",None,Does not contain
Chicken Noodle Soup,Chicken broth,None,None,Salt,"Chicken, Wheat, Celery",Contains
Butternut Squash Soup,Butternut squash,None,Butter,Vegetable broth,Dairy,Contains
Soy Milk,Soybeans,Sugar,None,Emulsifiers,Soybeans,Contains
Berry Smoothie,Mixed berries,Sugar,"Yogurt (milk, cultures)",None,Dairy,Contains
Grilled Portobello Mushroom Burger,Portobello mushrooms,None,None,"Burger bun, vegetables",Wheat,Contains
Ratatouille,Eggplant,None,Olive oil,"Tomatoes, zucchini",None,Does not contain
Sushi,"Fish (salmon, tuna)",Rice vinegar,Sesame oil,Soy sauce,"Fish, Soybeans",Contains
Lentil Curry,Lentils,None,Coconut milk,Curry powder,None,Does not contain
Chicken Caesar Salad,Chicken,None,Caesar dressing,"Romaine lettuce, croutons","Wheat, Dairy",Contains
Lemon Garlic Shrimp,Shrimp,None,Olive oil,"Lemon juice, garlic",Shellfish,Contains
Oatmeal Raisin Cookies,Oats,Brown sugar,Butter,"Raisins, cinnamon","Wheat, Dairy",Contains
Wheat Bread,Wheat flour,None,None,Salt,Wheat,Contains
Stuffed Mushrooms,Mushrooms,None,None,"Garlic, herbs",None,Does not contain
Miso Soup,Miso paste,None,None,"Tofu, seaweed",Soybeans,Contains
Roasted Brussels Sprouts,Brussels sprouts,None,Olive oil,Balsamic glaze,None,Does not contain
Margherita Pasta,Pasta,None,Olive oil,"Fresh tomatoes, mozzarella",Dairy,Contains
Lemon Poppy Seed Muffins,Flour,Sugar,Butter,"Lemon zest, poppy seeds","Wheat, Dairy",Contains
Chicken Caesar Wrap,Chicken,None,Caesar dressing,"Romaine lettuce, Parmesan cheese",Dairy,Contains
Wheat Bread,Wheat flour,None,None,Salt,Wheat,Contains
Chicken Satay,Chicken,None,Peanut oil,"Satay sauce, spices",Peanuts,Contains
Caprese Skewers,Tomatoes,None,Olive oil,"Mozzarella cheese, basil",Dairy,Contains
Chicken Satay,Chicken,None,Peanut butter,Soy sauce,Peanuts,Contains
Teriyaki Salmon,Salmon fillet,Sugar,Soy sauce,"Ginger, garlic","Fish, Soybeans",Contains
Caramelized Onions,Onions,Sugar,Butter,None,None,Does not contain
Chicken Korma,Chicken,None,Ghee,"Creamy sauce, spices",Dairy,Contains
Mango Coconut Popsicles,Mango,Sugar,Coconut milk,None,None,Does not contain
Lemon Bars,Lemon juice,Sugar,Butter,"Flour, eggs","Wheat, Dairy, Eggs",Contains
Vegetable Lasagna,Vegetables,None,Olive oil,"Tomato sauce, cheese","Wheat, Dairy",Contains
Beef Stroganoff,Beef,None,Sour cream,"Mushrooms, onions",Dairy,Contains
Tandoori Chicken,Chicken,None,Yogurt,Tandoori spices,Dairy,Contains
Chicken Caesar Salad,Chicken,None,Caesar dressing,"Romaine lettuce, croutons","Wheat, Dairy",Contains
Brussels Sprouts,Brussels sprouts,None,Olive oil,Balsamic glaze,None,Does not contain
Spinach Artichoke Dip,Spinach,None,"Cream cheese, sour cream","Parmesan cheese, garlic",Dairy,Contains
Zucchini Noodles with Pesto,Zucchini,None,Olive oil,Pesto sauce,"Pine nuts, Dairy",Contains
Tomato Soup,Tomatoes,None,None,"Salt, Sugar",None,Does not contain
Caesar Pasta Salad,Pasta,None,Caesar dressing,"Romaine lettuce, Parmesan cheese","Wheat, Dairy",Contains
Greek Gyro Wrap,Lamb,None,None,"Tzatziki sauce, tomatoes, onions",Dairy,Contains
Spaghetti Bolognese,Ground beef,Sugar,Olive oil,Tomato sauce,None,Contains
Vegetable Soup,Mixed vegetables,None,Olive oil,Seasonings,None,Does not contain
Sausage Pizza,Sausage,None,None,Mozzarella cheese,None,Does not contain
Caprese Skewers,Tomatoes,None,Olive oil,"Mozzarella cheese, basil",Dairy,Contains
Oatmeal Raisin Cookies,Oats,Sugar,Butter,Flour,"Wheat, Dairy",Contains
Caprese Salad,Tomatoes,None,Olive oil,"Mozzarella cheese, basil",Dairy,Contains
Butternut Squash Soup,Butternut squash,None,Butter,"Nutmeg, cream",Dairy,Contains
Honey Glazed Carrots,Carrots,Honey,Butter,None,None,Does not contain
Lemon Poppy Seed Muffins,Flour,Sugar,Butter,"Lemon zest, poppy seeds","Wheat, Dairy",Contains
Greek Yogurt,"Yogurt (milk, cultures)",Honey,None,None,Dairy,Contains
Fish Sticks,Fish fillets,None,Vegetable oil,Salt,Fish,Contains
Beef Stroganoff,Beef,None,Sour cream,"Mushroom, onion",Dairy,Contains
Pumpkin Pie,Pumpkin,Sugar,Butter,"Cinnamon, nutmeg","Wheat, Dairy",Contains
Beef Kabobs,Beef,None,Olive oil,Seasonings,None,Does not contain
Zucchini Noodles,Zucchini,None,Olive oil,"Garlic, herbs",None,Does not contain
Caesar Shrimp Skewers,Shrimp,None,Olive oil,Caesar dressing,"Shellfish, Dairy",Contains
Chicken Korma,Chicken,None,Ghee,"Creamy sauce, spices",Dairy,Contains
Grilled Portobello Mushroom Burger,Portobello mushrooms,None,None,"Burger bun, vegetables",Wheat,Contains
Lemon Garlic Chicken,Chicken,None,Olive oil,"Lemon juice, garlic",None,Does not contain
Greek Gyro,Lamb/Chicken,None,None,"Tzatziki sauce, vegetables","Dairy, Wheat",Contains
Blueberry Muffins,Flour,Sugar,Butter,Blueberries,"Wheat, Dairy",Contains
Ranch Dressing,Buttermilk,Sugar,Vegetable oil,"Garlic, herbs",Dairy,Contains
Honey Glazed Carrots,Carrots,Honey,Butter,None,None,Does not contain
Caesar Salad,Romaine lettuce,None,Olive oil,Caesar dressing,Dairy,Contains
Avocado Toast,Avocado,None,Olive oil,"Salt, pepper",None,Does not contain
Sushi,"Fish (salmon, tuna)",Rice vinegar,Sesame oil,Soy sauce,"Fish, Soybeans",Contains
Apple Pie,Apples,Sugar,Butter,"Cinnamon, pastry","Wheat, Dairy",Contains
Honey Soy Glazed Salmon,Salmon,Honey,Soy sauce,"Garlic, ginger","Fish, Soybeans",Contains
French Onion Soup,Onions,None,Butter,"Beef broth, cheese, bread","Dairy, Wheat",Contains
Tofu Scramble,Tofu,None,Vegetable oil,"Turmeric, spices",Soybeans,Contains
Rajma Chawal,Kidney beans,None,Ghee,Spices,None,Contains
Greek Lemon Potatoes,Potatoes,None,Olive oil,"Lemon juice, herbs",None,Does not contain
Honey Glazed Carrots,Carrots,Honey,Butter,None,None,Does not contain
Chicken Noodle Soup,Chicken broth,None,None,Salt,"Chicken, Wheat, Celery",Contains
Stuffed Cabbage Rolls,Cabbage,None,Olive oil,"Ground meat, rice",None,Does not contain
Prawn Biryani,Prawns,None,Ghee,"Basmati rice, spices",Shellfish,Contains
Beef Tacos,Beef,None,Vegetable oil,Taco seasoning,None,Does not contain
Beef Kabobs,Beef,None,Olive oil,Seasonings,None,Does not contain
Beef Burritos,Ground beef,None,Vegetable oil,Taco seasoning,None,Does not contain
French Onion Soup,Onions,None,Butter,"Beef broth, cheese, bread","Dairy, Wheat",Contains
Butter Naan,Flour,None,Butter,None,"Wheat, Dairy",Contains
Chicken Noodle Casserole,Chicken,None,Butter,"Noodles, vegetables",Wheat,Contains
Lentil Soup,Lentils,None,Olive oil,Vegetables,None,Does not contain
Sweet Potato Fries,Sweet potatoes,None,Vegetable oil,"Salt, paprika",None,Does not contain
Berry Parfait,Mixed berries,Sugar,"Yogurt (milk, cultures)",Granola,Dairy,Contains
Fruit Salad,Mixed fruits,Sugar,None,Lemon juice,None,Does not contain
S'mores,Graham crackers,Marshmallows,Chocolate,None,"Wheat, Dairy",Contains
Paniyaram,Fermented batter,None,Oil,"Mustard seeds, curry leaves",None,Does not contain
French Onion Soup,Onions,None,Butter,"Beef broth, cheese, bread","Dairy, Wheat",Contains
Chicken Piccata,Chicken,None,Butter,"Lemon, capers",Dairy,Contains
Apple Crisp,Apples,Sugar,Butter,"Cinnamon, oats","Wheat, Dairy",Contains
Margherita Pizza,Cheese,None,None,"Tomato sauce, basil",Dairy,Contains
Quiche,Eggs,None,Cheese,Vegetables,"Eggs, Dairy",Contains
Apple Pie,Apples,Sugar,Butter,"Cinnamon, pastry","Wheat, Dairy",Contains
Beef Stir-Fry,Beef,None,Vegetable oil,Soy sauce,None,Does not contain
Gobi Manchurian,Cauliflower,None,Oil,Manchurian sauce,None,Does not contain
Margherita Pizza,Pizza dough,None,Olive oil,"Mozzarella cheese, tomatoes, basil",Dairy,Contains
Key Lime Pie,Lime juice,Sugar,Butter,Graham cracker crust,"Wheat, Dairy",Contains
Beef Tacos,Ground beef,None,Vegetable oil,Taco seasoning,None,Does not contain
Almond Cookies,Almonds,Sugar,Butter,Flour,"Almonds, Wheat, Dairy",Contains
Egg Salad,Eggs,Mayonnaise,None,"Celery, onion",Eggs,Contains
Oatmeal Raisin Cookies,Oats,Brown sugar,Butter,"Raisins, cinnamon","Wheat, Dairy",Contains
Rabri,Milk,Sugar,Ghee,"Cardamom, nuts",Dairy,Contains
Coconut Curry,Chicken,None,Coconut milk,Curry paste,None,Does not contain
Pasta Carbonara,Pasta,None,Bacon,"Egg, Parmesan cheese","Wheat, Dairy",Contains
Chicken Caesar Wrap,Chicken,None,Caesar dressing,"Romaine lettuce, Parmesan cheese",Dairy,Contains
Carrot Cake,Carrots,Sugar,Vegetable oil,Cinnamon,"Wheat, Dairy",Contains
Strawberry Spinach Salad,Spinach,None,None,"Strawberries, vinaigrette",None,Does not contain
Vegetable Stir-Fry,Mixed vegetables,None,Vegetable oil,Soy sauce,None,Does not contain
Spinach Stuffed Chicken,Chicken,None,Olive oil,"Spinach, garlic",None,Does not contain
Chicken Noodle Soup,Chicken broth,None,None,Salt,"Chicken, Wheat, Celery",Contains
Biryani,Rice,None,Ghee,"Biryani masala, spices",None,Does not contain
Hyderabadi Biryani,Basmati rice,None,Ghee,"Meat/vegetables, spices",None,Does not contain
Chicken Alfredo Pizza,Pizza dough,None,None,"Chicken, Alfredo sauce","Wheat, Dairy",Contains
Zucchini Bread,Zucchini,Sugar,Vegetable oil,Flour,Wheat,Contains
Shrimp Scampi,Shrimp,None,Butter,"Garlic, lemon",Shellfish,Contains
Lemon Garlic Shrimp,Shrimp,None,Olive oil,"Lemon juice, garlic",Shellfish,Contains
Samosa,Potatoes,None,Ghee,Spices,None,Contains
Kheer,Rice,Sugar,Ghee,"Cardamom, nuts",Dairy,Contains
Chicken Fettuccine Alfredo,Chicken,None,Butter,"Cream, Parmesan cheese",Dairy,Contains
Caramelized Onions,Onions,Sugar,Butter,None,None,Does not contain
Sweet Potato Casserole,Sweet potatoes,Brown sugar,Butter,"Cinnamon, nutmeg","Dairy, Nuts",Contains
Tiramisu,Ladyfingers,Sugar,Mascarpone cheese,"Coffee, cocoa","Wheat, Dairy",Contains
Quinoa Salad,Quinoa,None,Olive oil,"Lemon juice, vegetables",None,Does not contain
Baked Chicken Wings,Chicken wings,None,Olive oil,Seasonings,None,Does not contain
Aloo Paratha,Potatoes,None,Ghee,"Wheat flour, spices",Wheat,Contains
Lobster Roll,Lobster,None,Mayonnaise,"Celery, lemon juice","Shellfish, Eggs",Contains
French Fries,Potatoes,None,Vegetable oil,Salt,None,Does not contain
Tofu Scramble,Tofu,None,Vegetable oil,"Turmeric, spices",Soybeans,Contains
Chicken Teriyaki,Chicken,None,Vegetable oil,Teriyaki sauce,None,Does not contain
Quinoa Stuffed Peppers,Quinoa,None,Olive oil,"Vegetables, spices",None,Does not contain
Pumpkin Pie,Pumpkin,Sugar,Butter,"Pumpkin spice, pastry","Wheat, Dairy",Contains
Aloo Gobi,Potatoes,None,Oil,"Cauliflower, spices",None,Does not contain
Lemon Poppy Seed Muffins,Flour,Sugar,Butter,"Lemon zest, poppy seeds","Wheat, Dairy",Contains
Ratatouille,Eggplant,None,Olive oil,Tomatoes,None,Does not contain
Stuffed Portobello Mushrooms,Portobello mushrooms,None,None,"Cheese, breadcrumbs",Dairy,Contains
Mango Salsa,Mango,None,None,"Red onion, lime",None,Does not contain
Lemon Garlic Chicken,Chicken,None,Olive oil,"Lemon juice, garlic",None,Does not contain
Beef Stir-Fry,Beef,None,Vegetable oil,Soy sauce,None,Does not contain
Tomato Bruschetta,Tomatoes,None,Olive oil,"Garlic, basil",None,Does not contain
Vanilla Ice Cream,Milk,Sugar,Cream,Vanilla extract,Milk,Contains
Hawaiian Pizza,Pizza dough,None,None,"Pineapple, ham","Wheat, Pork, Dairy",Contains
Honey Glazed Carrots,Carrots,Honey,Butter,None,None,Does not contain
Sweet and Sour Chicken,Chicken,Sugar,Vegetable oil,"Pineapple, bell peppers",None,Does not contain
Margherita Pasta,Pasta,None,Olive oil,"Mozzarella cheese, tomatoes, basil",Dairy,Contains
Cinnamon Rolls,Flour,Sugar,Butter,Cinnamon,"Wheat, Dairy",Contains
Beef Stroganoff,Beef,None,Sour cream,"Mushrooms, onions",Dairy,Contains
Beef Burger,Ground beef,None,Vegetable oil,"Salt, Pepper",None,Does not contain
Honey Mustard Chicken,Chicken breast,Honey,Mustard,Vegetable oil,None,Contains
Oatmeal Raisin Cookies,Oats,Sugar,Butter,Flour,"Wheat, Dairy",Contains
Chicken Noodle Soup,Chicken broth,None,None,Salt,"Chicken, Wheat, Celery",Contains
Spinach Artichoke Dip,Spinach,None,"Cream cheese, sour cream","Parmesan cheese, garlic",Dairy,Contains
Strawberry Yogurt,"Yogurt (milk, cultures)",Sugar,None,Pectin,"Milk, Strawberries",Contains
Vanilla Yogurt,"Yogurt (milk, cultures)",Sugar,None,Vanilla extract,Milk,Contains
Strawberry Yogurt,"Yogurt (milk, cultures)",Sugar,None,Pectin,"Milk, Strawberries",Contains
Chicken Fajitas,Chicken,None,Vegetable oil,Fajita seasoning,None,Does not contain
Tofu Curry,Tofu,None,Coconut milk,Curry paste,None,Does not contain
Caesar Pasta Salad,Pasta,None,Caesar dressing,"Romaine lettuce, Parmesan cheese","Wheat, Dairy",Contains
Chocolate Chip Pancakes,Flour,Sugar,Butter,Chocolate chips,"Wheat, Dairy, Cocoa",Contains
Beef Tacos,Ground beef,None,Vegetable oil,Taco seasoning,None,Does not contain
Baked Salmon,Salmon,None,Olive oil,"Lemon, herbs",Fish,Contains
Tomato Soup,Tomatoes,None,None,"Salt, Sugar",None,Does not contain
Milk Chocolate,Sugar,Cocoa butter,Milk powder,Vanilla extract,Milk,Contains
Zucchini Bread,Zucchini,Sugar,Vegetable oil,Flour,Wheat,Contains
Chocolate Chip Pancakes,Flour,Sugar,Butter,Chocolate chips,"Wheat, Dairy, Cocoa",Contains
Dosa,Rice,None,Oil,"Potato masala, chutney",None,Does not contain
Baked Cod,Cod,None,Butter,"Lemon, herbs","Fish, Dairy",Contains
Gulab Jamun,Milk solids,Sugar,Ghee,Cardamom syrup,Dairy,Contains
Beef Tacos,Ground beef,None,Vegetable oil,Taco seasoning,None,Does not contain
Chicken Piccata,Chicken,None,Butter,"Lemon, capers",Dairy,Contains
Spinach Stuffed Chicken,Chicken,None,Olive oil,"Spinach, garlic",None,Does not contain
Quinoa Stuffed Peppers,Quinoa,None,Olive oil,"Vegetables, spices",None,Does not contain
Berry Parfait,Mixed berries,Sugar,"Yogurt (milk, cultures)",Granola,Dairy,Contains
Orange Juice,Oranges,Sugar,None,None,None,Does not contain
Banana Smoothie,Bananas,Honey,"Yogurt (milk, cultures)",None,Dairy,Contains
Chocolate Mousse,Chocolate,Sugar,Heavy cream,Vanilla extract,"Dairy, Cocoa",Contains
Brussels Sprouts,Brussels sprouts,None,Olive oil,Balsamic glaze,None,Does not contain
Greek Gyro Wrap,Lamb,None,None,"Tzatziki sauce, tomatoes, onions",Dairy,Contains
Vanilla Ice Cream,Milk,Sugar,Cream,Vanilla extract,Milk,Contains
Carrot Cake,Carrots,Sugar,Vegetable oil,Cinnamon,"Wheat, Dairy",Contains
Chole Kulche,Chickpeas,None,Ghee,"Kulcha bread, spices",None,Does not contain
Lemon Garlic Shrimp,Shrimp,None,Olive oil,"Lemon juice, garlic",Shellfish,Contains
Lemon Bars,Lemon juice,Sugar,Butter,"Flour, eggs","Wheat, Dairy, Eggs",Contains
Sushi Rolls,Sushi rice,None,Soy sauce,"Nori (seaweed), fish","Soybeans, Fish",Contains
Stuffed Portobello Mushrooms,Portobello mushrooms,None,None,"Cheese, breadcrumbs",Dairy,Contains
Caramelized Onions,Onions,Sugar,Butter,None,None,Does not contain
Prawn Curry,Prawns,None,Coconut milk,Curry spices,"Shellfish, Dairy",Contains
Beef Burritos,Ground beef,None,Vegetable oil,Taco seasoning,None,Does not contain
French Onion Soup,Onions,None,Butter,"Beef broth, cheese, bread","Dairy, Wheat",Contains
Caesar Salad Wrap,Grilled chicken,None,Caesar dressing,"Lettuce, Parmesan cheese",Dairy,Contains
Pesto Pizza,Pesto sauce,None,None,"Mozzarella cheese, basil",Dairy,Contains
Wheat Bread,Wheat flour,None,None,Salt,Wheat,Contains
Mango Salsa,Mango,None,None,"Red onion, lime",None,Does not contain
Lobster Roll,Lobster,None,Mayonnaise,"Celery, lemon juice","Shellfish, Eggs",Contains
Sweet and Sour Chicken,Chicken,Sugar,Vegetable oil,"Pineapple, bell peppers",None,Does not contain
Blueberry Pancakes,Flour,Sugar,Butter,Blueberries,"Wheat, Dairy",Contains
Mashed Potatoes,Potatoes,None,Butter,"Salt, Pepper",Dairy,Contains
Roasted Brussels Sprouts,Brussels sprouts,None,Olive oil,Balsamic glaze,None,Does not contain
Greek Salad,Cucumber,None,Olive oil,Lemon juice,None,Does not contain
Watermelon Salad,Watermelon,None,None,"Feta cheese, mint",Dairy,Contains
Garlic Bread,Bread,None,Butter,Garlic,"Wheat, Dairy",Contains
Spinach Artichoke Dip,Spinach,None,"Cream cheese, sour cream","Parmesan cheese, garlic",Dairy,Contains
Stuffed Mushrooms,Mushrooms,None,None,"Garlic, herbs",None,Does not contain
Pesto Chicken,Chicken,None,Olive oil,Pesto sauce,"Pine nuts, Dairy",Contains
Pancake Stack,Flour,Sugar,Butter,Maple syrup,"Wheat, Dairy",Contains
Key Lime Pie,Lime juice,Sugar,Butter,Graham cracker crust,"Wheat, Dairy",Contains
Chicken Piccata,Chicken,None,Butter,"Lemon, capers",Dairy,Contains
Spinach Artichoke Dip,Spinach,None,"Cream cheese, sour cream","Parmesan cheese, garlic",Dairy,Contains
Caramelized Onions,Onions,Sugar,Butter,None,None,Does not contain
Zucchini Bread,Zucchini,Sugar,Butter,"Cinnamon, nuts","Wheat, Dairy, Nuts",Contains
Chicken Curry,Chicken,None,Oil,Curry spices,None,Does not contain
Baked Salmon,Salmon fillet,None,Olive oil,"Lemon, herbs",Fish,Contains
Pesto Pasta,Pasta,None,Olive oil,"Basil, garlic",None,Does not contain
Soy Milk,Soybeans,Sugar,None,Emulsifiers,Soybeans,Contains
Chicken Caesar Salad,Chicken breast,None,Olive oil,Parmesan cheese,"Dairy, Anchovies",Contains
Mango Coconut Popsicles,Mango,Sugar,Coconut milk,None,None,Does not contain
Butter Naan,Flour,None,Butter,None,"Wheat, Dairy",Contains
Tomato Bruschetta,Tomatoes,None,Olive oil,"Garlic, basil",None,Does not contain
Lemon Bars,Lemon juice,Sugar,Butter,"Flour, eggs","Wheat, Dairy, Eggs",Contains
Sushi Rolls,Sushi rice,None,Soy sauce,"Nori (seaweed), fish","Soybeans, Fish",Contains
Greek Moussaka,Eggplant,None,Olive oil,"Ground meat, potatoes",None,Does not contain
French Onion Soup,Onions,None,Butter,"Beef broth, cheese, bread","Dairy, Wheat",Contains
Chole Kulche,Chickpeas,None,Ghee,"Kulcha bread, spices",None,Does not contain
Fish Sticks,Fish fillets,None,Vegetable oil,Salt,Fish,Contains
Stuffed Portobello Mushrooms,Portobello mushrooms,None,None,"Cheese, breadcrumbs",Dairy,Contains
Berry Cobbler,Mixed berries,Sugar,Butter,Flour,"Wheat, Dairy",Contains
Beef Burger,Ground beef,None,Vegetable oil,"Salt, Pepper",None,Does not contain
Pesto Pasta Salad,Pasta,None,Pesto sauce,"Tomatoes, vegetables",None,Does not contain
Vanilla Yogurt,"Yogurt (milk, cultures)",Sugar,None,Vanilla extract,Milk,Contains
French Onion Soup,Onions,None,Butter,"Beef broth, cheese, bread","Dairy, Wheat",Contains
Tandoori Chicken,Chicken,None,Yogurt,Tandoori spices,Dairy,Contains
Egg Salad,Eggs,Mayonnaise,None,"Celery, onion",Eggs,Contains
Caprese Skewers,Tomatoes,None,Olive oil,"Mozzarella cheese, basil",Dairy,Contains
Raspberry Cheesecake,Cream cheese,Sugar,Butter,"Graham cracker crust, raspberries","Wheat, Dairy",Contains
Shrimp Scampi,Shrimp,None,Butter,"Garlic, lemon","Shellfish, Dairy",Contains
Hawaiian Pizza,Pizza dough,None,None,"Pineapple, ham","Wheat, Pork, Dairy",Contains
Chicken Curry,Chicken,None,Vegetable oil,Curry powder,None,Does not contain
Chicken Biryani,Chicken,None,Ghee,"Basmati rice, spices",None,Does not contain
Lemon Garlic Shrimp,Shrimp,None,Olive oil,"Lemon juice, garlic",Shellfish,Contains
Wheat Bread,Wheat flour,None,None,Salt,Wheat,Contains
Chicken Biryani,Chicken,None,Ghee,"Basmati rice, spices",None,Does not contain
Zucchini Noodles with Pesto,Zucchini,None,Olive oil,Pesto sauce,"Pine nuts, Dairy",Contains
Caesar Shrimp Skewers,Shrimp,None,Olive oil,Caesar dressing,"Shellfish, Dairy",Contains
Chicken Curry,Chicken,None,Vegetable oil,Curry powder,None,Does not contain
Greek Yogurt,"Yogurt (milk, cultures)",None,None,None,Dairy,Contains
Wheat Bread,Wheat flour,None,None,Salt,Wheat,Contains
Malai Chicken Tikka,Chicken,None,Cream,Spices,Dairy,Contains
Honey Glazed Carrots,Carrots,Honey,Butter,None,None,Does not contain
Spinach Salad,Spinach,None,Olive oil,Balsamic vinaigrette,None,Does not contain
Matar Paneer,Paneer,None,Ghee,"Peas, spices",Dairy,Contains
Tomato Soup,Tomatoes,None,None,"Salt, Sugar",None,Does not contain
Greek Spanakopita,Spinach,None,Olive oil,"Feta cheese, phyllo dough",Dairy,Contains
Chicken Piccata,Chicken,None,Butter,"Lemon, capers","Dairy, Fish",Contains
Chole Bhature,Chickpeas,Sugar,Ghee,"Chole masala, spices",None,Does not contain
Gulab Jamun,Milk solids,Sugar,Ghee,Cardamom syrup,Dairy,Contains
Quiche,Eggs,None,Cheese,Vegetables,"Eggs, Dairy",Contains
Chicken Curry,Chicken,None,Coconut milk,Curry powder,None,Does not contain
Chicken Fajitas,Chicken,None,Vegetable oil,Fajita seasoning,None,Does not contain
Vada Pav,Potato,None,Oil,"Pav bun, chutney",None,Does not contain
Chicken Parmesan,Chicken,None,"Bread crumbs, Parmesan cheese",Marinara sauce,Dairy,Contains
Raspberry Cheesecake,Cream cheese,Sugar,Butter,"Graham cracker crust, raspberries","Wheat, Dairy",Contains
Rice Pudding,Rice,Sugar,Milk,"Cinnamon, raisins","Rice, Dairy",Contains
Vanilla Cupcakes,Flour,Sugar,Butter,Vanilla extract,"Wheat, Dairy",Contains
Chicken Fajitas,Chicken,None,Vegetable oil,Fajita seasoning,None,Does not contain
Pesto Pasta Salad,Pasta,None,Pesto sauce,"Tomatoes, vegetables",None,Does not contain
Greek Yogurt,"Yogurt (milk, cultures)",Honey,None,None,Dairy,Contains
Wheat Bread,Wheat flour,None,None,Salt,Wheat,Contains
Greek Lemon Potatoes,Potatoes,None,Olive oil,"Lemon juice, herbs",None,Does not contain
Quinoa Salad,Quinoa,None,Olive oil,"Lemon juice, vegetables",None,Does not contain
Chicken Alfredo Pizza,Pizza dough,None,None,"Chicken, Alfredo sauce","Wheat, Dairy",Contains
Kheer,Rice,Sugar,Ghee,"Cardamom, nuts",Dairy,Contains
Chicken Fajitas,Chicken,None,Vegetable oil,Fajita seasoning,None,Does not contain
Chicken Teriyaki,Chicken,None,Vegetable oil,Teriyaki sauce,None,Does not contain
Pani Puri,Semolina,Tamarind,None,"Spiced water, chutney",None,Does not contain
Caesar Salad,Romaine lettuce,None,Olive oil,Caesar dressing,Dairy,Contains
Raspberry Cheesecake,Cream cheese,Sugar,Butter,"Graham cracker crust, raspberries","Wheat, Dairy",Contains
Quinoa Salad,Quinoa,None,Olive oil,"Lemon juice, herbs",None,Does not contain
Spinach Artichoke Dip,Spinach,None,"Cream cheese, sour cream","Parmesan cheese, garlic",Dairy,Contains
Chicken Fettuccine Alfredo,Chicken,None,Butter,"Cream, Parmesan cheese",Dairy,Contains
Black Bean Soup,Black beans,None,Olive oil,Vegetables,None,Does not contain
Palak Paneer,Spinach,None,Ghee,"Paneer, spices",Dairy,Contains
Sweet Potato Casserole,Sweet potatoes,Brown sugar,Butter,"Cinnamon, nutmeg","Dairy, Nuts",Contains
Sausage Pizza,Sausage,None,None,Mozzarella cheese,None,Does not contain
Mango Coconut Popsicles,Mango,Sugar,Coconut milk,None,None,Does not contain
Chicken Parmesan,Chicken,None,Olive oil,"Tomato sauce, cheese","Wheat, Dairy",Contains
Beef and Broccoli,Beef,None,Vegetable oil,Soy sauce,None,Does not contain
Chicken Fajitas,Chicken,None,Vegetable oil,Fajita seasoning,None,Does not contain
Honey Mustard Chicken,Chicken,Honey,Olive oil,"Mustard, herbs",None,Does not contain
French Onion Soup,Onions,None,Butter,"Beef broth, cheese, bread","Dairy, Wheat",Contains
Veggie Burger,Mixed vegetables,None,Vegetable oil,Seasonings,None,Does not contain
Vanilla Ice Cream,Milk,Sugar,Cream,Vanilla extract,Milk,Contains
Chicken Teriyaki,Chicken,None,Vegetable oil,Teriyaki sauce,None,Does not contain
Sushi Bowl,Sushi rice,None,Soy sauce,"Raw fish, vegetables","Fish, Soybeans",Contains
Lemon Dill Salmon,Salmon,None,Olive oil,"Lemon, dill",Fish,Contains
Mango Salsa,Mango,None,None,"Red onion, lime",None,Does not contain
Berry Cobbler,Mixed berries,Sugar,Butter,Flour,"Wheat, Dairy",Contains
Caesar Wrap,Grilled chicken,None,Caesar dressing,"Lettuce, Parmesan cheese",Dairy,Contains
Greek Yogurt Parfait,Greek yogurt,Honey,None,"Granola, mixed berries",Dairy,Contains
Caprese Salad,Tomatoes,None,Olive oil,"Mozzarella cheese, basil",Dairy,Contains
Greek Moussaka,Eggplant,None,Olive oil,"Ground meat, potatoes",None,Does not contain
Garlic Bread,Bread,None,Butter,Garlic,"Wheat, Dairy",Contains
Garlic Bread,Bread,None,Butter,Garlic,"Wheat, Dairy",Contains
Caesar Pasta Salad,Pasta,None,Caesar dressing,"Romaine lettuce, Parmesan cheese","Wheat, Dairy",Contains
Peanut Butter,Peanuts,Sugar,Vegetable oil,Salt,Peanuts,Contains
Tiramisu,Ladyfingers,Sugar,"Mascarpone cheese, coffee liqueur",Cocoa powder,"Wheat, Dairy, Alcohol",Contains
Beef Kabobs,Beef,None,Olive oil,Seasonings,None,Does not contain
Shrimp Scampi Pasta,Shrimp,None,Butter,"Garlic, lemon",Shellfish,Contains
Bacon-Wrapped Shrimp,Shrimp,None,Bacon,Seasonings,"Shellfish, Pork",Contains
Berry Crumble,Mixed berries,Sugar,Butter,"Oats, cinnamon","Wheat, Dairy",Contains
Brussels Sprouts,Brussels sprouts,None,Olive oil,Balsamic glaze,None,Does not contain
Tomato Soup,Tomatoes,None,None,"Salt, Sugar",None,Does not contain
Caesar Shrimp Skewers,Shrimp,None,Olive oil,Caesar dressing,"Shellfish, Dairy",Contains
Apple Cider,Apples,Sugar,None,Cinnamon,None,Does not contain
Veggie Omelette,Mixed vegetables,None,Olive oil,"Salt, pepper",None,Does not contain
Chocolate Mousse,Chocolate,Sugar,Heavy cream,Vanilla extract,Dairy,Contains
Chicken Curry,Chicken,None,Oil,Curry spices,None,Does not contain
Lobster Roll,Lobster,None,Mayonnaise,"Celery, lemon juice","Shellfish, Eggs",Contains
Margherita Pizza,Cheese,None,None,"Tomato sauce, basil",Dairy,Contains
Tomato Bruschetta,Tomatoes,None,Olive oil,"Garlic, basil",None,Does not contain
Stuffed Bell Peppers,Bell peppers,None,Olive oil,"Ground meat, rice",None,Does not contain
Apple,Apples,None,None,None,None,Does not contain
Spinach Salad,Spinach,None,Olive oil,Balsamic vinegar,None,Does not contain
Mango Salsa,Mango,None,None,"Lime juice, cilantro",None,Does not contain
Egg Salad,Eggs,Mayonnaise,None,"Celery, onion",Eggs,Contains
Chole Kulche,Chickpeas,None,Ghee,"Kulcha bread, spices",None,Does not contain
Chicken Quesadilla,Chicken,None,Butter,Cheese,"Wheat, Dairy",Contains
Quinoa Stuffed Peppers,Quinoa,None,Olive oil,"Vegetables, spices",None,Does not contain
Sushi Bowl,Sushi rice,None,Soy sauce,"Raw fish, vegetables","Fish, Soybeans",Contains
Oatmeal,Oats,Sugar,Milk,Cinnamon,"Oats, Dairy",Contains
Rabri,Milk,Sugar,Ghee,"Cardamom, nuts",Dairy,Contains
Chicken Satay,Chicken,None,Peanut oil,"Satay sauce, spices",Peanuts,Contains
Dal Makhani,Lentils,None,Ghee,"Cream, spices",Dairy,Contains
Tofu Curry,Tofu,None,Coconut milk,Curry paste,None,Does not contain
Chicken Biryani,Chicken,None,Ghee,"Basmati rice, spices",None,Does not contain
Beef and Mushroom Stir-Fry,Beef,None,Vegetable oil,Soy sauce,None,Does not contain
Cheese Pizza,Cheese,None,None,Tomato sauce,Dairy,Contains
Orange Juice,Oranges,Sugar,None,None,None,Does not contain
Pancetta Pasta,Pasta,None,Pancetta,"Garlic, herbs",None,Does not contain
Gobi Manchurian,Cauliflower,None,Oil,Manchurian sauce,None,Does not contain
Chicken Pot Pie,Chicken,None,Butter,"Vegetables, pastry",Wheat,Contains
Chicken Noodle Soup,Chicken,None,Vegetable oil,"Noodles, vegetables",None,Does not contain
Chicken Parmesan,Chicken,None,"Bread crumbs, Parmesan cheese",Marinara sauce,Dairy,Contains
Prawn Curry,Prawns,None,Coconut milk,Curry spices,"Shellfish, Dairy",Contains
Mashed Potatoes,Potatoes,None,Butter,"Salt, Pepper",Dairy,Contains
Lemon Garlic Chicken,Chicken,None,Olive oil,"Lemon juice, garlic",None,Does not contain
Apple Pie,Apples,Sugar,Butter,"Cinnamon, pastry","Wheat, Dairy",Contains
Gazpacho,Tomatoes,None,Olive oil,"Garlic, herbs",None,Does not contain
Malai Chicken Tikka,Chicken,None,Cream,Spices,Dairy,Contains
Greek Yogurt,"Yogurt (milk, cultures)",None,None,None,Dairy,Contains
Honey Mustard Chicken,Chicken,Honey,Olive oil,"Mustard, herbs",None,Does not contain
Caramel Apple,Apples,Caramel,None,None,None,Does not contain
Cinnamon Rolls,Dough,Sugar,Butter,"Cinnamon, icing","Wheat, Dairy",Contains
Black Bean Soup,Black beans,None,Olive oil,Vegetables,None,Does not contain
Chocolate Mousse,Chocolate,Sugar,Heavy cream,Vanilla extract,Dairy,Contains
Omelette,Eggs,None,Butter,"Salt, pepper",Eggs,Contains
Blueberry Pancakes,Flour,Sugar,Butter,Blueberries,"Wheat, Dairy",Contains
Blueberry Pancakes,Flour,Sugar,Butter,Blueberries,"Wheat, Dairy",Contains
Soy Milk,Soybeans,Sugar,None,Emulsifiers,Soybeans,Contains
Butter Chicken,Chicken,Sugar,Butter,"Tomato sauce, cream",Dairy,Contains
Honey Glazed Carrots,Carrots,Honey,Butter,None,None,Does not contain
Sausage and Pepper Pizza,Pizza dough,None,None,"Sausage, bell peppers","Wheat, Dairy",Contains
Rabri,Milk,Sugar,Ghee,"Cardamom, nuts",Dairy,Contains
Beef Tacos,Ground beef,None,Vegetable oil,Taco seasoning,None,Does not contain
Rogan Josh,Lamb,None,Ghee,"Yogurt, Kashmiri red chili",Dairy,Contains
Caesar Salad Wrap,Romaine lettuce,None,Caesar dressing,"Parmesan cheese, croutons","Wheat, Dairy",Contains
Ratatouille,Eggplant,None,Olive oil,Tomatoes,None,Does not contain
Chicken Noodle Soup,Chicken,None,Vegetable oil,"Noodles, vegetables",None,Does not contain
Beef and Mushroom Stir-Fry,Beef,None,Vegetable oil,Soy sauce,None,Does not contain
Vegetable Biryani,Mixed vegetables,None,Ghee,"Basmati rice, spices",None,Does not contain
Berry Parfait,Berries,Honey,Yogurt,Granola,Dairy,Contains
Baked Garlic Parmesan Chicken,Chicken,None,Butter,"Parmesan cheese, garlic",Dairy,Contains
Rasgulla,Paneer,Sugar,None,"Rose water, syrup",Dairy,Contains
Mango Lassi,Mango,Sugar,"Yogurt (milk, cultures)",Cardamom,Dairy,Contains
French Fries,Potatoes,None,Vegetable oil,Salt,None,Does not contain
Chicken Satay,Chicken,None,Peanut oil,"Satay sauce, spices",Peanuts,Contains
Sausage and Pepper Pizza,Pizza dough,None,None,"Sausage, bell peppers","Wheat, Dairy",Contains
Ratatouille Pasta,Pasta,None,Olive oil,Ratatouille vegetables,None,Does not contain
Tofu Scramble,Tofu,None,Vegetable oil,"Turmeric, spices",Soybeans,Contains
Stuffed Tomatoes,Tomatoes,None,None,"Herbs, breadcrumbs",None,Does not contain
Tofu Curry,Tofu,None,Coconut milk,Curry paste,None,Does not contain
Ranch Dressing,Buttermilk,Sugar,Vegetable oil,"Garlic, herbs",Dairy,Contains
Lentil Soup,Lentils,None,Olive oil,Vegetables,None,Does not contain
Milk Chocolate,Sugar,Cocoa butter,Milk powder,Vanilla extract,Milk,Contains
Jalebi,Flour,Sugar,Ghee,Saffron syrup,"Wheat, Dairy",Contains
Berry Cobbler,Mixed berries,Sugar,Butter,Flour,"Wheat, Dairy",Contains
Paniyaram,Fermented batter,None,Oil,"Mustard seeds, curry leaves",None,Does not contain
Miso Soup,Miso paste,None,None,"Tofu, seaweed",Soybeans,Contains
Berry Smoothie,Mixed berries,Sugar,"Yogurt (milk, cultures)",None,Dairy,Contains
Stuffed Mushrooms,Mushrooms,None,None,"Garlic, herbs",None,Does not contain
Baked Apple,Apples,Sugar,Butter,"Cinnamon, oats","Wheat, Dairy",Contains
Beef Chili,Ground beef,None,None,Chili powder,None,Does not contain
Zucchini Noodles,Zucchini,None,Olive oil,"Garlic, herbs",None,Does not contain
Milk Chocolate,Sugar,Cocoa butter,Milk powder,Vanilla extract,Milk,Contains
Almond Cookies,Almonds,Sugar,Butter,Flour,"Almonds, Wheat, Dairy",Contains
Quiche Lorraine,Bacon,None,Heavy cream,"Cheese, eggs","Dairy, Eggs",Contains
Tandoori Chicken,Chicken,None,Yogurt,Tandoori spices,Dairy,Contains
Chicken Enchiladas,Chicken,None,Vegetable oil,Enchilada sauce,None,Does not contain
Malabar Fish Curry,Fish,None,Coconut oil,"Tamarind, spices","Fish, Coconut",Contains
Caesar Wrap,Grilled chicken,None,Caesar dressing,"Lettuce, Parmesan cheese",Dairy,Contains
Ranch Dressing,Buttermilk,Sugar,Vegetable oil,"Garlic, herbs",Dairy,Contains
Milk Chocolate,Sugar,Cocoa butter,Milk powder,Vanilla extract,Milk,Contains
Rasgulla,Paneer,Sugar,None,"Rose water, syrup",Dairy,Contains
Pumpkin Pie,Pumpkin,Sugar,Butter,"Cinnamon, nutmeg","Wheat, Dairy",Contains
Raspberry Cheesecake,Cream cheese,Sugar,Butter,"Graham cracker crust, raspberries","Wheat, Dairy",Contains
Caesar Salad Wrap,Grilled chicken,None,Caesar dressing,"Lettuce, Parmesan cheese",Dairy,Contains
Oatmeal Raisin Cookies,Oats,Sugar,Butter,Flour,"Wheat, Dairy",Contains
Coconut Curry,Chicken,None,Coconut milk,Curry paste,None,Does not contain
Chole Bhature,Chickpeas,Sugar,Ghee,"Chole masala, spices",None,Does not contain
Garlic Bread,Bread,None,Butter,Garlic,"Wheat, Dairy",Contains
Teriyaki Salmon,Salmon,None,Vegetable oil,Teriyaki sauce,Fish,Contains
Chocolate Chip Cookies,Flour,Sugar,Butter,Chocolate chips,"Wheat, Dairy",Contains
Beef Stroganoff,Beef,None,Sour cream,"Mushroom, onion",Dairy,Contains
Honey Mustard Chicken,Chicken breast,Honey,Mustard,Vegetable oil,None,Contains
Malabar Fish Curry,Fish,None,Coconut oil,"Tamarind, spices","Fish, Coconut",Contains
Shrimp Scampi,Shrimp,None,Butter,"Garlic, lemon",Shellfish,Contains
Lemon Dill Salmon,Salmon,None,Olive oil,"Lemon, dill",Fish,Contains
Palak Paneer,Spinach,None,Ghee,"Paneer, spices",Dairy,Contains
Palak Paneer,Spinach,None,Ghee,"Paneer, spices",Dairy,Contains
Cilantro Lime Chicken,Chicken,None,Olive oil,"Cilantro, lime",None,Does not contain
Hawaiian Pizza,Pizza dough,None,None,"Pineapple, ham","Wheat, Pork, Dairy",Contains
Lobster Roll,Lobster,None,Mayonnaise,"Celery, lemon juice","Shellfish, Eggs",Contains
Cilantro Lime Chicken,Chicken,None,Olive oil,"Cilantro, lime",None,Does not contain
Greek Lemon Chicken,Chicken,None,Olive oil,"Lemon juice, herbs",None,Does not contain
Tiramisu,Ladyfingers,Sugar,Mascarpone cheese,"Coffee, cocoa","Wheat, Dairy",Contains
Pesto Chicken,Chicken,None,Olive oil,Pesto sauce,"Pine nuts, Dairy",Contains
Stuffed Bell Peppers,Bell peppers,None,Olive oil,"Ground meat, rice",None,Does not contain
Chocolate Mousse,Chocolate,Sugar,Heavy cream,Vanilla extract,Dairy,Contains
Shrimp Scampi Pasta,Shrimp,None,Butter,"Garlic, lemon",Shellfish,Contains
Mango Lassi,Mango,Sugar,"Yogurt (milk, cultures)",Cardamom,Dairy,Contains
Caprese Salad,Tomatoes,None,Olive oil,"Mozzarella cheese, basil",Dairy,Contains
Stuffed Portobello Mushrooms,Portobello mushrooms,None,None,"Cheese, breadcrumbs",Dairy,Contains
Tomato Soup,Tomatoes,None,None,"Salt, Sugar",None,Does not contain
Pancetta Pasta,Pasta,None,Pancetta,"Garlic, herbs",None,Does not contain
Mango Salsa,Mango,None,None,"Lime juice, cilantro",None,Does not contain
Spinach Stuffed Chicken,Chicken,None,Olive oil,"Spinach, garlic",None,Does not contain
Fruit Salad,Mixed fruits,Sugar,None,Lemon juice,None,Does not contain
Spinach Artichoke Dip,Spinach,None,"Cream cheese, sour cream","Parmesan cheese, garlic",Dairy,Contains
Caprese Salad,Tomatoes,None,Olive oil,"Mozzarella cheese, basil",Dairy,Contains
Chana Masala,Chickpeas,None,Oil,Masala spices,None,Does not contain
Sweet and Sour Chicken,Chicken,Sugar,Vegetable oil,"Pineapple, bell peppers",None,Does not contain
Stuffed Bell Peppers,Bell peppers,None,Olive oil,"Ground meat, rice",None,Does not contain
Chole Kulche,Chickpeas,None,Ghee,"Kulcha bread, spices",None,Does not contain
Margherita Pizza,Cheese,None,None,"Tomato sauce, basil",Dairy,Contains
Caesar Salad Wrap,Romaine lettuce,None,Caesar dressing,"Parmesan cheese, croutons","Wheat, Dairy",Contains
Berry Cobbler,Mixed berries,Sugar,Butter,Flour,"Wheat, Dairy",Contains
Raspberry Spinach Salad,Spinach,None,None,"Raspberries, vinaigrette",None,Does not contain
Beef Stroganoff,Beef,None,Sour cream,"Mushroom, onion",Dairy,Contains
Caesar Shrimp Skewers,Shrimp,None,Olive oil,Caesar dressing,"Shellfish, Dairy",Contains
Spinach Artichoke Dip,Spinach,None,"Cream cheese, sour cream","Parmesan cheese, garlic",Dairy,Contains
Sushi Bowl,Sushi rice,None,Soy sauce,"Raw fish, vegetables","Fish, Soybeans",Contains
Chicken Quesadilla,Chicken,None,Butter,Cheese,"Wheat, Dairy",Contains
Chicken Korma,Chicken,None,Ghee,"Creamy sauce, spices",Dairy,Contains
Spinach Artichoke Dip,Spinach,None,"Cream cheese, sour cream","Parmesan cheese, garlic",Dairy,Contains
Fish Sticks,Fish fillets,None,Vegetable oil,Salt,Fish,Contains
Fish Sticks,Fish fillets,None,Vegetable oil,Salt,Fish,Contains
Apple Crisp,Apples,Sugar,Butter,"Cinnamon, oats","Wheat, Dairy",Contains
Chicken Parmesan,Chicken,None,Olive oil,"Tomato sauce, cheese","Wheat, Dairy",Contains
Raspberry Cheesecake,Cream cheese,Sugar,Butter,"Graham cracker crust, raspberries","Wheat, Dairy",Contains
Vanilla Yogurt,"Yogurt (milk, cultures)",Sugar,None,Vanilla extract,Milk,Contains
Stuffed Portobello Mushrooms,Portobello mushrooms,None,None,"Cheese, breadcrumbs",Dairy,Contains
Samosa,Potatoes,None,Ghee,Spices,None,Contains
Pineapple Upside-Down Cake,Pineapple,Sugar,Butter,Flour,"Wheat, Dairy",Contains
Lentil Curry,Lentils,None,Coconut milk,Curry powder,None,Does not contain
Beef Burritos,Ground beef,None,Vegetable oil,Taco seasoning,None,Does not contain
Chicken Caesar Salad,Chicken breast,None,Olive oil,Parmesan cheese,"Dairy, Anchovies",Contains
Hyderabadi Biryani,Basmati rice,None,Ghee,"Meat/vegetables, spices",None,Does not contain
Coconut Curry,Chicken,None,Coconut milk,Curry paste,None,Does not contain
Apple Crisp,Apples,Sugar,Butter,"Cinnamon, oats","Wheat, Dairy",Contains
Chicken Korma,Chicken,None,Ghee,"Creamy sauce, spices",Dairy,Contains
Raspberry Spinach Salad,Spinach,None,None,"Raspberries, vinaigrette",None,Does not contain
Beef Stir-Fry,Beef,None,Vegetable oil,Soy sauce,None,Does not contain
Caesar Salad Wrap,Romaine lettuce,None,Caesar dressing,"Parmesan cheese, croutons","Wheat, Dairy",Contains
Pancetta Pasta,Pasta,None,Pancetta,"Garlic, herbs",None,Does not contain
Greek Salad,Cucumber,None,Olive oil,Lemon juice,None,Does not contain
Strawberry Yogurt,"Yogurt (milk, cultures)",Sugar,None,Pectin,"Milk, Strawberries",Contains
Cheddar Cheese,Cheese,None,None,Salt,Dairy,Contains
Prawn Biryani,Prawns,None,Ghee,"Basmati rice, spices",Shellfish,Contains
Lobster Roll,Lobster,None,Mayonnaise,"Celery, lemon juice","Shellfish, Eggs",Contains
Chocolate Mousse,Chocolate,Sugar,Heavy cream,Vanilla extract,"Dairy, Cocoa",Contains
Spinach Stuffed Chicken,Chicken,None,Olive oil,"Spinach, garlic",None,Does not contain
Chicken Alfredo Pizza,Pizza dough,None,None,"Chicken, Alfredo sauce","Wheat, Dairy",Contains
Dahi Vada,Lentil dumplings,None,Yogurt,"Tamarind chutney, spices",Dairy,Contains
Cucumber Salad,Cucumbers,None,Olive oil,"Vinegar, herbs",None,Does not contain
Apple Pie,Apples,Sugar,Butter,"Cinnamon, pastry","Wheat, Dairy",Contains
Greek Moussaka,Eggplant,None,Olive oil,"Ground meat, potatoes",None,Does not contain
Chicken Satay,Chicken,None,Peanut butter,Soy sauce,Peanuts,Contains
Caesar Wrap,Grilled chicken,None,Caesar dressing,"Lettuce, Parmesan cheese",Dairy,Contains
Lemon Bars,Flour,Sugar,Butter,Lemon juice,"Wheat, Dairy",Contains
Lentil Soup,Lentils,None,Olive oil,Vegetables,None,Does not contain
Lemon Bars,Flour,Sugar,Butter,Lemon juice,"Wheat, Dairy",Contains
Malai Chicken Tikka,Chicken,None,Cream,Spices,Dairy,Contains
Tandoori Chicken,Chicken,None,Yogurt,Tandoori spices,Dairy,Contains
Chicken Enchiladas,Chicken,None,Enchilada sauce,"Cheese, tortillas","Wheat, Dairy",Contains
Caprese Salad,Tomatoes,None,Olive oil,"Mozzarella cheese, basil",Dairy,Contains
Baked Ziti,Pasta,None,Cheese,Tomato sauce,"Wheat, Dairy",None
Paniyaram,Fermented batter,None,Oil,"Mustard seeds, curry leaves",None,Does not contain
Caesar Pasta Salad,Pasta,None,Caesar dressing,"Romaine lettuce, Parmesan cheese","Wheat, Dairy",Contains
Lentil Soup,Lentils,None,Olive oil,Vegetables,None,Does not contain
Baked Ziti,Pasta,None,Cheese,Tomato sauce,"Wheat, Dairy",None
Pancakes,Flour,Sugar,Butter,Baking powder,"Wheat, Dairy",Contains
Rice Pudding,Rice,Sugar,Milk,"Cinnamon, raisins","Rice, Dairy",Contains
Chicken Alfredo Pizza,Pizza dough,None,None,"Chicken, Alfredo sauce","Wheat, Dairy",Contains
Beef and Broccoli,Beef,None,Vegetable oil,Soy sauce,None,Does not contain
Cilantro Lime Chicken,Chicken,None,Olive oil,"Cilantro, lime",None,Does not contain
Rogan Josh,Lamb,None,Ghee,"Yogurt, Kashmiri red chili",Dairy,Contains
Quiche,Eggs,None,Cheese,Vegetables,"Eggs, Dairy",Contains
Caesar Salad Wrap,Grilled chicken,None,Caesar dressing,"Lettuce, Parmesan cheese",Dairy,Contains
Zucchini Bread,Zucchini,Sugar,Vegetable oil,Flour,Wheat,Contains
Lobster Roll,Lobster,None,Mayonnaise,"Celery, lemon juice","Shellfish, Eggs",Contains
Buffalo Wings,Chicken wings,None,Vegetable oil,Buffalo sauce,None,Does not contain
Chicken Tikka Masala,Chicken,None,Ghee,Tikka masala sauce,"Dairy, Ghee",Contains
Chicken Tikka Masala,Chicken,None,Ghee,Tikka masala sauce,"Dairy, Ghee",Contains
Spinach Salad,Spinach,None,Olive oil,Balsamic vinaigrette,None,Does not contain
Beef Burger,Ground beef,None,Vegetable oil,"Salt, Pepper",None,Does not contain
Honey Glazed Carrots,Carrots,Honey,Butter,None,None,Does not contain
Beef Chili,Ground beef,None,None,Chili powder,None,Does not contain
Vegetable Lasagna,Vegetables,None,Olive oil,"Tomato sauce, cheese","Wheat, Dairy",Contains
Baked Chicken Wings,Chicken wings,None,Olive oil,Seasonings,None,Does not contain
Lentil Soup,Lentils,None,Olive oil,Vegetables,None,Does not contain
Chicken Noodle Soup,Chicken broth,None,None,Salt,"Chicken, Wheat, Celery",Contains
Stuffed Bell Peppers,Bell peppers,None,Olive oil,"Ground meat, rice",None,Does not contain
Vegetable Stir-Fry,Mixed vegetables,None,Vegetable oil,Soy sauce,None,Does not contain
Beef and Broccoli,Beef,None,Vegetable oil,Soy sauce,None,Does not contain
French Onion Soup,Onions,None,Butter,"Beef broth, cheese, bread","Dairy, Wheat",Contains
Chicken Enchiladas,Chicken,None,Enchilada sauce,"Cheese, tortillas","Wheat, Dairy",Contains
Stuffed Portobello Mushrooms,Portobello mushrooms,None,None,"Cheese, breadcrumbs",Dairy,Contains
Malai Kofta,Cottage cheese,None,Ghee,Creamy tomato sauce,Dairy,Contains
Chicken Noodle Casserole,Chicken,None,Butter,"Noodles, vegetables",Wheat,Contains
Dal Makhani,Lentils,None,Ghee,"Cream, spices",Dairy,Contains
Vegetable Lasagna,Vegetables,None,Olive oil,"Tomato sauce, cheese","Wheat, Dairy",Contains
Caesar Wrap,Grilled chicken,None,Caesar dressing,"Lettuce, Parmesan cheese",Dairy,Contains
Butter Chicken,Chicken,Sugar,Butter,"Tomato sauce, cream",Dairy,Contains
Rogan Josh,Lamb,None,Ghee,"Yogurt, Kashmiri red chili",Dairy,Contains
Baked Cod,Cod,None,Butter,"Lemon, herbs","Fish, Dairy",Contains
Chicken Alfredo,Chicken,None,Butter,"Cream, Parmesan cheese",Dairy,Contains
Baked Apple,Apples,Sugar,Butter,"Cinnamon, oats","Wheat, Dairy",Contains
Vegetable Curry,Mixed vegetables,None,Coconut milk,Curry paste,None,Does not contain
Greek Lemon Potatoes,Potatoes,None,Olive oil,"Lemon juice, herbs",None,Does not contain
Chicken Curry,Chicken,None,Oil,Curry spices,None,Does not contain
Banana Smoothie,Bananas,Honey,"Yogurt (milk, cultures)",None,Dairy,Contains
Ratatouille Pasta,Pasta,None,Olive oil,Ratatouille vegetables,None,Does not contain
Stuffed Portobello Mushrooms,Portobello mushrooms,None,None,"Cheese, breadcrumbs",Dairy,Contains
Cinnamon Rolls,Dough,Sugar,Butter,"Cinnamon, icing","Wheat, Dairy",Contains
Chole Kulche,Chickpeas,None,Ghee,"Kulcha bread, spices",None,Does not contain
Caprese Salad,Tomatoes,None,Olive oil,"Mozzarella cheese, basil",Dairy,Contains
Sushi Bowl,Sushi rice,None,Soy sauce,"Raw fish, vegetables","Fish, Soybeans",Contains
Lemon Garlic Shrimp,Shrimp,None,Olive oil,"Lemon juice, garlic",Shellfish,Contains
Pineapple Upside-Down Cake,Pineapple,Sugar,Butter,Flour,"Wheat, Dairy",Contains
Stuffed Bell Peppers,Bell peppers,None,Olive oil,"Ground meat, rice",None,Does not contain
Watermelon Salad,Watermelon,None,None,"Feta cheese, mint",Dairy,Contains
Banana Pudding,Bananas,Sugar,Milk,"Vanilla pudding mix, cookies",Dairy,Contains
Fruit Salad,Mixed fruits,Sugar,None,Lemon juice,None,Does not contain
Quinoa Stuffed Peppers,Quinoa,None,Olive oil,"Vegetables, spices",None,Does not contain
Chicken Korma,Chicken,None,Ghee,"Creamy sauce, spices",Dairy,Contains
Chicken Enchiladas,Chicken,None,Vegetable oil,Enchilada sauce,None,Does not contain
Tiramisu,Ladyfingers,Sugar,"Mascarpone cheese, coffee liqueur",Cocoa powder,"Wheat, Dairy, Alcohol",Contains
Baked Ziti,Pasta,None,None,"Tomato sauce, cheese","Wheat, Dairy",Contains
Beef and Broccoli,Beef,None,Vegetable oil,Soy sauce,None,Does not contain
Caprese Salad,Tomatoes,None,Olive oil,"Mozzarella cheese, basil",Dairy,Contains
Butter Naan,Flour,None,Butter,None,"Wheat, Dairy",Contains
Rajma Chawal,Kidney beans,None,Ghee,Spices,None,Contains
Biryani,Rice,None,Ghee,"Biryani masala, spices",None,Does not contain
S'mores,Graham crackers,Marshmallows,Chocolate,None,"Wheat, Dairy",Contains
Garlic Bread,Bread,None,Butter,Garlic,"Wheat, Dairy",Contains
Salsa,Tomatoes,None,None,"Onion, cilantro",None,Does not contain
Stuffed Bell Peppers,Bell peppers,None,Olive oil,"Ground meat, rice",None,Does not contain
Chicken and Rice Soup,Chicken,None,Vegetable oil,"Rice, vegetables",None,Does not contain
Black Bean Soup,Black beans,None,Olive oil,Vegetables,None,Does not contain
Beef Chili,Ground beef,None,None,Chili powder,None,Does not contain
Strawberry Spinach Salad,Spinach,None,None,"Strawberries, vinaigrette",None,Does not contain
Vada Pav,Potato,None,Oil,"Pav bun, chutney",None,Does not contain
Caesar Pasta Salad,Pasta,None,Caesar dressing,"Romaine lettuce, Parmesan cheese","Wheat, Dairy",Contains
Stuffed Bell Peppers,Bell peppers,None,Olive oil,"Ground meat, rice",None,Does not contain
French Onion Soup,Onions,None,Butter,"Beef broth, cheese, bread","Dairy, Wheat",Contains
Ratatouille,Vegetables,None,Olive oil,"Herbs, garlic",None,Does not contain
Caramel Apple,Apples,Caramel,None,None,None,Does not contain
Stuffed Bell Peppers,Bell peppers,None,Olive oil,"Ground meat, rice",None,Does not contain
Sweet Potato Casserole,Sweet potatoes,Brown sugar,Butter,"Cinnamon, nutmeg","Dairy, Nuts",Contains
Tofu Stir-Fry,Tofu,None,Vegetable oil,Soy sauce,Soybeans,Contains
Chicken Korma,Chicken,None,Ghee,"Creamy sauce, spices",Dairy,Contains
Caesar Salad Wrap,Romaine lettuce,None,Caesar dressing,"Parmesan cheese, croutons","Wheat, Dairy",Contains
Chicken Korma,Chicken,None,Ghee,"Creamy sauce, spices",Dairy,Contains
Chicken Caesar Salad,Chicken,None,Caesar dressing,"Romaine lettuce, croutons","Wheat, Dairy",Contains
Chocolate Mousse,Chocolate,Sugar,Heavy cream,Vanilla extract,Dairy,Contains
Mango Coconut Popsicles,Mango,Sugar,Coconut milk,None,None,Does not contain
Spinach Salad,Spinach,None,Olive oil,Balsamic vinegar,None,Does not contain
Stuffed Bell Peppers,Bell peppers,None,Olive oil,"Ground meat, rice",None,Does not contain
Chocolate Chip Cookies,Flour,Sugar,Butter,Chocolate chips,"Wheat, Dairy",Contains
Chicken Korma,Chicken,None,Ghee,"Creamy sauce, spices",Dairy,Contains
Greek Yogurt Parfait,Greek yogurt,Honey,None,"Granola, mixed berries",Dairy,Contains
Grilled Portobello Mushroom Burger,Portobello mushrooms,None,None,"Burger bun, vegetables",Wheat,Contains
Chicken Quesadilla,Chicken,None,Butter,Cheese,"Wheat, Dairy",Contains
Rasmalai,Paneer,Sugar,"Milk, Ghee","Cardamom, nuts",Dairy,Contains
Tofu Curry,Tofu,None,Coconut milk,Curry paste,None,Does not contain
Oatmeal Raisin Cookies,Oats,Sugar,Butter,Flour,"Wheat, Dairy",Contains
Pecan Pie,Pecans,Sugar,Butter,Corn syrup,"Wheat, Dairy, Nuts",Contains
Raspberry Spinach Salad,Spinach,None,None,"Raspberries, vinaigrette",None,Does not contain
Apple Crisp,Apples,Sugar,Butter,"Cinnamon, oats","Wheat, Dairy",Contains
Greek Moussaka,Eggplant,None,Olive oil,"Ground meat, potatoes",None,Does not contain
Egg Salad Sandwich,Eggs,Mayonnaise,None,"Celery, mustard","Eggs, Mustard",Contains
Chicken Teriyaki,Chicken,None,Soy sauce,"Honey, ginger",Soybeans,Contains
Chicken Piccata,Chicken,None,Butter,"Lemon, capers","Dairy, Fish",Contains
Egg Fried Rice,Eggs,None,Sesame oil,Soy sauce,"Eggs, Soybeans",Contains
Beef Stroganoff,Beef,None,Sour cream,"Mushroom, onion",Dairy,Contains
Cucumber Salad,Cucumbers,None,Olive oil,"Vinegar, herbs",None,Does not contain
Chicken Noodle Casserole,Chicken,None,Butter,"Noodles, vegetables",Wheat,Contains
Chicken Biryani,Chicken,None,Ghee,"Basmati rice, spices",None,Does not contain
Beef Stir-Fry,Beef,None,Vegetable oil,Soy sauce,None,Does not contain
Avocado Toast,Avocado,None,Olive oil,"Salt, pepper",None,Does not contain
Rasmalai,Paneer,Sugar,"Milk, Ghee","Cardamom, nuts",Dairy,Contains
Fish Sticks,Fish fillets,None,Vegetable oil,Salt,Fish,Contains
Fish Sticks,Fish fillets,None,Vegetable oil,Salt,Fish,Contains
Pasta Carbonara,Pasta,None,Bacon,"Egg, Parmesan cheese","Wheat, Dairy",Contains
Sweet Potato Fries,Sweet potatoes,None,Vegetable oil,"Salt, paprika",None,Does not contain
Beef Burritos,Beef,None,Vegetable oil,Burrito seasoning,None,Does not contain
Bacon-Wrapped Shrimp,Shrimp,None,Bacon,Seasonings,"Shellfish, Pork",Contains
Chicken Caesar Salad,Chicken,None,Caesar dressing,"Romaine lettuce, croutons","Wheat, Dairy",Contains
Apple Crisp,Apples,Sugar,Butter,"Cinnamon, oats","Wheat, Dairy",Contains
Baked Ziti,Pasta,None,None,"Tomato sauce, cheese","Wheat, Dairy",Contains
Chicken Fajitas,Chicken,None,Vegetable oil,Fajita seasoning,None,Does not contain
Chocolate Chip Pancakes,Flour,Sugar,Butter,Chocolate chips,"Wheat, Dairy, Cocoa",Contains
Apple Cider,Apples,Sugar,None,Cinnamon,None,Does not contain
Pancake Stack,Flour,Sugar,Butter,Maple syrup,"Wheat, Dairy",Contains
Chicken Fajitas,Chicken,None,Vegetable oil,Fajita seasoning,None,Does not contain
Chicken Fajitas,Chicken,None,Vegetable oil,Fajita seasoning,None,Does not contain
Palak Paneer,Spinach,None,Ghee,"Paneer, spices",Dairy,Contains
Greek Yogurt Parfait,Greek yogurt,Honey,None,"Granola, mixed berries",Dairy,Contains
Chicken Caesar Salad,Chicken,None,Caesar dressing,"Romaine lettuce, croutons","Wheat, Dairy",Contains
Lemon Bars,Lemon juice,Sugar,Butter,"Flour, eggs","Wheat, Dairy, Eggs",Contains
Banana Bread,Bananas,Sugar,Butter,Flour,"Wheat, Dairy",Contains
Tofu Stir-Fry,Tofu,None,Vegetable oil,Soy sauce,Soybeans,Contains
Caesar Pasta Salad,Pasta,None,Caesar dressing,"Romaine lettuce, Parmesan cheese","Wheat, Dairy",Contains
Chicken Enchiladas,Chicken,None,Enchilada sauce,"Cheese, tortillas","Wheat, Dairy",Contains
Malabar Fish Curry,Fish,None,Coconut oil,"Tamarind, spices","Fish, Coconut",Contains
Butter Chicken,Chicken,Sugar,Butter,"Tomato sauce, cream",Dairy,Contains
Eggplant Parmesan,Eggplant,None,Olive oil,"Marinara sauce, cheese",Dairy,Contains
Samosa,Potatoes,None,Ghee,Spices,None,Contains
Key Lime Pie,Lime juice,Sugar,Butter,Graham cracker crust,"Wheat, Dairy",Contains
Zucchini Noodles with Pesto,Zucchini,None,Olive oil,Pesto sauce,"Pine nuts, Dairy",Contains
Baked Ziti,Pasta,None,None,"Tomato sauce, cheese","Wheat, Dairy",Contains
Caprese Skewers,Tomatoes,None,Olive oil,"Mozzarella cheese, basil",Dairy,Contains
Milk Chocolate,Sugar,Cocoa butter,Milk powder,Vanilla extract,Milk,Contains
Spinach Salad,Spinach,None,Olive oil,Balsamic vinaigrette,None,Does not contain
Beef Chili,Ground beef,None,None,Chili powder,None,Does not contain
Apple Pie,Apples,Sugar,Butter,"Cinnamon, pastry","Wheat, Dairy",Contains
Onion Rings,Onions,None,Vegetable oil,Flour,Wheat,Contains
Rogan Josh,Lamb,None,Ghee,"Yogurt, Kashmiri red chili",Dairy,Contains
Chicken Caesar Salad,Chicken breast,None,Olive oil,Parmesan cheese,"Dairy, Anchovies",Contains
Beef Tacos,Beef,None,Vegetable oil,Taco seasoning,None,Does not contain
Dal Makhani,Lentils,None,Ghee,"Cream, spices",Dairy,Contains
Apple Crisp,Apples,Sugar,Butter,"Cinnamon, oats","Wheat, Dairy",Contains
Veggie Burger,Mixed vegetables,None,Vegetable oil,Seasonings,None,Does not contain
Chicken Caesar Salad,Chicken,None,Caesar dressing,"Romaine lettuce, croutons","Wheat, Dairy",Contains
Garlic Bread,Bread,None,Butter,Garlic,"Wheat, Dairy",Contains
Sausage and Pepper Pizza,Pizza dough,None,None,"Sausage, bell peppers","Wheat, Dairy",Contains
Baked Chicken Wings,Chicken wings,None,Olive oil,Seasonings,None,Does not contain
Chicken Alfredo Pizza,Pizza dough,None,None,"Chicken, Alfredo sauce","Wheat, Dairy",Contains
Teriyaki Salmon,Salmon fillet,Sugar,Soy sauce,"Ginger, garlic","Fish, Soybeans",Contains
Caramelized Onions,Onions,Sugar,Butter,None,None,Does not contain
Greek Lemon Potatoes,Potatoes,None,Olive oil,"Lemon juice, herbs",None,Does not contain
Chicken Stir-Fry,Chicken,None,Vegetable oil,Soy sauce,None,Does not contain
Buffalo Wings,Chicken wings,None,Vegetable oil,Buffalo sauce,None,Does not contain
Pesto Pasta Salad,Pasta,None,Pesto sauce,"Tomatoes, vegetables",None,Does not contain
Pancakes,Flour,Sugar,Butter,Baking powder,"Wheat, Dairy",Contains
Ratatouille,Vegetables,None,Olive oil,Herbs,None,Does not contain
Almond Cookies,Almonds,Sugar,Butter,Flour,"Almonds, Wheat, Dairy",Contains
Pumpkin Pie,Pumpkin,Sugar,Butter,"Pumpkin spice, pastry","Wheat, Dairy",Contains
Baked Cod,Cod,None,Butter,"Lemon, herbs","Fish, Dairy",Contains
Lentil Soup,Lentils,None,Olive oil,Vegetables,None,Does not contain
Shrimp Scampi,Shrimp,None,Butter,"Garlic, lemon",Shellfish,Contains
Black Bean Soup,Black beans,None,Olive oil,Vegetables,None,Does not contain
Apple Pie,Apples,Sugar,Butter,"Cinnamon, pastry","Wheat, Dairy",Contains
Apple Pie,Apples,Sugar,Butter,"Cinnamon, pastry","Wheat, Dairy",Contains
Chicken Fajitas,Chicken,None,Vegetable oil,Fajita seasoning,None,Does not contain
Chicken Curry,Chicken,None,Oil,Curry spices,None,Does not contain
Chicken Noodle Casserole,Chicken,None,Butter,"Noodles, vegetables",Wheat,Contains
Pesto Pasta Salad,Pasta,None,Pesto sauce,"Tomatoes, vegetables",None,Does not contain
Apple Crisp,Apples,Sugar,Butter,"Cinnamon, oats","Wheat, Dairy",Contains
Mushroom Risotto,Mushrooms,None,Butter,"Arborio rice, Parmesan cheese",Dairy,Contains
Vanilla Ice Cream,Milk,Sugar,Cream,Vanilla extract,Milk,Contains
Ratatouille,Vegetables,None,Olive oil,Herbs,None,Does not contain
Hawaiian Pizza,Pizza dough,None,None,"Pineapple, ham","Wheat, Pork, Dairy",Contains
Caesar Salad,Romaine lettuce,None,Olive oil,Parmesan cheese,Dairy,Contains
Cheese Pizza,Cheese,None,None,Tomato sauce,Dairy,Contains
Chocolate Mousse,Chocolate,Sugar,Heavy cream,Vanilla extract,Dairy,Contains
S'mores,Graham crackers,Marshmallows,Chocolate,None,"Wheat, Dairy",Contains
Cucumber Salad,Cucumbers,None,Olive oil,"Vinegar, herbs",None,Does not contain
Rice Pudding,Rice,Sugar,Milk,"Cinnamon, raisins","Rice, Dairy",Contains
Cilantro Lime Chicken,Chicken,None,Olive oil,"Cilantro, lime",None,Does not contain
Ratatouille Tart,Vegetables,None,Olive oil,"Puff pastry, herbs",None,Does not contain
Baked Apple,Apples,Sugar,Butter,"Cinnamon, oats","Wheat, Dairy",Contains
Chicken Alfredo Pizza,Pizza dough,None,None,"Chicken, Alfredo sauce","Wheat, Dairy",Contains
Egg Fried Rice,Eggs,None,Sesame oil,Soy sauce,"Eggs, Soybeans",Contains
Lentil Soup,Lentils,None,Olive oil,Vegetables,None,Does not contain
Sushi Rolls,Sushi rice,None,Soy sauce,"Nori (seaweed), fish","Soybeans, Fish",Contains
Pancake Stack,Flour,Sugar,Butter,Maple syrup,"Wheat, Dairy",Contains
Pesto Chicken,Chicken,None,Olive oil,Pesto sauce,"Pine nuts, Dairy",Contains
Pesto Chicken,Chicken,None,Olive oil,Pesto sauce,"Pine nuts, Dairy",Contains
Honey Glazed Carrots,Carrots,Honey,Butter,None,None,Does not contain
Aloo Gobi,Potatoes,None,Oil,"Cauliflower, spices",None,Does not contain
Sweet Potato Fries,Sweet potatoes,None,Vegetable oil,"Salt, paprika",None,Does not contain
Oatmeal,Oats,Sugar,Milk,Cinnamon,"Oats, Dairy",Contains
Hawaiian Pizza,Pizza dough,None,None,"Pineapple, ham","Wheat, Pork, Dairy",Contains
Kheer,Rice,Sugar,Ghee,"Cardamom, nuts",Dairy,Contains
Milk Chocolate,Sugar,Cocoa butter,Milk powder,Vanilla extract,Milk,Contains
Honey Mustard Chicken,Chicken,Honey,Olive oil,"Mustard, herbs",None,Does not contain
Biryani,Rice,None,Ghee,"Biryani masala, spices",None,Does not contain
Beef Stroganoff,Beef,None,Sour cream,"Mushrooms, onions",Dairy,Contains
Beef Burritos,Ground beef,None,Vegetable oil,Taco seasoning,None,Does not contain
Lemon Garlic Shrimp,Shrimp,None,Olive oil,"Lemon juice, garlic",Shellfish,Contains
Chocolate Mousse,Chocolate,Sugar,Heavy cream,Vanilla extract,"Dairy, Cocoa",Contains
Orange Juice,Oranges,Sugar,None,None,None,Does not contain
Zucchini Bread,Zucchini,Sugar,Vegetable oil,Flour,Wheat,Contains
Tuna Salad,Tuna,Mayonnaise,None,"Celery, onion","Fish, Eggs",Contains
Lemon Bars,Lemon juice,Sugar,Butter,"Flour, eggs","Wheat, Dairy, Eggs",Contains
Teriyaki Beef,Beef,None,Soy sauce,"Teriyaki sauce, vegetables",Soybeans,Contains
Mixed Berry Pie,Mixed berries,Sugar,Butter,Flour,"Wheat, Dairy",Contains
Lemon Poppy Seed Muffins,Flour,Sugar,Butter,"Lemon zest, poppy seeds","Wheat, Dairy",Contains
Caesar Shrimp Skewers,Shrimp,None,Olive oil,Caesar dressing,"Shellfish, Dairy",Contains
Key Lime Pie,Lime juice,Sugar,Butter,Graham cracker crust,"Wheat, Dairy",Contains
Spinach Stuffed Chicken,Chicken,None,Olive oil,"Spinach, garlic",None,Does not contain
Spinach Stuffed Chicken,Chicken,None,Olive oil,"Spinach, garlic",None,Does not contain
Stuffed Portobello Mushrooms,Portobello mushrooms,None,None,"Cheese, breadcrumbs",Dairy,Contains
Mushroom and Goat Cheese Flatbread,Mushrooms,None,Olive oil,"Goat cheese, herbs",Dairy,Contains
Beef and Broccoli,Beef,None,Vegetable oil,Soy sauce,None,Does not contain
Lemon Dill Salmon,Salmon,None,Olive oil,"Lemon, dill",Fish,Contains
Cinnamon Rolls,Flour,Sugar,Butter,Cinnamon,"Wheat, Dairy",Contains
Minestrone Soup,Vegetables,None,Olive oil,Tomato broth,None,Does not contain
Cucumber Salad,Cucumbers,None,Olive oil,"Vinegar, herbs",None,Does not contain
Apple Crisp,Apples,Sugar,Butter,"Cinnamon, oats","Wheat, Dairy",Contains
Caramel Popcorn,Popcorn,Sugar,Butter,Salt,Dairy,Contains
Oatmeal Raisin Cookies,Oats,Sugar,Butter,Flour,"Wheat, Dairy",Contains
Teriyaki Beef,Beef,None,Soy sauce,"Teriyaki sauce, vegetables",Soybeans,Contains
Tandoori Chicken,Chicken,None,Yogurt,Tandoori spices,Dairy,Contains
Chicken Malai Tikka,Chicken,None,Cream,Spices,Dairy,Contains
Grilled Portobello Mushroom Burger,Portobello mushrooms,None,None,"Burger bun, vegetables",Wheat,Contains
Green Smoothie,Spinach,Honey,Avocado,Almond milk,None,Does not contain
Beef Stir-Fry,Beef,None,Vegetable oil,Soy sauce,None,Does not contain
Lentil Soup,Lentils,None,Olive oil,Vegetables,None,Does not contain
Caprese Sandwich,Tomatoes,None,Olive oil,"Mozzarella cheese, basil",Dairy,Contains
Honey Glazed Carrots,Carrots,Honey,Butter,None,None,Does not contain
Apple Crisp,Apples,Sugar,Butter,Cinnamon,"Wheat, Dairy",Contains
Pancetta Pasta,Pasta,None,Pancetta,"Garlic, herbs",None,Does not contain
Beef Burritos,Beef,None,Vegetable oil,Burrito seasoning,None,Does not contain
Hawaiian Pizza,Pizza dough,None,None,"Pineapple, ham","Wheat, Pork, Dairy",Contains
Mushroom Soup,Mushrooms,None,Butter,Vegetable broth,Dairy,Contains
Caramel Popcorn,Popcorn,Sugar,Butter,Salt,Dairy,Contains
Fish Sticks,Fish fillets,None,Vegetable oil,Salt,Fish,Contains
Stuffed Cabbage Rolls,Cabbage,None,Olive oil,"Ground meat, rice",None,Does not contain
Cheese Pizza,Cheese,None,None,Tomato sauce,Dairy,Contains
Stuffed Mushrooms,Mushrooms,None,None,"Cheese, breadcrumbs",Dairy,Contains
Chocolate Mousse,Chocolate,Sugar,Heavy cream,Vanilla extract,Dairy,Contains
Sausage and Pepper Pizza,Pizza dough,None,None,"Sausage, bell peppers","Wheat, Dairy",Contains
Lobster Bisque,Lobster,None,Butter,"Cream, brandy","Shellfish, Dairy",Contains
Greek Lemon Chicken,Chicken,None,Olive oil,"Lemon juice, herbs",None,Does not contain
Tomato Soup,Tomatoes,None,None,"Salt, Sugar",None,Does not contain
Greek Lemon Potatoes,Potatoes,None,Olive oil,"Lemon juice, herbs",None,Does not contain
Gulab Jamun,Milk solids,Sugar,Ghee,Cardamom syrup,Dairy,Contains
Teriyaki Salmon,Salmon fillet,Sugar,Soy sauce,"Ginger, garlic","Fish, Soybeans",Contains
Cucumber Salad,Cucumber,None,Olive oil,"Lemon juice, dill",None,Does not contain
Chocolate Mousse,Chocolate,Sugar,Heavy cream,Vanilla extract,Dairy,Contains
Brussels Sprouts,Brussels sprouts,None,Olive oil,Balsamic glaze,None,Does not contain
Strawberry Spinach Salad,Spinach,None,None,"Strawberries, vinaigrette",None,Does not contain
Cinnamon Rolls,Dough,Sugar,Butter,"Cinnamon, icing","Wheat, Dairy",Contains
Ratatouille,Vegetables,None,Olive oil,"Herbs, garlic",None,Does not contain
Veggie Burger,Mixed vegetables,None,Vegetable oil,Seasonings,None,Does not contain
Matar Paneer,Paneer,None,Ghee,"Peas, spices",Dairy,Contains
Apple Crisp,Apples,Sugar,Butter,"Cinnamon, oats","Wheat, Dairy",Contains
Beef Wellington,Beef,None,Butter,"Mushrooms, puff pastry","Wheat, Dairy",Contains
Chicken Fajitas,Chicken,None,Vegetable oil,Fajita seasoning,None,Does not contain
Oatmeal Raisin Cookies,Oats,Brown sugar,Butter,"Raisins, cinnamon","Wheat, Dairy",Contains
Greek Lemon Chicken,Chicken,None,Olive oil,"Lemon juice, herbs",None,Does not contain
Grilled Portobello Mushroom Burger,Portobello mushrooms,None,None,"Burger bun, vegetables",Wheat,Contains
Apple Cider,Apples,Sugar,None,Cinnamon,None,Does not contain
Miso Soup,Miso paste,None,None,"Tofu, seaweed",Soybeans,Contains
Caramel Popcorn,Popcorn,Sugar,Butter,Salt,Dairy,Contains
Apple Crisp,Apples,Sugar,Butter,"Cinnamon, oats","Wheat, Dairy",Contains
Pesto Pizza,Pesto sauce,None,None,"Mozzarella cheese, basil",Dairy,Contains
Dahi Vada,Lentil dumplings,None,Yogurt,"Tamarind chutney, spices",Dairy,Contains
Baked Garlic Parmesan Chicken,Chicken,None,Butter,"Parmesan cheese, garlic",Dairy,Contains
Mushroom Risotto,Arborio rice,None,Butter,Mushroom,"Wheat, Dairy",Contains
Caesar Pasta Salad,Pasta,None,Caesar dressing,"Romaine lettuce, Parmesan cheese","Wheat, Dairy",Contains
Chicken Curry,Chicken,None,Coconut milk,Curry powder,None,Does not contain
Chicken Alfredo,Chicken,None,Butter,"Cream, Parmesan cheese",Dairy,Contains
Stuffed Tomatoes,Tomatoes,None,None,"Herbs, breadcrumbs",None,Does not contain
Oatmeal Raisin Cookies,Oats,Brown sugar,Butter,"Raisins, cinnamon","Wheat, Dairy",Contains
Quinoa Stuffed Peppers,Quinoa,None,Olive oil,"Vegetables, spices",None,Does not contain
Baked Apple,Apples,Sugar,Butter,"Cinnamon, oats","Wheat, Dairy",Contains
Chicken Fajitas,Chicken,None,Vegetable oil,Fajita seasoning,None,Does not contain
Lemon Bars,Lemon juice,Sugar,Butter,"Flour, eggs","Wheat, Dairy, Eggs",Contains
Oatmeal Raisin Cookies,Oats,Sugar,Butter,Flour,"Wheat, Dairy",Contains
Zucchini Bread,Zucchini,Sugar,Vegetable oil,Flour,Wheat,Contains
Greek Salad,Cucumbers,None,Olive oil,"Feta cheese, olives",Dairy,Contains
Lemon Dill Salmon,Salmon,None,Olive oil,"Lemon, dill",Fish,Contains
Teriyaki Salmon,Salmon fillet,Sugar,Soy sauce,"Ginger, garlic","Fish, Soybeans",Contains
Beef Tacos,Ground beef,None,Vegetable oil,Taco seasoning,None,Does not contain
Pumpkin Pie,Pumpkin,Sugar,Butter,"Pumpkin spice, pastry","Wheat, Dairy",Contains
Sushi,"Fish (salmon, tuna)",Rice vinegar,Sesame oil,Soy sauce,"Fish, Soybeans",Contains
Gulab Jamun,Milk solids,Sugar,Ghee,Cardamom syrup,Dairy,Contains
Aloo Paratha,Potatoes,None,Ghee,"Wheat flour, spices",Wheat,Contains
Cheddar Cheese,Cheese,None,None,Salt,Dairy,Contains
Spinach Artichoke Dip,Spinach,None,"Cream cheese, sour cream","Parmesan cheese, garlic",Dairy,Contains
Coconut Curry,Chicken,None,Coconut milk,Curry paste,None,Does not contain
Greek Yogurt Parfait,Greek yogurt,Honey,None,"Granola, mixed berries",Dairy,Contains
Pesto Chicken,Chicken,None,Olive oil,Pesto sauce,"Pine nuts, Dairy",Contains
Tandoori Chicken,Chicken,None,Yogurt,Tandoori spices,Dairy,Contains
Tuna Sandwich,Tuna,Mayonnaise,None,"Salt, Pepper","Fish, Eggs",Contains
Greek Yogurt Parfait,Greek yogurt,Honey,None,"Granola, mixed berries",Dairy,Contains
Blueberry Pancakes,Flour,Sugar,Butter,Blueberries,"Wheat, Dairy",Contains
Dal Makhani,Lentils,None,Ghee,"Cream, spices",Dairy,Contains
Chicken Biryani,Chicken,None,Ghee,"Basmati rice, spices",None,Does not contain
Apple,Apples,None,None,None,None,Does not contain
Lobster Roll,Lobster,None,Mayonnaise,"Celery, lemon juice","Shellfish, Eggs",Contains
Gazpacho,Tomatoes,None,Olive oil,"Garlic, herbs",None,Does not contain
Mixed Berry Pie,Mixed berries,Sugar,Butter,Flour,"Wheat, Dairy",Contains
Garlic Shrimp,Shrimp,None,Olive oil,Garlic,Shellfish,Contains
Wheat Bread,Wheat flour,None,None,Salt,Wheat,Contains
Pumpkin Pie,Pumpkin,Sugar,Butter,"Pumpkin spice, pastry","Wheat, Dairy",Contains
Rasmalai,Paneer,Sugar,"Milk, Ghee","Cardamom, nuts",Dairy,Contains
Chocolate Mousse,Chocolate,Sugar,Heavy cream,Vanilla extract,Dairy,Contains
Palak Paneer,Spinach,None,Ghee,"Paneer, spices",Dairy,Contains
Watermelon Salad,Watermelon,None,None,"Feta cheese, mint",Dairy,Contains
Soy Milk,Soybeans,Sugar,None,Emulsifiers,Soybeans,Contains
Pancake Stack,Flour,Sugar,Butter,Maple syrup,"Wheat, Dairy",Contains
Bacon-Wrapped Shrimp,Shrimp,None,Bacon,Seasonings,"Shellfish, Pork",Contains
Lemon Bars,Lemon juice,Sugar,Butter,"Flour, eggs","Wheat, Dairy, Eggs",Contains
Vegetable Stir-Fry,Mixed vegetables,None,Vegetable oil,Soy sauce,None,Does not contain
Green Smoothie,Spinach,Honey,Avocado,Almond milk,None,Does not contain
Mango Coconut Popsicles,Mango,Sugar,Coconut milk,None,None,Does not contain
Chocolate Mousse,Chocolate,Sugar,Heavy cream,Vanilla extract,"Dairy, Cocoa",Contains
Tofu Stir-Fry,Tofu,None,Vegetable oil,Soy sauce,Soybeans,Contains
Chicken Fettuccine Alfredo,Chicken,None,Butter,"Cream, Parmesan cheese",Dairy,Contains
Pesto Chicken,Chicken,None,Olive oil,Pesto sauce,"Pine nuts, Dairy",Contains
Veggie Omelette,Mixed vegetables,None,Olive oil,"Salt, pepper",None,Does not contain
Fruit Salad,Mixed fruits,Sugar,None,Lemon juice,None,Does not contain
Berry Parfait,Berries,Honey,Yogurt,Granola,Dairy,Contains
Cinnamon Rolls,Dough,Sugar,Butter,"Cinnamon, icing","Wheat, Dairy",Contains
Butternut Squash Soup,Butternut squash,None,Butter,Vegetable broth,Dairy,Contains
Strawberry Shortcake,Strawberries,Sugar,Whipped cream,Shortcake,"Wheat, Dairy",Contains
Margherita Pasta,Pasta,None,Olive oil,"Fresh tomatoes, mozzarella",Dairy,Contains
Chicken Tikka Masala,Chicken,Sugar,Ghee,"Tomato sauce, cream",Dairy,Contains
Teriyaki Salmon,Salmon fillet,Sugar,Soy sauce,"Ginger, garlic","Fish, Soybeans",Contains
Strawberry Spinach Salad,Spinach,None,None,"Strawberries, vinaigrette",None,Does not contain
Spinach Salad,Spinach,None,Olive oil,Balsamic vinegar,None,Does not contain
Butternut Squash Soup,Butternut squash,None,Butter,"Nutmeg, cream",Dairy,Contains
Caramelized Onions,Onions,Sugar,Butter,None,None,Does not contain
Apple Pie,Apples,Sugar,Butter,"Cinnamon, pastry","Wheat, Dairy",Contains
Spinach and Feta Stuffed Chicken,Chicken,None,Olive oil,"Spinach, feta cheese",Dairy,Contains
Spinach Salad,Spinach,None,Olive oil,Balsamic vinaigrette,None,Does not contain
Shrimp Scampi Pasta,Shrimp,None,Butter,"Garlic, lemon",Shellfish,Contains
Lobster Roll,Lobster,None,Mayonnaise,"Celery, lemon juice","Shellfish, Eggs",Contains
Mushroom Risotto,Arborio rice,None,Butter,Mushroom,"Wheat, Dairy",Contains
Tomato Soup,Tomatoes,None,None,"Salt, Sugar",None,Does not contain
Caesar Salad Wrap,Grilled chicken,None,Caesar dressing,"Lettuce, Parmesan cheese",Dairy,Contains
Oatmeal Raisin Cookies,Oats,Brown sugar,Butter,"Raisins, cinnamon","Wheat, Dairy",Contains
Beef Wellington,Beef,None,Butter,"Mushrooms, puff pastry","Wheat, Dairy",Contains
Prawn Curry,Prawns,None,Coconut milk,Curry spices,"Shellfish, Dairy",Contains
Stuffed Tomatoes,Tomatoes,None,None,"Herbs, breadcrumbs",None,Does not contain
Pancetta Pasta,Pasta,None,Pancetta,"Garlic, herbs",None,Does not contain
Gulab Jamun,Milk solids,Sugar,Ghee,Cardamom syrup,Dairy,Contains
Baked Apple,Apples,Sugar,Butter,"Cinnamon, oats","Wheat, Dairy",Contains
Brussels Sprouts,Brussels sprouts,None,Olive oil,Balsamic glaze,None,Does not contain
Jalebi,Flour,Sugar,Ghee,Saffron syrup,"Wheat, Dairy",Contains
Lemon Poppy Seed Muffins,Flour,Sugar,Butter,"Lemon zest, poppy seeds","Wheat, Dairy",Contains
Apple Cider,Apples,Sugar,None,Cinnamon,None,Does not contain
Biryani,Rice,None,Ghee,"Biryani masala, spices",None,Does not contain
Stuffed Tomatoes,Tomatoes,None,None,"Herbs, breadcrumbs",None,Does not contain
Chicken Enchiladas,Chicken,None,Enchilada sauce,"Cheese, tortillas","Wheat, Dairy",Contains
S'mores,Graham crackers,Marshmallows,Chocolate,None,"Wheat, Dairy",Contains
Beef Stroganoff,Beef,None,Sour cream,"Mushrooms, onions",Dairy,Contains
Tofu Stir-Fry,Tofu,None,Vegetable oil,Soy sauce,Soybeans,Contains
Berry Cobbler,Mixed berries,Sugar,Butter,Flour,"Wheat, Dairy",Contains
Berry Crumble,Mixed berries,Sugar,Butter,"Oats, cinnamon","Wheat, Dairy",Contains
Rogan Josh,Lamb,None,Ghee,"Yogurt, Kashmiri red chili",Dairy,Contains
Spinach Stuffed Chicken,Chicken,None,Olive oil,"Spinach, garlic",None,Does not contain
Tuna Sandwich,Tuna,Mayonnaise,None,"Salt, Pepper","Fish, Eggs",Contains
Beef Stroganoff,Beef,None,Sour cream,"Mushrooms, onions",Dairy,Contains
Honey Soy Glazed Salmon,Salmon,Honey,Soy sauce,"Garlic, ginger","Fish, Soybeans",Contains
Lemon Poppy Seed Muffins,Flour,Sugar,Butter,"Lemon zest, poppy seeds","Wheat, Dairy",Contains
Pumpkin Pie,Pumpkin,Sugar,Butter,"Cinnamon, nutmeg","Wheat, Dairy",Contains
Vegetable Lasagna,Vegetables,None,Olive oil,"Tomato sauce, cheese","Wheat, Dairy",Contains
Beef Wellington,Beef,None,Butter,"Mushrooms, puff pastry","Wheat, Dairy",Contains
Chana Masala,Chickpeas,None,Oil,Masala spices,None,Does not contain
Ratatouille,Eggplant,None,Olive oil,"Tomatoes, zucchini",None,Does not contain
Beef and Mushroom Stir-Fry,Beef,None,Vegetable oil,Soy sauce,None,Does not contain
Cucumber Salad,Cucumbers,None,Olive oil,"Vinegar, herbs",None,Does not contain
Stuffed Tomatoes,Tomatoes,None,None,"Herbs, breadcrumbs",None,Does not contain
Gulab Jamun,Milk solids,Sugar,Ghee,Cardamom syrup,Dairy,Contains
Chocolate Chip Pancakes,Flour,Sugar,Butter,Chocolate chips,"Wheat, Dairy, Cocoa",Contains
Stuffed Portobello Mushrooms,Portobello mushrooms,None,None,"Cheese, breadcrumbs",Dairy,Contains
Beef Burritos,Ground beef,None,Vegetable oil,Taco seasoning,None,Does not contain
Fish Sticks,Fish fillets,None,Vegetable oil,Salt,Fish,Contains
Baked Salmon,Salmon,None,Olive oil,"Lemon, herbs",Fish,Contains
Greek Moussaka,Eggplant,None,Olive oil,"Ground meat, potatoes",None,Does not contain
Baked Salmon,Salmon,None,Olive oil,"Lemon, herbs",Fish,Contains
Ranch Dressing,Buttermilk,Sugar,Vegetable oil,"Garlic, herbs",Dairy,Contains
Chicken Biryani,Chicken,None,Ghee,"Basmati rice, spices",None,Does not contain
Rasgulla,Paneer,Sugar,None,"Rose water, syrup",Dairy,Contains
Caesar Shrimp Skewers,Shrimp,None,Olive oil,Caesar dressing,"Shellfish, Dairy",Contains
Gulab Jamun,Milk solids,Sugar,Ghee,Cardamom syrup,Dairy,Contains
Baked Brie,Brie cheese,None,None,"Herbs, nuts","Dairy, Nuts",Contains
Raspberry Spinach Salad,Spinach,None,None,"Raspberries, vinaigrette",None,Does not contain
Beef Burger,Ground beef,None,Vegetable oil,"Salt, Pepper",None,Does not contain
Chicken Curry,Chicken,None,Coconut milk,Curry powder,None,Does not contain
Lemon Herb Roasted Chicken,Chicken,None,Olive oil,"Lemon, herbs",None,Does not contain
Tiramisu,Ladyfingers,Sugar,Mascarpone cheese,"Coffee, cocoa","Wheat, Dairy",Contains
Baked Garlic Parmesan Chicken,Chicken,None,Butter,"Parmesan cheese, garlic",Dairy,Contains
Blueberry Pancakes,Flour,Sugar,Butter,Blueberries,"Wheat, Dairy",Contains
Rasgulla,Paneer,Sugar,None,"Rose water, syrup",Dairy,Contains
Zucchini Noodles,Zucchini,None,Olive oil,"Garlic, herbs",None,Does not contain
Green Smoothie,Spinach,Honey,Avocado,Almond milk,None,Does not contain
Banana Bread,Bananas,Sugar,Butter,Flour,"Wheat, Dairy",Contains
Chicken Satay,Chicken,None,Peanut oil,"Satay sauce, spices",Peanuts,Contains
Tofu Scramble,Tofu,None,Vegetable oil,"Turmeric, spices",Soybeans,Contains
Blueberry Pancakes,Flour,Sugar,Butter,Blueberries,"Wheat, Dairy",Contains
Chocolate Mousse,Chocolate,Sugar,Heavy cream,Vanilla extract,Dairy,Contains
Teriyaki Salmon,Salmon fillet,Sugar,Soy sauce,"Ginger, garlic","Fish, Soybeans",Contains
Cheddar Cheese,Cheese,None,None,Salt,Dairy,Contains
Chicken Shawarma,Chicken,None,Olive oil,Shawarma spices,None,Does not contain
Greek Salad,Cucumber,None,Olive oil,Lemon juice,None,Does not contain
Caesar Salad,Romaine lettuce,None,Olive oil,Parmesan cheese,Dairy,Contains
Greek Lemon Chicken,Chicken,None,Olive oil,"Lemon juice, herbs",None,Does not contain
Chicken Teriyaki,Chicken,None,Soy sauce,"Honey, ginger",Soybeans,Contains
Caesar Salad Wrap,Romaine lettuce,None,Caesar dressing,"Parmesan cheese, croutons","Wheat, Dairy",Contains
Malai Kofta,Cottage cheese,None,Ghee,Creamy tomato sauce,Dairy,Contains
Ratatouille,Eggplant,None,Olive oil,"Tomatoes, zucchini",None,Does not contain
Paneer Tikka,Paneer,None,Oil,"Tikka masala, spices",Dairy,Contains
Honey Glazed Carrots,Carrots,Honey,Butter,None,None,Does not contain
Ratatouille,Eggplant,None,Olive oil,"Tomatoes, zucchini",None,Does not contain
Caesar Shrimp Skewers,Shrimp,None,Olive oil,Caesar dressing,"Shellfish, Dairy",Contains
Quinoa Salad,Quinoa,None,Olive oil,"Lemon juice, vegetables",None,Does not contain
Honey Soy Glazed Salmon,Salmon,Honey,Soy sauce,"Garlic, ginger","Fish, Soybeans",Contains
Beef Tacos,Beef,None,Vegetable oil,Taco seasoning,None,Does not contain
Fish Sticks,Fish fillets,None,Vegetable oil,Salt,Fish,Contains
Key Lime Pie,Lime juice,Sugar,Butter,Graham cracker crust,"Wheat, Dairy",Contains
Zucchini Noodles,Zucchini,None,Olive oil,"Garlic, herbs",None,Does not contain
Wheat Bread,Wheat flour,None,None,Salt,Wheat,Contains
Lemon Pepper Chicken,Chicken,None,Olive oil,Lemon pepper seasoning,None,Does not contain
Chicken Enchiladas,Chicken,None,Enchilada sauce,"Cheese, tortillas","Wheat, Dairy",Contains
Vegetable Lasagna,Vegetables,None,Olive oil,"Tomato sauce, cheese","Wheat, Dairy",Contains
Ratatouille Pizza,Pizza dough,None,Olive oil,Ratatouille vegetables,None,Does not contain
Strawberry Smoothie,Strawberries,Sugar,Yogurt,Milk,Dairy,Contains
Lobster Bisque,Lobster,None,Butter,"Cream, brandy","Shellfish, Dairy",Contains
Beef Burritos,Beef,None,Vegetable oil,Burrito seasoning,None,Does not contain
French Onion Soup,Onions,None,Butter,"Beef broth, cheese, bread","Dairy, Wheat",Contains
Chicken Shawarma,Chicken,None,Olive oil,Shawarma spices,None,Does not contain
Zucchini Bread,Zucchini,Sugar,Butter,"Cinnamon, nuts","Wheat, Dairy, Nuts",Contains
Pasta Carbonara,Pasta,None,Bacon,"Egg, Parmesan cheese","Wheat, Dairy",Contains
Greek Gyro Wrap,Lamb,None,None,"Tzatziki sauce, tomatoes, onions",Dairy,Contains
Chole Kulche,Chickpeas,None,Ghee,"Kulcha bread, spices",None,Does not contain
Chicken Fettuccine Alfredo,Chicken,None,Butter,"Cream, Parmesan cheese",Dairy,Contains
Chicken Fajitas,Chicken,None,Vegetable oil,Fajita seasoning,None,Does not contain
Chicken Fajitas,Chicken,None,Vegetable oil,Fajita seasoning,None,Does not contain
Sushi Bowl,Sushi rice,None,Soy sauce,"Raw fish, vegetables","Fish, Soybeans",Contains
Berry Parfait,Mixed berries,Sugar,"Yogurt (milk, cultures)",Granola,Dairy,Contains
Prawn Curry,Prawns,None,Coconut milk,Curry spices,"Shellfish, Dairy",Contains
Ratatouille Pasta,Pasta,None,Olive oil,Ratatouille vegetables,None,Does not contain
Beef Tacos,Ground beef,None,Vegetable oil,Taco seasoning,None,Does not contain
Chicken Biryani,Chicken,None,Ghee,"Basmati rice, spices",None,Does not contain
Beef Stroganoff,Beef,None,Sour cream,"Mushrooms, onions",Dairy,Contains
Wheat Bread,Wheat flour,None,None,Salt,Wheat,Contains
Cinnamon Rolls,Flour,Sugar,Butter,Cinnamon,"Wheat, Dairy",Contains
Chicken Noodle Soup,Chicken,None,Vegetable oil,"Noodles, vegetables",None,Does not contain
Palak Paneer,Spinach,None,Ghee,"Paneer, spices",Dairy,Contains
Tandoori Chicken,Chicken,None,Yogurt,Tandoori spices,Dairy,Contains
Wheat Bread,Wheat flour,None,None,Salt,Wheat,Contains
Cucumber Salad,Cucumbers,None,Olive oil,"Vinegar, herbs",None,Does not contain
Jalebi,Flour,Sugar,Ghee,Saffron syrup,"Wheat, Dairy",Contains
Beef Stroganoff,Beef,None,Sour cream,"Mushrooms, onions",Dairy,Contains
Chicken and Rice Soup,Chicken,None,Vegetable oil,"Rice, vegetables",None,Does not contain
Lemon Bars,Lemon juice,Sugar,Butter,"Flour, eggs","Wheat, Dairy, Eggs",Contains
Milk Chocolate,Sugar,Cocoa butter,Milk powder,Vanilla extract,Milk,Contains
Mashed Potatoes,Potatoes,None,Butter,"Salt, Pepper",Dairy,Contains
Caprese Salad,Tomatoes,None,Olive oil,"Mozzarella cheese, basil",Dairy,Contains
Lemon Garlic Shrimp,Shrimp,None,Olive oil,"Lemon juice, garlic",Shellfish,Contains
Caesar Salad,Romaine lettuce,None,Olive oil,Parmesan cheese,Dairy,Contains
Sweet Potato Fries,Sweet potatoes,None,Vegetable oil,"Salt, paprika",None,Does not contain
Pani Puri,Semolina,Tamarind,None,"Spiced water, chutney",None,Does not contain
Matar Paneer,Paneer,None,Ghee,"Peas, spices",Dairy,Contains
Chicken Biryani,Chicken,None,Ghee,"Basmati rice, spices",None,Does not contain
Apple Pie,Apples,Sugar,Butter,Cinnamon,"Wheat, Dairy",Contains
Tuna Sandwich,Tuna,Mayonnaise,None,"Salt, Pepper","Fish, Eggs",Contains
Cheese Pizza,Cheese,None,None,Tomato sauce,Dairy,Contains
Gazpacho,Tomatoes,None,Olive oil,"Garlic, herbs",None,Does not contain
Egg Salad,Eggs,Mayonnaise,None,"Celery, onion",Eggs,Contains
Butternut Squash Soup,Butternut squash,None,Butter,"Nutmeg, cream",Dairy,Contains
Pesto Chicken,Chicken,None,Pesto sauce,None,None,Does not contain
Samosa,Potatoes,None,Ghee,Spices,None,Contains
Quinoa Salad,Quinoa,None,Olive oil,"Lemon juice, herbs",None,Does not contain
Wheat Bread,Wheat flour,None,None,Salt,Wheat,Contains
Egg Salad,Eggs,Mayonnaise,None,"Celery, onion",Eggs,Contains
Apple Cider,Apples,Sugar,None,Cinnamon,None,Does not contain
Blueberry Muffins,Blueberries,Sugar,Butter,Flour,"Wheat, Dairy",Contains
Shrimp Scampi,Shrimp,None,Butter,"Garlic, lemon","Shellfish, Dairy",Contains
Honey Soy Glazed Salmon,Salmon,Honey,Soy sauce,"Garlic, ginger","Fish, Soybeans",Contains
Apple Crisp,Apples,Sugar,Butter,"Cinnamon, oats","Wheat, Dairy",Contains
Orange Juice,Oranges,Sugar,None,None,None,Does not contain
Watermelon Salad,Watermelon,None,None,"Feta cheese, mint",Dairy,Contains
Chole Kulche,Chickpeas,None,Ghee,"Kulcha bread, spices",None,Does not contain
Chicken Noodle Soup,Chicken,None,Vegetable oil,"Noodles, vegetables",None,Does not contain
Baked Chicken Wings,Chicken wings,None,Olive oil,Seasonings,None,Does not contain
Lentil Salad,Lentils,None,Olive oil,"Lemon juice, vegetables",None,Does not contain
Tandoori Chicken,Chicken,None,Yogurt,Tandoori spices,Dairy,Contains
Samosa,Potatoes,None,Ghee,Spices,None,Contains
Greek Moussaka,Eggplant,None,Olive oil,"Ground meat, potatoes",None,Does not contain
Mixed Berry Pie,Mixed berries,Sugar,Butter,Flour,"Wheat, Dairy",Contains
Gulab Jamun,Milk solids,Sugar,Ghee,Cardamom syrup,Dairy,Contains
Margherita Pizza,Pizza dough,None,Olive oil,"Mozzarella cheese, tomatoes, basil",Dairy,Contains
Ratatouille,Eggplant,None,Olive oil,Tomatoes,None,Does not contain
Stuffed Mushrooms,Mushrooms,None,None,"Cheese, breadcrumbs",Dairy,Contains
Sushi Rolls,Sushi rice,None,Soy sauce,"Nori (seaweed), fish","Soybeans, Fish",Contains
Mango Salsa,Mango,None,None,"Red onion, lime",None,Does not contain
Mushroom Risotto,Arborio rice,None,Butter,Mushroom,"Wheat, Dairy",Contains
Beef Stroganoff,Beef,None,Sour cream,"Mushroom, onion",Dairy,Contains
Stuffed Mushrooms,Mushrooms,None,None,"Cheese, breadcrumbs",Dairy,Contains
Ratatouille,Vegetables,None,Olive oil,"Herbs, garlic",None,Does not contain
Brussels Sprouts,Brussels sprouts,None,Olive oil,Balsamic glaze,None,Does not contain
Vanilla Cupcakes,Flour,Sugar,Butter,Vanilla extract,"Wheat, Dairy",Contains
Berry Smoothie,Mixed berries,Sugar,"Yogurt (milk, cultures)",None,Dairy,Contains
Orange Juice,Oranges,Sugar,None,None,None,Does not contain
Oatmeal,Oats,Sugar,Milk,Cinnamon,"Oats, Dairy",Contains
Fish Sticks,Fish fillets,None,Vegetable oil,Salt,Fish,Contains
Cabbage Rolls,Cabbage,None,Olive oil,"Ground meat, rice",None,Does not contain
Beef and Mushroom Stir-Fry,Beef,None,Vegetable oil,Soy sauce,None,Does not contain
Beef Wellington,Beef,None,Butter,"Mushrooms, puff pastry","Wheat, Dairy",Contains
Chicken Noodle Soup,Chicken,None,Vegetable oil,"Noodles, vegetables",None,Does not contain
Lobster Roll,Lobster,None,Mayonnaise,"Celery, lemon juice","Shellfish, Eggs",Contains
Baked Ziti,Pasta,None,Cheese,Tomato sauce,"Wheat, Dairy",Contains
Blueberry Muffins,Blueberries,Sugar,Butter,Flour,"Wheat, Dairy",Contains
Mixed Berry Pie,Mixed berries,Sugar,Butter,Flour,"Wheat, Dairy",Contains
Vanilla Cupcakes,Flour,Sugar,Butter,Vanilla extract,"Wheat, Dairy",Contains
Greek Salad,Cucumbers,None,Olive oil,"Feta cheese, olives",Dairy,Contains
Carrot Cake,Carrots,Sugar,Vegetable oil,Cinnamon,"Wheat, Dairy",Contains
Oatmeal Raisin Cookies,Oats,Sugar,Butter,Flour,"Wheat, Dairy",Contains
Strawberry Spinach Salad,Spinach,None,None,"Strawberries, vinaigrette",None,Does not contain
Beef Chili,Ground beef,None,None,Chili powder,None,Does not contain
Stuffed Portobello Mushrooms,Portobello mushrooms,None,None,"Cheese, breadcrumbs",Dairy,Contains
Vanilla Cupcakes,Flour,Sugar,Butter,Vanilla extract,"Wheat, Dairy",Contains
Stuffed Bell Peppers,Bell peppers,None,Olive oil,"Ground meat, rice",None,Does not contain
Chicken Curry,Chicken,None,Vegetable oil,Curry powder,None,Does not contain
Beef Wellington,Beef,None,Butter,"Mushrooms, puff pastry","Wheat, Dairy",Contains
Blueberry Muffins,Blueberries,Sugar,Butter,Flour,"Wheat, Dairy",Contains
Gulab Jamun,Milk solids,Sugar,Ghee,Cardamom syrup,Dairy,Contains
Mango Coconut Popsicles,Mango,Sugar,Coconut milk,None,None,Does not contain
Greek Yogurt,"Yogurt (milk, cultures)",None,None,None,Dairy,Contains
Vanilla Ice Cream,Milk,Sugar,Cream,Vanilla extract,Milk,Contains
Ratatouille Tart,Vegetables,None,Olive oil,"Puff pastry, herbs",None,Does not contain
Margherita Pasta,Pasta,None,Olive oil,"Fresh tomatoes, mozzarella",Dairy,Contains
Stuffed Tomatoes,Tomatoes,None,None,"Herbs, breadcrumbs",None,Does not contain
Chicken Caesar Salad,Chicken,None,Caesar dressing,"Romaine lettuce, croutons","Wheat, Dairy",Contains
Pineapple Upside-Down Cake,Pineapple,Sugar,Butter,Flour,"Wheat, Dairy",Contains
Ratatouille,Eggplant,None,Olive oil,"Tomatoes, zucchini",None,Does not contain
Stuffed Bell Peppers,Bell peppers,None,Olive oil,"Ground meat, rice",None,Does not contain
Avocado Toast,Avocado,None,Olive oil,"Salt, pepper",None,Does not contain
Chicken Fajitas,Chicken,None,Vegetable oil,Fajita seasoning,None,Does not contain
Chicken Noodle Casserole,Chicken,None,Butter,"Noodles, vegetables",Wheat,Contains
Lemon Garlic Shrimp,Shrimp,None,Olive oil,"Lemon juice, garlic",Shellfish,Contains
Stuffed Bell Peppers,Bell peppers,None,Olive oil,"Ground meat, rice",None,Does not contain
Biryani,Rice,None,Ghee,"Biryani masala, spices",None,Does not contain
Miso Soup,Miso paste,None,None,"Tofu, seaweed",Soybeans,Contains
Mutton Biryani,Mutton,None,Ghee,"Basmati rice, spices",None,Does not contain
Lemon Herb Roasted Chicken,Chicken,None,Olive oil,"Lemon, herbs",None,Does not contain
Tandoori Chicken,Chicken,None,Yogurt,Tandoori spices,Dairy,Contains
Brussels Sprouts,Brussels sprouts,None,Olive oil,Balsamic glaze,None,Does not contain
Margherita Pasta,Pasta,None,Olive oil,"Fresh tomatoes, mozzarella",Dairy,Contains
Berry Parfait,Berries,Honey,Yogurt,Granola,Dairy,Contains
Orange Juice,Oranges,Sugar,None,None,None,Does not contain
Chana Masala,Chickpeas,None,Oil,Masala spices,None,Does not contain
Caprese Salad,Tomatoes,None,Olive oil,"Mozzarella cheese, basil",Dairy,Contains
Veggie Burger,Mixed vegetables,None,Vegetable oil,Seasonings,None,Does not contain
Rasgulla,Paneer,Sugar,None,"Rose water, syrup",Dairy,Contains
Berry Parfait,Berries,Honey,Yogurt,Granola,Dairy,Contains
French Fries,Potatoes,None,Vegetable oil,Salt,None,Does not contain
Milk Chocolate,Sugar,Cocoa butter,Milk powder,Vanilla extract,Milk,Contains
Dahi Vada,Lentil dumplings,None,Yogurt,"Tamarind chutney, spices",Dairy,Contains
Tomato Soup,Tomatoes,None,None,"Salt, Sugar",None,Does not contain
Vegetable Lasagna,Vegetables,None,Olive oil,"Tomato sauce, cheese","Wheat, Dairy",Contains
Greek Salad,Cucumber,None,Olive oil,Lemon juice,None,Does not contain
Stuffed Tomatoes,Tomatoes,None,None,"Herbs, breadcrumbs",None,Does not contain
Tuna Sandwich,Tuna,Mayonnaise,None,"Salt, Pepper","Fish, Eggs",Contains
Baked Ziti,Pasta,None,Cheese,Tomato sauce,"Wheat, Dairy",Contains
Caprese Skewers,Tomatoes,None,Olive oil,"Mozzarella cheese, basil",Dairy,Contains
Avocado Toast,Avocado,None,Olive oil,"Salt, pepper",None,Does not contain
Caprese Skewers,Tomatoes,None,Olive oil,"Mozzarella cheese, basil",Dairy,Contains
Caesar Salad,Romaine lettuce,None,Olive oil,Caesar dressing,Dairy,Contains
Caramelized Onions,Onions,Sugar,Butter,None,None,Does not contain
Ratatouille Pizza,Pizza dough,None,Olive oil,Ratatouille vegetables,None,Does not contain
Jalebi,Flour,Sugar,Ghee,Saffron syrup,"Wheat, Dairy",Contains
Caramel Apple,Apples,Caramel,None,None,None,Does not contain
Chicken Curry,Chicken,None,Vegetable oil,Curry powder,None,Does not contain
Apple,Apples,None,None,None,None,Does not contain
Greek Lemon Potatoes,Potatoes,None,Olive oil,"Lemon juice, herbs",None,Does not contain
Oatmeal Raisin Cookies,Oats,Sugar,Butter,Flour,"Wheat, Dairy",Contains
Spinach Artichoke Dip,Spinach,None,"Cream cheese, sour cream","Parmesan cheese, garlic",Dairy,Contains
Caramel Popcorn,Popcorn,Sugar,Butter,Salt,Dairy,Contains
Greek Spanakopita,Spinach,None,Olive oil,"Feta cheese, phyllo dough",Dairy,Contains
Apple Crisp,Apples,Sugar,Butter,Cinnamon,"Wheat, Dairy",Contains
Mango Coconut Popsicles,Mango,Sugar,Coconut milk,None,None,Does not contain
Lentil Soup,Lentils,None,Olive oil,Vegetables,None,Does not contain
Ratatouille Tart,Vegetables,None,Olive oil,"Puff pastry, herbs",None,Does not contain
Baked Apple,Apples,Sugar,Butter,"Cinnamon, oats","Wheat, Dairy",Contains
Sushi Bowl,Sushi rice,None,Soy sauce,"Raw fish, vegetables","Fish, Soybeans",Contains
Baked Apple,Apples,Sugar,Butter,"Cinnamon, oats","Wheat, Dairy",Contains
Buffalo Wings,Chicken wings,None,Vegetable oil,Buffalo sauce,None,Does not contain
Spinach and Feta Stuffed Chicken,Chicken,None,Olive oil,"Spinach, feta cheese",Dairy,Contains
Stuffed Cabbage Rolls,Cabbage,None,Olive oil,"Ground meat, rice",None,Does not contain
Ratatouille Pizza,Pizza dough,None,Olive oil,Ratatouille vegetables,None,Does not contain
Baked Ziti,Pasta,None,None,"Tomato sauce, cheese","Wheat, Dairy",Contains
Mushroom Risotto,Mushrooms,None,Butter,"Arborio rice, Parmesan cheese",Dairy,Contains
Chicken Alfredo,Chicken,None,Butter,"Cream, Parmesan cheese",Dairy,Contains
Malai Chicken Tikka,Chicken,None,Cream,Spices,Dairy,Contains
Beef Stir-Fry,Beef,None,Vegetable oil,Soy sauce,None,Does not contain
Beef Wellington,Beef,None,Butter,"Mushrooms, puff pastry","Wheat, Dairy",Contains
Chicken Tikka Masala,Chicken,None,Ghee,Tikka masala sauce,"Dairy, Ghee",Contains
Sweet Potato Casserole,Sweet potatoes,Brown sugar,Butter,"Cinnamon, nutmeg","Dairy, Nuts",Contains
Caramel Apple,Apples,Caramel,None,None,None,Does not contain
Pineapple Upside-Down Cake,Pineapple,Sugar,Butter,Flour,"Wheat, Dairy",Contains
Chicken Fajitas,Chicken,None,Vegetable oil,Fajita seasoning,None,Does not contain
Caesar Salad Wrap,Romaine lettuce,None,Caesar dressing,"Parmesan cheese, croutons","Wheat, Dairy",Contains
Peanut Butter,Peanuts,Sugar,Vegetable oil,Salt,Peanuts,Contains
Teriyaki Salmon,Salmon fillet,Sugar,Soy sauce,"Ginger, garlic","Fish, Soybeans",Contains
Caesar Salad Wrap,Grilled chicken,None,Caesar dressing,"Lettuce, Parmesan cheese",Dairy,Contains
Lemon Garlic Shrimp,Shrimp,None,Olive oil,"Lemon juice, garlic",Shellfish,Contains
Blueberry Pancakes,Flour,Sugar,Butter,Blueberries,"Wheat, Dairy",Contains
Baked Garlic Parmesan Chicken,Chicken,None,Butter,"Parmesan cheese, garlic",Dairy,Contains
Brussels Sprouts,Brussels sprouts,None,Olive oil,Balsamic glaze,None,Does not contain
Lemon Garlic Shrimp,Shrimp,None,Olive oil,"Lemon juice, garlic",Shellfish,Contains
Pesto Pasta,Pasta,None,Olive oil,"Basil, garlic",None,Does not contain
Tofu Stir-Fry,Tofu,None,Vegetable oil,Soy sauce,Soybeans,Contains
Chicken and Rice Soup,Chicken,None,Vegetable oil,"Rice, vegetables",None,Does not contain
Sausage Pizza,Sausage,None,None,Mozzarella cheese,None,Does not contain
Caprese Sandwich,Tomatoes,None,Olive oil,"Mozzarella cheese, basil",Dairy,Contains
Tandoori Chicken,Chicken,None,Yogurt,Tandoori spices,Dairy,Contains
Cucumber Salad,Cucumber,None,Olive oil,"Lemon juice, dill",None,Does not contain
Chicken Caesar Salad,Chicken,None,Caesar dressing,"Romaine lettuce, croutons","Wheat, Dairy",Contains
Strawberry Smoothie,Strawberries,Sugar,Yogurt,Milk,Dairy,Contains
Vegetable Soup,Mixed vegetables,None,Olive oil,Seasonings,None,Does not contain
Cucumber Salad,Cucumbers,None,Olive oil,"Vinegar, herbs",None,Does not contain
Beef Tacos,Beef,None,Vegetable oil,Taco seasoning,None,Does not contain
Blueberry Muffins,Flour,Sugar,Butter,Blueberries,"Wheat, Dairy",Contains
Chicken Enchiladas,Chicken,None,Enchilada sauce,"Cheese, tortillas","Wheat, Dairy",Contains
Spinach Salad,Spinach,None,Olive oil,Balsamic vinegar,None,Does not contain
Caesar Salad Wrap,Romaine lettuce,None,Caesar dressing,"Parmesan cheese, croutons","Wheat, Dairy",Contains
Tiramisu,Ladyfingers,Sugar,"Mascarpone cheese, coffee liqueur",Cocoa powder,"Wheat, Dairy, Alcohol",Contains
Watermelon Salad,Watermelon,None,None,"Feta cheese, mint",Dairy,Contains
Milk Chocolate,Sugar,Cocoa butter,Milk powder,Vanilla extract,Milk,Contains
Pani Puri,Semolina,Tamarind,None,"Spiced water, chutney",None,Does not contain
Quiche,Eggs,None,Cheese,Vegetables,"Eggs, Dairy",Contains
Fish Sticks,Fish fillets,None,Vegetable oil,Salt,Fish,Contains
Chicken Curry,Chicken,None,Oil,Curry spices,None,Does not contain
Lemonade,Lemon juice,Sugar,Water,None,None,Does not contain
Apple Pie,Apples,Sugar,Butter,Cinnamon,"Wheat, Dairy",Contains
Spinach Stuffed Chicken,Chicken,None,Olive oil,"Spinach, garlic",None,Does not contain
Honey Mustard Chicken,Chicken,Honey,Olive oil,"Mustard, herbs",None,Does not contain
Miso Soup,Miso paste,None,None,"Tofu, seaweed",Soybeans,Contains
Roasted Brussels Sprouts,Brussels sprouts,None,Olive oil,Balsamic glaze,None,Does not contain
Greek Yogurt,"Yogurt (milk, cultures)",None,None,None,Dairy,Contains
Spinach Artichoke Dip,Spinach,None,"Cream cheese, sour cream","Parmesan cheese, garlic",Dairy,Contains
Chana Masala,Chickpeas,None,Oil,Masala spices,None,Does not contain
Vegetable Soup,Mixed vegetables,None,Olive oil,Seasonings,None,Does not contain
Lobster Bisque,Lobster,None,Butter,"Cream, brandy","Shellfish, Dairy",Contains
Sweet and Sour Chicken,Chicken,Sugar,Vegetable oil,"Pineapple, bell peppers",None,Does not contain
Stuffed Bell Peppers,Bell peppers,None,Olive oil,"Ground meat, rice",None,Does not contain
Caramelized Onions,Onions,Sugar,Butter,None,None,Does not contain
Lemon Garlic Shrimp,Shrimp,None,Olive oil,"Lemon juice, garlic",Shellfish,Contains
Baked Garlic Parmesan Chicken,Chicken,None,Butter,"Parmesan cheese, garlic",Dairy,Contains
Cinnamon Rolls,Dough,Sugar,Butter,"Cinnamon, icing","Wheat, Dairy",Contains
Gulab Jamun,Milk solids,Sugar,Ghee,Cardamom syrup,Dairy,Contains
Lentil Salad,Lentils,None,Olive oil,"Lemon juice, vegetables",None,Does not contain
Pancetta Pasta,Pasta,None,Pancetta,"Garlic, herbs",None,Does not contain
Beef and Broccoli,Beef,None,Vegetable oil,Soy sauce,None,Does not contain
Butternut Squash Soup,Butternut squash,None,Butter,Vegetable broth,Dairy,Contains
Mixed Berry Pie,Mixed berries,Sugar,Butter,Flour,"Wheat, Dairy",Contains
Pumpkin Pie,Pumpkin,Sugar,Butter,"Pumpkin spice, pastry","Wheat, Dairy",Contains
Beef Burritos,Beef,None,Vegetable oil,Burrito seasoning,None,Does not contain
Buffalo Wings,Chicken wings,None,Vegetable oil,Buffalo sauce,None,Does not contain
Caesar Shrimp Skewers,Shrimp,None,Olive oil,Caesar dressing,"Shellfish, Dairy",Contains
Caprese Salad,Tomatoes,None,Olive oil,"Mozzarella cheese, basil",Dairy,Contains
Oatmeal Raisin Cookies,Oats,Sugar,Butter,Flour,"Wheat, Dairy",Contains
Ratatouille Tart,Vegetables,None,Olive oil,"Puff pastry, herbs",None,Does not contain
Baked Salmon,Salmon,None,Olive oil,"Lemon, herbs",Fish,Contains
Banana Smoothie,Bananas,Honey,"Yogurt (milk, cultures)",None,Dairy,Contains
Pancakes,Flour,Sugar,Butter,Baking powder,"Wheat, Dairy",Contains
Chicken Alfredo Pizza,Pizza dough,None,None,"Chicken, Alfredo sauce","Wheat, Dairy",Contains
Ratatouille Pasta,Pasta,None,Olive oil,Ratatouille vegetables,None,Does not contain
Tuna Salad,Tuna,Mayonnaise,None,"Celery, onion","Fish, Eggs",Contains
Lemon Bars,Flour,Sugar,Butter,Lemon juice,"Wheat, Dairy",Contains
Banana Smoothie,Bananas,Honey,"Yogurt (milk, cultures)",None,Dairy,Contains
Baked Apple,Apples,Sugar,Butter,"Cinnamon, oats","Wheat, Dairy",Contains
Cucumber Salad,Cucumbers,None,Olive oil,"Vinegar, herbs",None,Does not contain
Honey Soy Glazed Salmon,Salmon,Honey,Soy sauce,"Garlic, ginger","Fish, Soybeans",Contains
Biryani,Rice,None,Ghee,"Biryani masala, spices",None,Does not contain
Butternut Squash Soup,Butternut squash,None,Butter,"Nutmeg, cream",Dairy,Contains
Dal Makhani,Lentils,None,Ghee,"Cream, spices",Dairy,Contains
Tiramisu,Ladyfingers,Sugar,"Mascarpone cheese, coffee liqueur",Cocoa powder,"Wheat, Dairy, Alcohol",Contains
Chicken Tikka Masala,Chicken,Sugar,Ghee,"Tomato sauce, cream",Dairy,Contains
Chicken Noodle Soup,Chicken,None,Vegetable oil,"Noodles, vegetables",None,Does not contain
Quinoa Salad,Quinoa,None,Olive oil,"Lemon juice, vegetables",None,Does not contain
Soy Milk,Soybeans,Sugar,None,Emulsifiers,Soybeans,Contains
Beef and Broccoli,Beef,None,Vegetable oil,Soy sauce,None,Does not contain
Cinnamon Rolls,Flour,Sugar,Butter,Cinnamon,"Wheat, Dairy",Contains
Pancakes,Flour,Sugar,Butter,Baking powder,"Wheat, Dairy",Contains
Bacon-Wrapped Shrimp,Shrimp,None,Bacon,Seasonings,"Shellfish, Pork",Contains
French Onion Soup,Onions,None,Butter,"Beef broth, cheese, bread","Dairy, Wheat",Contains
Pancake Stack,Flour,Sugar,Butter,Maple syrup,"Wheat, Dairy",Contains
Caesar Salad,Romaine lettuce,None,Olive oil,Caesar dressing,Dairy,Contains
Rice Pudding,Rice,Sugar,Milk,"Cinnamon, raisins","Rice, Dairy",Contains
Caesar Salad Wrap,Romaine lettuce,None,Caesar dressing,"Parmesan cheese, croutons","Wheat, Dairy",Contains
Lemon Garlic Chicken,Chicken,None,Olive oil,"Lemon juice, garlic",None,Does not contain
Wheat Bread,Wheat flour,None,None,Salt,Wheat,Contains
Ratatouille Pasta,Pasta,None,Olive oil,Ratatouille vegetables,None,Does not contain
Vada Pav,Potato,None,Oil,"Pav bun, chutney",None,Does not contain
Sweet Potato Casserole,Sweet potatoes,Brown sugar,Butter,"Cinnamon, nutmeg","Dairy, Nuts",Contains
Vegetable Lasagna,Vegetables,None,Olive oil,"Tomato sauce, cheese","Wheat, Dairy",Contains
Tuna Sandwich,Tuna,Mayonnaise,None,"Salt, Pepper","Fish, Eggs",Contains
Prawn Biryani,Prawns,None,Ghee,"Basmati rice, spices",Shellfish,Contains
Honey Glazed Carrots,Carrots,Honey,Butter,None,None,Does not contain
Chicken Noodle Soup,Chicken,None,Vegetable oil,"Noodles, vegetables",None,Does not contain
Beef Stir-Fry,Beef,None,Vegetable oil,Soy sauce,None,Does not contain
Chocolate Mousse,Chocolate,Sugar,Heavy cream,Vanilla extract,Dairy,Contains
Sweet and Sour Chicken,Chicken,Sugar,Vegetable oil,"Pineapple, bell peppers",None,Does not contain
Ratatouille,Eggplant,None,Olive oil,Tomatoes,None,Does not contain
Coconut Curry,Chicken,None,Coconut milk,Curry paste,None,Does not contain
Masala Dosa,Rice,None,Oil,"Potato masala, spices",None,Does not contain
S'mores,Graham crackers,Marshmallows,Chocolate,None,"Wheat, Dairy",Contains
Baked Chicken Wings,Chicken wings,None,Olive oil,Seasonings,None,Does not contain
Apple Pie,Apples,Sugar,Butter,"Cinnamon, pastry","Wheat, Dairy",Contains
Chicken Tikka Masala,Chicken,None,Ghee,Tikka masala sauce,"Dairy, Ghee",Contains
Chicken Parmesan,Chicken,None,Olive oil,"Tomato sauce, cheese","Wheat, Dairy",Contains
Soy Milk,Soybeans,Sugar,None,Emulsifiers,Soybeans,Contains
Tandoori Chicken,Chicken,None,Yogurt,Tandoori spices,Dairy,Contains
French Onion Soup,Onions,None,Butter,"Beef broth, cheese, bread","Dairy, Wheat",Contains
Shrimp Scampi,Shrimp,None,Butter,"Garlic, lemon",Shellfish,Contains
Chicken Tikka Masala,Chicken,None,Ghee,Tikka masala sauce,"Dairy, Ghee",Contains
Beef and Broccoli,Beef,None,Vegetable oil,Soy sauce,None,Does not contain
Tuna Sandwich,Tuna,Mayonnaise,None,"Salt, Pepper","Fish, Eggs",Contains
Onion Rings,Onions,None,Vegetable oil,Flour,Wheat,Contains
Ratatouille Tart,Vegetables,None,Olive oil,"Puff pastry, herbs",None,Does not contain
Greek Salad,Cucumber,None,Olive oil,Lemon juice,None,Does not contain
Vada Pav,Potato,None,Oil,"Pav bun, chutney",None,Does not contain
Lemon Poppy Seed Muffins,Flour,Sugar,Butter,"Lemon zest, poppy seeds","Wheat, Dairy",Contains
Pesto Chicken,Chicken,None,Olive oil,Pesto sauce,"Pine nuts, Dairy",Contains
Beef Wellington,Beef,None,Butter,"Mushrooms, puff pastry","Wheat, Dairy",Contains
Cinnamon Rolls,Dough,Sugar,Butter,"Cinnamon, icing","Wheat, Dairy",Contains
Tofu Curry,Tofu,None,Coconut milk,Curry paste,None,Does not contain
Mushroom Risotto,Arborio rice,None,Butter,Mushroom,"Wheat, Dairy",Contains
Garlic Shrimp,Shrimp,None,Olive oil,Garlic,Shellfish,Contains
Mango Salsa,Mango,None,None,"Lime juice, cilantro",None,Does not contain
French Onion Soup,Onions,None,Butter,"Beef broth, cheese, bread","Dairy, Wheat",Contains
Hawaiian Pizza,Pizza dough,None,None,"Pineapple, ham","Wheat, Pork, Dairy",Contains
Vanilla Yogurt,"Yogurt (milk, cultures)",Sugar,None,Vanilla extract,Milk,Contains
Lobster Roll,Lobster,None,Mayonnaise,"Celery, lemon juice","Shellfish, Eggs",Contains
Caprese Salad,Tomatoes,None,Olive oil,"Mozzarella cheese, basil",Dairy,Contains
Greek Moussaka,Eggplant,None,Olive oil,"Ground meat, potatoes",None,Does not contain
Egg Fried Rice,Eggs,None,Sesame oil,Soy sauce,"Eggs, Soybeans",Contains
Lemon Garlic Shrimp,Shrimp,None,Olive oil,"Lemon juice, garlic",Shellfish,Contains
Teriyaki Salmon,Salmon,None,Vegetable oil,Teriyaki sauce,Fish,Contains
Ratatouille Pasta,Pasta,None,Olive oil,Ratatouille vegetables,None,Does not contain
Stuffed Bell Peppers,Bell peppers,None,Olive oil,"Ground meat, rice",None,Does not contain
Tofu Scramble,Tofu,None,Vegetable oil,"Turmeric, spices",Soybeans,Contains
Malai Chicken Tikka,Chicken,None,Cream,Spices,Dairy,Contains
Berry Smoothie,Mixed berries,Sugar,"Yogurt (milk, cultures)",None,Dairy,Contains
Garlic Bread,Bread,None,Butter,Garlic,"Wheat, Dairy",Contains
Strawberry Smoothie,Strawberries,Honey,"Yogurt (milk, cultures)",None,Dairy,Contains
Chicken Alfredo Pizza,Pizza dough,None,None,"Chicken, Alfredo sauce","Wheat, Dairy",Contains
Egg Salad Sandwich,Eggs,Mayonnaise,None,"Celery, mustard","Eggs, Mustard",Contains
Chicken Piccata,Chicken,None,Butter,"Lemon, capers","Dairy, Fish",Contains
Chicken Quesadilla,Chicken,None,Butter,Cheese,"Wheat, Dairy",Contains
Aloo Gobi,Potatoes,None,Oil,"Cauliflower, spices",None,Does not contain
Ratatouille,Vegetables,None,Olive oil,"Herbs, garlic",None,Does not contain
Soy Milk,Soybeans,Sugar,None,Emulsifiers,Soybeans,Contains
Egg Salad,Eggs,Mayonnaise,None,"Celery, onion",Eggs,Contains
Chicken Quesadilla,Chicken,None,Butter,Cheese,"Wheat, Dairy",Contains
Beef Tacos,Ground beef,None,Vegetable oil,Taco seasoning,None,Does not contain
Salsa,Tomatoes,None,None,"Onion, cilantro",None,Does not contain
Chicken Malai Tikka,Chicken,None,Cream,Spices,Dairy,Contains
Strawberry Yogurt,"Yogurt (milk, cultures)",Sugar,None,Pectin,"Milk, Strawberries",Contains
Lemon Garlic Chicken,Chicken,None,Olive oil,"Lemon juice, garlic",None,Does not contain
Teriyaki Beef,Beef,None,Soy sauce,"Teriyaki sauce, vegetables",Soybeans,Contains
Pesto Pizza,Pesto sauce,None,None,"Mozzarella cheese, basil",Dairy,Contains
Fish Sticks,Fish fillets,None,Vegetable oil,Salt,Fish,Contains
Zucchini Bread,Zucchini,Sugar,Butter,"Cinnamon, nuts","Wheat, Dairy, Nuts",Contains
Baked Salmon,Salmon,None,Olive oil,"Lemon, herbs",Fish,Contains
Caesar Wrap,Grilled chicken,None,Caesar dressing,"Lettuce, Parmesan cheese",Dairy,Contains
Gulab Jamun,Milk solids,Sugar,Ghee,Cardamom syrup,Dairy,Contains
Miso Soup,Miso paste,None,None,"Tofu, seaweed",Soybeans,Contains
Fish Sticks,Fish fillets,None,Vegetable oil,Salt,Fish,Contains
Pesto Chicken,Chicken,None,Olive oil,Pesto sauce,"Pine nuts, Dairy",Contains
Vanilla Ice Cream,Milk,Sugar,Cream,Vanilla extract,Milk,Contains
Margherita Pizza,Cheese,None,None,"Tomato sauce, basil",Dairy,Contains
Cucumber Salad,Cucumbers,None,Olive oil,"Vinegar, herbs",None,Does not contain
Greek Gyro,Lamb/Chicken,None,None,"Tzatziki sauce, vegetables","Dairy, Wheat",Contains
Avocado Toast,Avocado,None,Olive oil,"Salt, pepper",None,Does not contain
Mixed Berry Pie,Mixed berries,Sugar,Butter,Flour,"Wheat, Dairy",Contains
Cucumber Salad,Cucumbers,None,Olive oil,"Vinegar, herbs",None,Does not contain
Caesar Salad Wrap,Grilled chicken,None,Caesar dressing,"Lettuce, Parmesan cheese",Dairy,Contains
Zucchini Bread,Zucchini,Sugar,Butter,"Cinnamon, nuts","Wheat, Dairy, Nuts",Contains
Veggie Omelette,Mixed vegetables,None,Olive oil,"Salt, pepper",None,Does not contain
Strawberry Yogurt,"Yogurt (milk, cultures)",Sugar,None,Pectin,"Milk, Strawberries",Contains
Chicken Parmesan,Chicken,None,"Bread crumbs, Parmesan cheese",Marinara sauce,Dairy,Contains
Greek Spanakopita,Spinach,None,Olive oil,"Feta cheese, phyllo dough",Dairy,Contains
Samosa,Potatoes,None,Ghee,Spices,None,Contains
Tofu Curry,Tofu,None,Coconut milk,Curry paste,None,Does not contain
Baked Brie,Brie cheese,None,None,"Herbs, nuts","Dairy, Nuts",Contains
Fish Sticks,Fish fillets,None,Vegetable oil,Salt,Fish,Contains
Greek Lemon Potatoes,Potatoes,None,Olive oil,"Lemon juice, herbs",None,Does not contain
Zucchini Noodles,Zucchini,None,Olive oil,"Garlic, herbs",None,Does not contain
Cucumber Salad,Cucumbers,None,Olive oil,"Vinegar, herbs",None,Does not contain
Lemon Poppy Seed Muffins,Flour,Sugar,Butter,"Lemon zest, poppy seeds","Wheat, Dairy",Contains
Caprese Salad,Tomatoes,None,Olive oil,"Mozzarella cheese, basil",Dairy,Contains
Chicken Alfredo Pizza,Pizza dough,None,None,"Chicken, Alfredo sauce","Wheat, Dairy",Contains
Green Smoothie,Spinach,Honey,Avocado,Almond milk,None,Does not contain
Butter Chicken,Chicken,Sugar,Butter,"Tomato sauce, cream",Dairy,Contains
Greek Yogurt Parfait,Greek yogurt,Honey,None,"Granola, mixed berries",Dairy,Contains
Stuffed Tomatoes,Tomatoes,None,None,"Herbs, breadcrumbs",None,Does not contain
Mango Lassi,Mango,Sugar,"Yogurt (milk, cultures)",Cardamom,Dairy,Contains
Chicken and Rice Soup,Chicken,None,Vegetable oil,"Rice, vegetables",None,Does not contain
Spaghetti Bolognese,Ground beef,Sugar,Olive oil,Tomato sauce,None,Contains
Cilantro Lime Chicken,Chicken,None,Olive oil,"Cilantro, lime",None,Does not contain
Orange Juice,Oranges,Sugar,None,None,None,Does not contain
Teriyaki Salmon,Salmon fillet,Sugar,Soy sauce,"Ginger, garlic","Fish, Soybeans",Contains
Apple Pie,Apples,Sugar,Butter,"Cinnamon, pastry","Wheat, Dairy",Contains
Palak Paneer,Spinach,None,Ghee,"Paneer, spices",Dairy,Contains
Honey Soy Glazed Salmon,Salmon,Honey,Soy sauce,"Garlic, ginger","Fish, Soybeans",Contains
Tofu Stir-Fry,Tofu,None,Vegetable oil,Soy sauce,Soybeans,Contains
Ratatouille Pasta,Pasta,None,Olive oil,Ratatouille vegetables,None,Does not contain
Spinach and Feta Stuffed Chicken,Chicken,None,Olive oil,"Spinach, feta cheese",Dairy,Contains
BBQ Ribs,Pork ribs,Brown sugar,Vegetable oil,BBQ sauce,None,Contains
Carrot Cake,Carrots,Sugar,Vegetable oil,Cinnamon,"Wheat, Dairy",Contains
Chocolate Mousse,Chocolate,Sugar,Heavy cream,Vanilla extract,Dairy,Contains
Beef Tacos,Beef,None,Vegetable oil,Taco seasoning,None,Does not contain
Sushi Rolls,Sushi rice,None,Soy sauce,"Nori (seaweed), fish","Soybeans, Fish",Contains
Beef and Mushroom Stir-Fry,Beef,None,Vegetable oil,Soy sauce,None,Does not contain
Aloo Gobi,Potatoes,None,Oil,"Cauliflower, spices",None,Does not contain
Chicken Fajitas,Chicken,None,Vegetable oil,Fajita seasoning,None,Does not contain
Chana Masala,Chickpeas,None,Oil,Masala spices,None,Does not contain
Chicken Satay,Chicken,None,Peanut oil,"Satay sauce, spices",Peanuts,Contains
Apple Crisp,Apples,Sugar,Butter,"Cinnamon, oats","Wheat, Dairy",Contains
Dal Makhani,Lentils,None,Ghee,"Cream, spices",Dairy,Contains
Watermelon Salad,Watermelon,None,None,"Feta cheese, mint",Dairy,Contains
Shrimp Fried Rice,Shrimp,None,Vegetable oil,Soy sauce,"Shellfish, Soybeans",Contains
Stuffed Tomatoes,Tomatoes,None,None,"Herbs, breadcrumbs",None,Does not contain
Berry Cobbler,Mixed berries,Sugar,Butter,Flour,"Wheat, Dairy",Contains
Chicken Fajitas,Chicken,None,Vegetable oil,Fajita seasoning,None,Does not contain
Caprese Salad,Tomatoes,None,Olive oil,"Mozzarella cheese, basil",Dairy,Contains
Mango Salsa,Mango,None,None,"Red onion, lime",None,Does not contain
Tandoori Chicken,Chicken,None,Yogurt,Tandoori spices,Dairy,Contains
Caesar Salad,Romaine lettuce,None,Olive oil,Parmesan cheese,Dairy,Contains
Cheese Pizza,Cheese,None,None,Tomato sauce,Dairy,Contains
Lobster Roll,Lobster,None,Mayonnaise,"Celery, lemon juice","Shellfish, Eggs",Contains
Beef Tacos,Ground beef,None,Vegetable oil,Taco seasoning,None,Does not contain
Banana Bread,Bananas,Sugar,Butter,Flour,"Wheat, Dairy",Contains
Caramel Apple,Apples,Caramel,None,None,None,Does not contain
Chicken Enchiladas,Chicken,None,Enchilada sauce,"Cheese, tortillas","Wheat, Dairy",Contains
Chicken Noodle Soup,Chicken broth,None,None,Salt,"Chicken, Wheat, Celery",Contains
Soy Milk,Soybeans,Sugar,None,Emulsifiers,Soybeans,Contains
Ratatouille,Vegetables,None,Olive oil,Herbs,None,Does not contain
Orange Juice,Oranges,Sugar,None,None,None,Does not contain
Stuffed Mushrooms,Mushrooms,None,None,"Cheese, breadcrumbs",Dairy,Contains
Chocolate Chip Cookies,Flour,Sugar,Butter,Chocolate chips,"Wheat, Dairy",Contains
Tomato Soup,Tomatoes,None,None,"Salt, Sugar",None,Does not contain
Zucchini Noodles with Pesto,Zucchini,None,Olive oil,Pesto sauce,"Pine nuts, Dairy",Contains
Baked Salmon,Salmon,None,Olive oil,"Lemon, herbs",Fish,Contains
Honey Mustard Chicken,Chicken,Honey,Olive oil,"Mustard, herbs",None,Does not contain
Coconut Curry,Chicken,None,Coconut milk,Curry paste,None,Does not contain
Cheddar Cheese,Cheese,None,None,Salt,Dairy,Contains
Tiramisu,Ladyfingers,Sugar,Mascarpone cheese,"Coffee, cocoa","Wheat, Dairy",Contains
Vanilla Ice Cream,Milk,Sugar,Cream,Vanilla extract,Milk,Contains
Chole Bhature,Chickpeas,Sugar,Ghee,"Chole masala, spices",None,Does not contain
Zucchini Bread,Zucchini,Sugar,Vegetable oil,Flour,Wheat,Contains
Lemon Poppy Seed Muffins,Flour,Sugar,Butter,"Lemon zest, poppy seeds","Wheat, Dairy",Contains
Gulab Jamun,Milk solids,Sugar,Ghee,Cardamom syrup,Dairy,Contains
Banana Bread,Bananas,Sugar,Butter,"Cinnamon, nuts","Wheat, Dairy, Nuts",Contains
Chicken Fajitas,Chicken,None,Vegetable oil,Fajita seasoning,None,Does not contain
Samosa,Potatoes,None,Ghee,Spices,None,Contains
Chicken Caesar Salad,Chicken breast,None,Olive oil,Parmesan cheese,"Dairy, Anchovies",Contains
Cucumber Salad,Cucumbers,None,Olive oil,"Vinegar, herbs",None,Does not contain
Stuffed Tomatoes,Tomatoes,None,None,"Herbs, breadcrumbs",None,Does not contain
Chole Bhature,Chickpeas,Sugar,Ghee,"Chole masala, spices",None,Does not contain
Chicken Malai Tikka,Chicken,None,Cream,Spices,Dairy,Contains
Almond Cookies,Almonds,Sugar,Butter,Flour,"Almonds, Wheat, Dairy",Contains
Dosa,Rice,None,Oil,"Potato masala, chutney",None,Does not contain
Grilled Portobello Mushroom Burger,Portobello mushrooms,None,None,"Burger bun, vegetables",Wheat,Contains
S'mores,Graham crackers,Marshmallows,Chocolate,None,"Wheat, Dairy",Contains
Chicken Noodle Soup,Chicken broth,None,None,Salt,"Chicken, Wheat, Celery",Contains
Chocolate Cake,Flour,Sugar,Butter,Cocoa powder,"Wheat, Dairy, Cocoa",Contains
Caesar Salad,Romaine lettuce,None,Olive oil,Parmesan cheese,Dairy,Contains
Fruit Salad,Mixed fruits,Sugar,None,Lemon juice,None,Does not contain
Zucchini Noodles,Zucchini,None,Olive oil,"Garlic, herbs",None,Does not contain
Rogan Josh,Lamb,None,Ghee,"Yogurt, Kashmiri red chili",Dairy,Contains
Prawn Biryani,Prawns,None,Ghee,"Basmati rice, spices",Shellfish,Contains
Apple,Apples,None,None,None,None,Does not contain
Chicken Curry,Chicken,None,Vegetable oil,Curry powder,None,Does not contain
Sausage and Pepper Pizza,Pizza dough,None,None,"Sausage, bell peppers","Wheat, Dairy",Contains
Spinach Salad,Spinach,None,Olive oil,Balsamic vinaigrette,None,Does not contain
Tofu Scramble,Tofu,None,Vegetable oil,"Turmeric, spices",Soybeans,Contains
Chicken Curry,Chicken,None,Vegetable oil,Curry powder,None,Does not contain
Rajma Chawal,Kidney beans,None,Ghee,Spices,None,Contains
Spinach Artichoke Dip,Spinach,None,"Cream cheese, sour cream","Parmesan cheese, garlic",Dairy,Contains
Mashed Potatoes,Potatoes,None,Butter,"Salt, Pepper",Dairy,Contains
Beef Tacos,Ground beef,None,Vegetable oil,Taco seasoning,None,Does not contain
Milk Chocolate,Sugar,Cocoa butter,Milk powder,Vanilla extract,Milk,Contains
Sausage and Pepper Pizza,Pizza dough,None,None,"Sausage, bell peppers","Wheat, Dairy",Contains
Spaghetti Bolognese,Ground beef,Sugar,Olive oil,Tomato sauce,None,Contains
Caprese Salad,Tomatoes,None,Olive oil,"Mozzarella cheese, basil",Dairy,Contains
Vegetable Lasagna,Vegetables,None,Olive oil,"Tomato sauce, cheese","Wheat, Dairy",Contains
Stuffed Mushrooms,Mushrooms,None,None,"Cheese, breadcrumbs",Dairy,Contains
Lemon Pepper Chicken,Chicken,None,Olive oil,Lemon pepper seasoning,None,Does not contain
Margherita Pizza,Pizza dough,None,Olive oil,"Mozzarella cheese, tomatoes, basil",Dairy,Contains
Pasta Carbonara,Pasta,None,Bacon,"Egg, Parmesan cheese","Wheat, Dairy",Contains
Chocolate Mousse,Chocolate,Sugar,Heavy cream,Vanilla extract,"Dairy, Cocoa",Contains
Chicken Pot Pie,Chicken,None,Butter,"Vegetables, pastry",Wheat,Contains
Vanilla Ice Cream,Milk,Sugar,Cream,Vanilla extract,Milk,Contains
Honey Soy Glazed Salmon,Salmon,Honey,Soy sauce,"Garlic, ginger","Fish, Soybeans",Contains
Caesar Pasta Salad,Pasta,None,Caesar dressing,"Romaine lettuce, Parmesan cheese","Wheat, Dairy",Contains
Jalebi,Flour,Sugar,Ghee,Saffron syrup,"Wheat, Dairy",Contains
Chicken Caesar Salad,Chicken,None,Caesar dressing,"Romaine lettuce, croutons","Wheat, Dairy",Contains
Lemon Herb Roasted Chicken,Chicken,None,Olive oil,"Lemon, herbs",None,Does not contain
Gazpacho,Tomatoes,None,Olive oil,"Garlic, herbs",None,Does not contain
Brussels Sprouts,Brussels sprouts,None,Olive oil,Balsamic glaze,None,Does not contain
Teriyaki Salmon,Salmon,None,Vegetable oil,Teriyaki sauce,Fish,Contains
Egg Salad,Eggs,Mayonnaise,None,"Celery, onion",Eggs,Contains
Garlic Bread,Bread,None,Butter,Garlic,"Wheat, Dairy",Contains
Rice Pudding,Rice,Sugar,Milk,"Cinnamon, raisins","Rice, Dairy",Contains
Pasta Carbonara,Pasta,None,Bacon,"Egg, Parmesan cheese","Wheat, Dairy",Contains
French Onion Soup,Onions,None,Butter,"Beef broth, cheese, bread","Dairy, Wheat",Contains
Blueberry Muffins,Flour,Sugar,Butter,Blueberries,"Wheat, Dairy",Contains
Ranch Dressing,Buttermilk,Sugar,Vegetable oil,"Garlic, herbs",Dairy,Contains
Eggplant Parmesan,Eggplant,None,Olive oil,"Marinara sauce, cheese",Dairy,Contains
Beef Burritos,Beef,None,Vegetable oil,Burrito seasoning,None,Does not contain
Rajma Chawal,Kidney beans,None,Ghee,Spices,None,Contains
Baked Ziti,Pasta,None,Cheese,Tomato sauce,"Wheat, Dairy",None
Chicken Fajitas,Chicken,None,Vegetable oil,Fajita seasoning,None,Does not contain
Zucchini Bread,Zucchini,Sugar,Butter,"Cinnamon, nuts","Wheat, Dairy, Nuts",Contains
Mango Salsa,Mango,None,None,"Red onion, lime",None,Does not contain
Lobster Roll,Lobster,None,Mayonnaise,"Celery, lemon juice","Shellfish, Eggs",Contains
Lobster Roll,Lobster,None,Mayonnaise,"Celery, lemon juice","Shellfish, Eggs",Contains
Grilled Portobello Mushroom Burger,Portobello mushrooms,None,None,"Burger bun, vegetables",Wheat,Contains
Baked Ziti,Pasta,None,Cheese,Tomato sauce,"Wheat, Dairy",None
Strawberry Spinach Salad,Spinach,None,None,"Strawberries, vinaigrette",None,Does not contain
Chole Kulche,Chickpeas,None,Ghee,"Kulcha bread, spices",None,Does not contain
Baked Ziti,Pasta,None,Cheese,Tomato sauce,"Wheat, Dairy",None
Stuffed Bell Peppers,Bell peppers,None,Olive oil,"Ground meat, rice",None,Does not contain
Pumpkin Pie,Pumpkin,Sugar,Butter,"Pumpkin spice, pastry","Wheat, Dairy",Contains
Greek Salad,Cucumbers,None,Olive oil,"Feta cheese, olives",Dairy,Contains
Avocado Toast,Avocado,None,Olive oil,"Salt, pepper",None,Does not contain
Avocado Toast,Avocado,None,Olive oil,"Salt, pepper",None,Does not contain
Chicken Noodle Soup,Chicken broth,None,None,Salt,"Chicken, Wheat, Celery",Contains
Lemon Dill Salmon,Salmon,None,Olive oil,"Lemon, dill",Fish,Contains
Apple Crisp,Apples,Sugar,Butter,Cinnamon,"Wheat, Dairy",Contains
Chicken Alfredo,Chicken,None,Butter,"Cream, Parmesan cheese",Dairy,Contains
Mango Salsa,Mango,None,None,"Lime juice, cilantro",None,Does not contain
Caprese Salad,Tomatoes,None,Olive oil,"Mozzarella cheese, basil",Dairy,Contains
Mushroom Risotto,Mushrooms,None,Butter,"Arborio rice, Parmesan cheese",Dairy,Contains
Biryani,Rice,None,Ghee,"Biryani masala, spices",None,Does not contain
Apple Pie,Apples,Sugar,Butter,"Cinnamon, pastry","Wheat, Dairy",Contains
Butternut Squash Soup,Butternut squash,None,Butter,Vegetable broth,Dairy,Contains
Zucchini Noodles,Zucchini,None,Olive oil,"Garlic, herbs",None,Does not contain
Apple,Apples,None,None,None,None,Does not contain
Orange Juice,Oranges,Sugar,None,None,None,Does not contain
Chole Bhature,Chickpeas,Sugar,Ghee,"Chole masala, spices",None,Does not contain
Mango Salsa,Mango,None,None,"Red onion, lime",None,Does not contain
Ratatouille,Eggplant,None,Olive oil,Tomatoes,None,Does not contain
Lobster Bisque,Lobster,None,Butter,"Cream, brandy","Shellfish, Dairy",Contains
Hawaiian Pizza,Pizza dough,None,None,"Pineapple, ham","Wheat, Pork, Dairy",Contains
Berry Parfait,Mixed berries,Sugar,"Yogurt (milk, cultures)",Granola,Dairy,Contains
Lemonade,Lemon juice,Sugar,Water,None,None,Does not contain
Kheer,Rice,Sugar,Ghee,"Cardamom, nuts",Dairy,Contains
Spinach and Feta Stuffed Chicken,Chicken,None,Olive oil,"Spinach, feta cheese",Dairy,Contains
Tofu Stir-Fry,Tofu,None,Vegetable oil,Soy sauce,Soybeans,Contains
Chicken Fajitas,Chicken,None,Vegetable oil,Fajita seasoning,None,Does not contain
Bacon-Wrapped Shrimp,Shrimp,None,Bacon,Seasonings,"Shellfish, Pork",Contains
Watermelon Salad,Watermelon,None,None,"Feta cheese, mint",Dairy,Contains
Chicken Caesar Wrap,Chicken,None,Caesar dressing,"Romaine lettuce, Parmesan cheese",Dairy,Contains
Butternut Squash Soup,Butternut squash,None,Butter,Vegetable broth,Dairy,Contains
Beef Stir-Fry,Beef,None,Vegetable oil,Soy sauce,None,Does not contain
Chocolate Chip Cookies,Flour,Sugar,Butter,Chocolate chips,"Wheat, Dairy",Contains
Biryani,Rice,None,Ghee,"Biryani masala, spices",None,Does not contain
Cinnamon Rolls,Flour,Sugar,Butter,Cinnamon,"Wheat, Dairy",Contains
Honey Mustard Chicken,Chicken breast,Honey,Mustard,Vegetable oil,None,Contains
Eggplant Parmesan,Eggplant,None,Olive oil,"Marinara sauce, cheese",Dairy,Contains
Gazpacho,Tomatoes,None,Olive oil,"Garlic, herbs",None,Does not contain
Chicken Tikka Masala,Chicken,Sugar,Ghee,"Tomato sauce, cream",Dairy,Contains
Wheat Bread,Wheat flour,None,None,Salt,Wheat,Contains
Chicken Biryani,Chicken,None,Ghee,"Basmati rice, spices",None,Does not contain
Caesar Shrimp Skewers,Shrimp,None,Olive oil,Caesar dressing,"Shellfish, Dairy",Contains
Stuffed Bell Peppers,Bell peppers,None,Olive oil,"Ground meat, rice",None,Does not contain
Stuffed Tomatoes,Tomatoes,None,None,"Herbs, breadcrumbs",None,Does not contain
Chicken Parmesan,Chicken,None,"Bread crumbs, Parmesan cheese",Marinara sauce,Dairy,Contains
Rasgulla,Paneer,Sugar,None,"Rose water, syrup",Dairy,Contains
Greek Yogurt Parfait,Greek yogurt,Honey,None,"Granola, mixed berries",Dairy,Contains
Garlic Bread,Bread,None,Butter,Garlic,"Wheat, Dairy",Contains
Beef Stroganoff,Beef,None,Sour cream,"Mushrooms, onions",Dairy,Contains
Mashed Potatoes,Potatoes,None,Butter,"Salt, Pepper",Dairy,Contains
Mushroom Soup,Mushrooms,None,Butter,Vegetable broth,Dairy,Contains
Dosa,Rice,None,Oil,"Potato masala, chutney",None,Does not contain
Tofu Curry,Tofu,None,Coconut milk,Curry paste,None,Does not contain
Pasta Carbonara,Pasta,None,Bacon,"Egg, Parmesan cheese","Wheat, Dairy",Contains
Blueberry Pancakes,Flour,Sugar,Butter,Blueberries,"Wheat, Dairy",Contains
Caesar Wrap,Grilled chicken,None,Caesar dressing,"Lettuce, Parmesan cheese",Dairy,Contains
Chicken Shawarma,Chicken,None,Olive oil,Shawarma seasoning,None,Does not contain
Pancakes,Flour,Sugar,Butter,Baking powder,"Wheat, Dairy",Contains
Coconut Curry,Chicken,None,Coconut milk,Curry paste,None,Does not contain
Lemon Garlic Shrimp,Shrimp,None,Olive oil,"Lemon juice, garlic",Shellfish,Contains
Cucumber Salad,Cucumbers,None,Olive oil,"Vinegar, herbs",None,Does not contain
Chicken Parmesan,Chicken,None,"Bread crumbs, Parmesan cheese",Marinara sauce,Dairy,Contains
BBQ Ribs,Pork ribs,Brown sugar,Vegetable oil,BBQ sauce,None,Contains
Rajma Chawal,Kidney beans,None,Ghee,Spices,None,Contains
Greek Lemon Potatoes,Potatoes,None,Olive oil,"Lemon juice, herbs",None,Does not contain
Palak Paneer,Spinach,None,Ghee,"Paneer, spices",Dairy,Contains
Caesar Wrap,Grilled chicken,None,Caesar dressing,"Lettuce, Parmesan cheese",Dairy,Contains
Shrimp Scampi,Shrimp,None,Butter,"Garlic, lemon","Shellfish, Dairy",Contains
Lemon Bars,Lemon juice,Sugar,Butter,"Flour, eggs","Wheat, Dairy, Eggs",Contains
Apple Crisp,Apples,Sugar,Butter,"Cinnamon, oats","Wheat, Dairy",Contains
Chocolate Chip Pancakes,Flour,Sugar,Butter,Chocolate chips,"Wheat, Dairy, Cocoa",Contains
Apple Pie,Apples,Sugar,Butter,"Cinnamon, pastry","Wheat, Dairy",Contains
Tomato Soup,Tomatoes,None,None,"Salt, Sugar",None,Does not contain
Beef Tacos,Ground beef,None,Vegetable oil,Taco seasoning,None,Does not contain
Dal Makhani,Lentils,None,Ghee,"Cream, spices",Dairy,Contains
Caesar Pasta Salad,Pasta,None,Caesar dressing,"Romaine lettuce, Parmesan cheese","Wheat, Dairy",Contains
Zucchini Noodles,Zucchini,None,Olive oil,"Garlic, herbs",None,Does not contain
Quinoa Stuffed Peppers,Quinoa,None,Olive oil,"Vegetables, spices",None,Does not contain
Beef Kabobs,Beef,None,Olive oil,Seasonings,None,Does not contain
Greek Lemon Potatoes,Potatoes,None,Olive oil,"Lemon juice, herbs",None,Does not contain
Quinoa Salad,Quinoa,None,Olive oil,"Lemon juice, vegetables",None,Does not contain
Sausage and Pepper Pizza,Pizza dough,None,None,"Sausage, bell peppers","Wheat, Dairy",Contains
Quinoa Salad,Quinoa,None,Olive oil,"Lemon juice, vegetables",None,Does not contain
Paniyaram,Fermented batter,None,Oil,"Mustard seeds, curry leaves",None,Does not contain
Chicken Noodle Casserole,Chicken,None,Butter,"Noodles, vegetables",Wheat,Contains
Bacon-Wrapped Shrimp,Shrimp,None,Bacon,Seasonings,"Shellfish, Pork",Contains
Caesar Salad Wrap,Romaine lettuce,None,Caesar dressing,"Parmesan cheese, croutons","Wheat, Dairy",Contains
Beef Kabobs,Beef,None,Olive oil,Seasonings,None,Does not contain
Baked Ziti,Pasta,None,Cheese,Tomato sauce,"Wheat, Dairy",None
Rajma Chawal,Kidney beans,None,Ghee,Spices,None,Contains
Baked Apple,Apples,Sugar,Butter,"Cinnamon, oats","Wheat, Dairy",Contains
Tomato Soup,Tomatoes,None,None,"Salt, Sugar",None,Does not contain
Margherita Pasta,Pasta,None,Olive oil,"Fresh tomatoes, mozzarella",Dairy,Contains
Shrimp Fried Rice,Shrimp,None,Vegetable oil,Soy sauce,"Shellfish, Soybeans",Contains
Apple Crisp,Apples,Sugar,Butter,Cinnamon,"Wheat, Dairy",Contains
Lentil Curry,Lentils,None,Coconut milk,Curry powder,None,Does not contain
Rabri,Milk,Sugar,Ghee,"Cardamom, nuts",Dairy,Contains
Caesar Salad Wrap,Romaine lettuce,None,Caesar dressing,"Parmesan cheese, croutons","Wheat, Dairy",Contains
Pesto Pizza,Pesto sauce,None,None,"Mozzarella cheese, basil",Dairy,Contains
Banana Bread,Bananas,Sugar,Butter,"Cinnamon, nuts","Wheat, Dairy, Nuts",Contains
Tandoori Chicken,Chicken,None,Yogurt,Tandoori spices,Dairy,Contains
Peanut Butter,Peanuts,Sugar,Vegetable oil,Salt,Peanuts,Contains
Berry Crumble,Mixed berries,Sugar,Butter,"Oats, cinnamon","Wheat, Dairy",Contains
Beef Tacos,Ground beef,None,Vegetable oil,Taco seasoning,None,Does not contain
Caesar Salad Wrap,Romaine lettuce,None,Caesar dressing,"Parmesan cheese, croutons","Wheat, Dairy",Contains
Hyderabadi Biryani,Basmati rice,None,Ghee,"Meat/vegetables, spices",None,Does not contain
Minestrone Soup,Vegetables,None,Olive oil,Tomato broth,None,Does not contain
Bacon-Wrapped Shrimp,Shrimp,None,Bacon,Seasonings,"Shellfish, Pork",Contains
Greek Lemon Chicken,Chicken,None,Olive oil,"Lemon juice, herbs",None,Does not contain
Vegetable Lasagna,Vegetables,None,Olive oil,"Tomato sauce, cheese","Wheat, Dairy",Contains
Mushroom Risotto,Mushrooms,None,Butter,"Arborio rice, Parmesan cheese",Dairy,Contains
Lemon Bars,Lemon juice,Sugar,Butter,"Flour, eggs","Wheat, Dairy, Eggs",Contains
Chicken Enchiladas,Chicken,None,Enchilada sauce,"Cheese, tortillas","Wheat, Dairy",Contains
Greek Lemon Potatoes,Potatoes,None,Olive oil,"Lemon juice, herbs",None,Does not contain
Zucchini Noodles,Zucchini,None,Olive oil,"Garlic, herbs",None,Does not contain
Blueberry Muffins,Blueberries,Sugar,Butter,Flour,"Wheat, Dairy",Contains
Strawberry Shortcake,Strawberries,Sugar,Whipped cream,Shortcake,"Wheat, Dairy",Contains
Tofu Curry,Tofu,None,Coconut milk,Curry paste,None,Does not contain
Tomato Soup,Tomatoes,None,None,"Salt, Sugar",None,Does not contain
Margherita Pizza,Cheese,None,None,"Tomato sauce, basil",Dairy,Contains
Chicken Alfredo Pizza,Pizza dough,None,None,"Chicken, Alfredo sauce","Wheat, Dairy",Contains
Chicken Caesar Salad,Chicken breast,None,Olive oil,Parmesan cheese,"Dairy, Anchovies",Contains
Lemon Herb Roasted Chicken,Chicken,None,Olive oil,"Lemon, herbs",None,Does not contain
Beef Stroganoff,Beef,None,Sour cream,"Mushroom, onion",Dairy,Contains
Chicken Teriyaki,Chicken,None,Soy sauce,"Honey, ginger",Soybeans,Contains
Ratatouille Tart,Vegetables,None,Olive oil,"Puff pastry, herbs",None,Does not contain
Matar Paneer,Paneer,None,Ghee,"Peas, spices",Dairy,Contains
Lemon Garlic Shrimp,Shrimp,None,Olive oil,"Lemon juice, garlic",Shellfish,Contains
Spinach Salad,Spinach,None,Olive oil,Balsamic vinegar,None,Does not contain
Mixed Berry Pie,Mixed berries,Sugar,Butter,Flour,"Wheat, Dairy",Contains
Tofu Stir-Fry,Tofu,None,Vegetable oil,Soy sauce,Soybeans,Contains
Quinoa Stuffed Peppers,Quinoa,None,Olive oil,"Vegetables, spices",None,Does not contain
Lobster Roll,Lobster,None,Mayonnaise,"Celery, lemon juice","Shellfish, Eggs",Contains
Sushi Rolls,Sushi rice,None,Soy sauce,"Nori (seaweed), fish","Soybeans, Fish",Contains
Chicken Alfredo Pizza,Pizza dough,None,None,"Chicken, Alfredo sauce","Wheat, Dairy",Contains
Greek Salad,Cucumbers,None,Olive oil,"Feta cheese, olives",Dairy,Contains
Mashed Potatoes,Potatoes,None,Butter,"Salt, Pepper",Dairy,Contains
Garlic Bread,Bread,None,Butter,Garlic,"Wheat, Dairy",Contains
Cabbage Rolls,Cabbage,None,Olive oil,"Ground meat, rice",None,Does not contain
Green Smoothie,Spinach,Honey,Avocado,Almond milk,None,Does not contain
Lemon Dill Salmon,Salmon,None,Olive oil,"Lemon, dill",Fish,Contains
Greek Gyro Wrap,Lamb,None,None,"Tzatziki sauce, tomatoes, onions",Dairy,Contains
Mushroom Risotto,Mushrooms,None,Butter,"Arborio rice, Parmesan cheese",Dairy,Contains
Beef and Mushroom Stir-Fry,Beef,None,Vegetable oil,Soy sauce,None,Does not contain
Peanut Butter,Peanuts,Sugar,Vegetable oil,Salt,Peanuts,Contains
Gazpacho,Tomatoes,None,Olive oil,"Garlic, herbs",None,Does not contain
Shrimp Scampi,Shrimp,None,Butter,"Garlic, lemon","Shellfish, Dairy",Contains
Chole Bhature,Chickpeas,Sugar,Ghee,"Chole masala, spices",None,Does not contain
Ranch Dressing,Buttermilk,Sugar,Vegetable oil,"Garlic, herbs",Dairy,Contains
Beef Stroganoff,Beef,None,Sour cream,"Mushroom, onion",Dairy,Contains
Garlic Bread,Bread,None,Butter,Garlic,"Wheat, Dairy",Contains
Black Bean Soup,Black beans,None,Olive oil,Vegetables,None,Does not contain
Honey Mustard Chicken,Chicken breast,Honey,Mustard,Vegetable oil,None,Contains
Banana Pudding,Bananas,Sugar,Milk,"Vanilla pudding mix, cookies",Dairy,Contains
Pecan Pie,Pecans,Sugar,Butter,Corn syrup,"Wheat, Dairy, Nuts",Contains
Caesar Salad Wrap,Romaine lettuce,None,Caesar dressing,"Parmesan cheese, croutons","Wheat, Dairy",Contains
Hyderabadi Biryani,Basmati rice,None,Ghee,"Meat/vegetables, spices",None,Does not contain
Zucchini Bread,Zucchini,Sugar,Vegetable oil,Flour,Wheat,Contains
Beef Stir-Fry,Beef,None,Vegetable oil,Soy sauce,None,Does not contain
Stuffed Bell Peppers,Bell peppers,None,Olive oil,"Ground meat, rice",None,Does not contain
Jalebi,Flour,Sugar,Ghee,Saffron syrup,"Wheat, Dairy",Contains
Cilantro Lime Chicken,Chicken,None,Olive oil,"Cilantro, lime",None,Does not contain
Beef Tacos,Beef,None,Vegetable oil,Taco seasoning,None,Does not contain
Stuffed Portobello Mushrooms,Portobello mushrooms,None,None,"Cheese, breadcrumbs",Dairy,Contains
Greek Lemon Potatoes,Potatoes,None,Olive oil,"Lemon juice, herbs",None,Does not contain
Ratatouille Tart,Vegetables,None,Olive oil,"Puff pastry, herbs",None,Does not contain
Tofu Curry,Tofu,None,Coconut milk,Curry paste,None,Does not contain
Shrimp Scampi Pasta,Shrimp,None,Butter,"Garlic, lemon",Shellfish,Contains
Chocolate Mousse,Chocolate,Sugar,Heavy cream,Vanilla extract,"Dairy, Cocoa",Contains
Chole Kulche,Chickpeas,None,Ghee,"Kulcha bread, spices",None,Does not contain
Ratatouille Tart,Vegetables,None,Olive oil,"Puff pastry, herbs",None,Does not contain
Vada Pav,Potato,None,Oil,"Pav bun, chutney",None,Does not contain
Buffalo Wings,Chicken wings,None,Vegetable oil,Buffalo sauce,None,Does not contain
Chicken Curry,Chicken,None,Vegetable oil,Curry powder,None,Does not contain
Orange Juice,Oranges,Sugar,None,None,None,Does not contain
Tofu Curry,Tofu,None,Coconut milk,Curry paste,None,Does not contain
Mushroom and Goat Cheese Flatbread,Mushrooms,None,Olive oil,"Goat cheese, herbs",Dairy,Contains
Rasmalai,Paneer,Sugar,"Milk, Ghee","Cardamom, nuts",Dairy,Contains
Palak Paneer,Spinach,None,Ghee,"Paneer, spices",Dairy,Contains
Zucchini Bread,Zucchini,Sugar,Vegetable oil,Flour,Wheat,Contains
Tandoori Chicken,Chicken,None,Yogurt,Tandoori spices,Dairy,Contains
Apple Cider,Apples,Sugar,None,Cinnamon,None,Does not contain
Ratatouille Pizza,Pizza dough,None,Olive oil,Ratatouille vegetables,None,Does not contain
Beef Stroganoff,Beef,None,Sour cream,"Mushrooms, onions",Dairy,Contains
Rajma Chawal,Kidney beans,None,Ghee,Spices,None,Contains
Lemon Pepper Chicken,Chicken,None,Olive oil,Lemon pepper seasoning,None,Does not contain
Apple Crisp,Apples,Sugar,Butter,Cinnamon,"Wheat, Dairy",Contains
Tofu Scramble,Tofu,None,Vegetable oil,"Turmeric, spices",Soybeans,Contains
Spinach Stuffed Chicken,Chicken,None,Olive oil,"Spinach, garlic",None,Does not contain
Chicken Curry,Chicken,None,Oil,Curry spices,None,Does not contain
Cinnamon Rolls,Dough,Sugar,Butter,"Cinnamon, icing","Wheat, Dairy",Contains
Dahi Vada,Lentil dumplings,None,Yogurt,"Tamarind chutney, spices",Dairy,Contains
Margherita Pasta,Pasta,None,Olive oil,"Mozzarella cheese, tomatoes, basil",Dairy,Contains
Spinach and Feta Stuffed Chicken,Chicken,None,Olive oil,"Spinach, feta cheese",Dairy,Contains
Caramel Apple,Apples,Caramel,None,None,None,Does not contain
Tofu Stir-Fry,Tofu,None,Vegetable oil,Soy sauce,Soybeans,Contains
Zucchini Bread,Zucchini,Sugar,Vegetable oil,Flour,Wheat,Contains
Chicken Caesar Wrap,Chicken,None,Caesar dressing,"Romaine lettuce, Parmesan cheese",Dairy,Contains
Dahi Vada,Lentil dumplings,None,Yogurt,"Tamarind chutney, spices",Dairy,Contains
Greek Salad,Cucumber,None,Olive oil,Lemon juice,None,Does not contain
Chicken Caesar Salad,Chicken,None,Caesar dressing,"Romaine lettuce, croutons","Wheat, Dairy",Contains
Spinach Artichoke Dip,Spinach,None,"Cream cheese, sour cream","Parmesan cheese, garlic",Dairy,Contains
Chicken Alfredo Pizza,Pizza dough,None,None,"Chicken, Alfredo sauce","Wheat, Dairy",Contains
Butternut Squash Soup,Butternut squash,None,Butter,Vegetable broth,Dairy,Contains
Mushroom Soup,Mushrooms,None,Butter,Vegetable broth,Dairy,Contains
Raspberry Cheesecake,Cream cheese,Sugar,Butter,"Graham cracker crust, raspberries","Wheat, Dairy",Contains
Caprese Salad,Tomatoes,None,Olive oil,"Mozzarella cheese, basil",Dairy,Contains
Salsa,Tomatoes,None,None,"Onion, cilantro",None,Does not contain
Mixed Berry Pie,Mixed berries,Sugar,Butter,Flour,"Wheat, Dairy",Contains
Chicken Quesadilla,Chicken,None,Butter,Cheese,"Wheat, Dairy",Contains
Sushi Rolls,Sushi rice,None,Soy sauce,"Nori (seaweed), fish","Soybeans, Fish",Contains
Palak Paneer,Spinach,None,Ghee,"Paneer, spices",Dairy,Contains
Tomato Soup,Tomatoes,None,None,"Salt, Sugar",None,Does not contain
Strawberry Yogurt,"Yogurt (milk, cultures)",Sugar,None,Pectin,"Milk, Strawberries",Contains
Dal Makhani,Lentils,None,Ghee,"Cream, spices",Dairy,Contains
Aloo Paratha,Potatoes,None,Ghee,"Wheat flour, spices",Wheat,Contains
Malai Kofta,Cottage cheese,None,Ghee,Creamy tomato sauce,Dairy,Contains
Caesar Pasta Salad,Pasta,None,Caesar dressing,"Romaine lettuce, Parmesan cheese","Wheat, Dairy",Contains
Chana Masala,Chickpeas,None,Oil,Masala spices,None,Does not contain
Mushroom and Goat Cheese Flatbread,Mushrooms,None,Olive oil,"Goat cheese, herbs",Dairy,Contains
Soy Milk,Soybeans,Sugar,None,Emulsifiers,Soybeans,Contains
Beef Burger,Ground beef,None,Vegetable oil,"Salt, Pepper",None,Does not contain
Chicken Shawarma,Chicken,None,Olive oil,Shawarma seasoning,None,Does not contain
Caesar Pasta Salad,Pasta,None,Caesar dressing,"Romaine lettuce, Parmesan cheese","Wheat, Dairy",Contains
Ratatouille Tart,Vegetables,None,Olive oil,"Puff pastry, herbs",None,Does not contain
Beef Burger,Ground beef,None,Vegetable oil,"Salt, Pepper",None,Does not contain
Sushi Rolls,Sushi rice,None,Soy sauce,"Nori (seaweed), fish","Soybeans, Fish",Contains
Vanilla Ice Cream,Milk,Sugar,Cream,Vanilla extract,Milk,Contains
Chocolate Chip Cookies,Flour,Sugar,Butter,Chocolate chips,"Wheat, Dairy",Contains
Sushi Rolls,Sushi rice,None,Soy sauce,"Nori (seaweed), fish","Soybeans, Fish",Contains
Chicken Parmesan,Chicken,None,Olive oil,"Tomato sauce, cheese","Wheat, Dairy",Contains
Garlic Shrimp,Shrimp,None,Olive oil,Garlic,Shellfish,Contains
Spinach Salad,Spinach,None,Olive oil,Balsamic vinaigrette,None,Does not contain
Ratatouille,Eggplant,None,Olive oil,"Tomatoes, zucchini",None,Does not contain
Caesar Salad,Romaine lettuce,None,Olive oil,Caesar dressing,Dairy,Contains
Chicken Noodle Soup,Chicken,None,Vegetable oil,"Noodles, vegetables",None,Does not contain
Baked Chicken Wings,Chicken wings,None,Olive oil,Seasonings,None,Does not contain
Blueberry Muffins,Flour,Sugar,Butter,Blueberries,"Wheat, Dairy",Contains
Blueberry Muffins,Flour,Sugar,Butter,Blueberries,"Wheat, Dairy",Contains
Tuna Salad,Tuna,Mayonnaise,None,"Celery, onion","Fish, Eggs",Contains
Strawberry Smoothie,Strawberries,Sugar,Yogurt,Milk,Dairy,Contains
Tuna Sandwich,Tuna,Mayonnaise,None,"Salt, Pepper","Fish, Eggs",Contains
Chicken Biryani,Chicken,None,Ghee,"Basmati rice, spices",None,Does not contain
Chocolate Cake,Flour,Sugar,Butter,Cocoa powder,"Wheat, Dairy, Cocoa",Contains
Stuffed Bell Peppers,Bell peppers,None,Olive oil,"Ground meat, rice",None,Does not contain
Caprese Sandwich,Tomatoes,None,Olive oil,"Mozzarella cheese, basil",Dairy,Contains
Egg Fried Rice,Eggs,None,Sesame oil,Soy sauce,"Eggs, Soybeans",Contains
Chicken Korma,Chicken,None,Ghee,"Creamy sauce, spices",Dairy,Contains
Raspberry Cheesecake,Cream cheese,Sugar,Butter,"Graham cracker crust, raspberries","Wheat, Dairy",Contains
Baked Salmon,Salmon,None,Olive oil,"Lemon, herbs",Fish,Contains
Caramelized Onions,Onions,Sugar,Butter,None,None,Does not contain
Oatmeal Raisin Cookies,Oats,Sugar,Butter,Flour,"Wheat, Dairy",Contains
Egg Salad,Eggs,Mayonnaise,None,"Celery, onion",Eggs,Contains
Blueberry Muffins,Blueberries,Sugar,Butter,Flour,"Wheat, Dairy",Contains
Greek Yogurt,"Yogurt (milk, cultures)",Honey,None,None,Dairy,Contains
Apple Crisp,Apples,Sugar,Butter,"Cinnamon, oats","Wheat, Dairy",Contains
Chicken Enchiladas,Chicken,None,Enchilada sauce,"Cheese, tortillas","Wheat, Dairy",Contains
Vegetable Biryani,Mixed vegetables,None,Ghee,"Basmati rice, spices",None,Does not contain
Beef Burritos,Beef,None,Vegetable oil,Burrito seasoning,None,Does not contain
Gulab Jamun,Milk solids,Sugar,Ghee,Cardamom syrup,Dairy,Contains
Caesar Salad Wrap,Grilled chicken,None,Caesar dressing,"Lettuce, Parmesan cheese",Dairy,Contains
Baked Salmon,Salmon,None,Olive oil,"Lemon, herbs",Fish,Contains
Pumpkin Pie,Pumpkin,Sugar,Butter,"Pumpkin spice, pastry","Wheat, Dairy",Contains
Spinach Artichoke Dip,Spinach,None,"Cream cheese, sour cream","Parmesan cheese, garlic",Dairy,Contains
Chocolate Chip Cookies,Flour,Sugar,Butter,Chocolate chips,"Wheat, Dairy",Contains
Baked Salmon,Salmon,None,Olive oil,"Lemon, herbs",Fish,Contains
Tomato Soup,Tomatoes,None,None,"Salt, Sugar",None,Does not contain
Greek Salad,Cucumber,None,Olive oil,Lemon juice,None,Does not contain
Black Bean Soup,Black beans,None,Olive oil,Vegetables,None,Does not contain
Shrimp Scampi Pasta,Shrimp,None,Butter,"Garlic, lemon",Shellfish,Contains
Lemon Herb Roasted Chicken,Chicken,None,Olive oil,"Lemon, herbs",None,Does not contain
Garlic Bread,Bread,None,Butter,Garlic,"Wheat, Dairy",Contains
Garlic Bread,Bread,None,Butter,Garlic,"Wheat, Dairy",Contains
Garlic Shrimp,Shrimp,None,Olive oil,Garlic,Shellfish,Contains
Lobster Roll,Lobster,None,Mayonnaise,"Celery, lemon juice","Shellfish, Eggs",Contains
Strawberry Yogurt,"Yogurt (milk, cultures)",Sugar,None,Pectin,"Milk, Strawberries",Contains
Mushroom Soup,Mushrooms,None,Butter,Vegetable broth,Dairy,Contains
Berry Crumble,Mixed berries,Sugar,Butter,"Oats, cinnamon","Wheat, Dairy",Contains
Egg Fried Rice,Eggs,None,Sesame oil,Soy sauce,"Eggs, Soybeans",Contains
Caprese Skewers,Tomatoes,None,Olive oil,"Mozzarella cheese, basil",Dairy,Contains
Caesar Salad,Romaine lettuce,None,Olive oil,Caesar dressing,Dairy,Contains
Chicken Alfredo Pizza,Pizza dough,None,None,"Chicken, Alfredo sauce","Wheat, Dairy",Contains
Beef Burger,Ground beef,None,Vegetable oil,"Salt, Pepper",None,Does not contain
Pesto Chicken,Chicken,None,Olive oil,Pesto sauce,"Pine nuts, Dairy",Contains
Banana Pudding,Bananas,Sugar,Milk,"Vanilla pudding mix, cookies",Dairy,Contains
Greek Gyro,Lamb/Chicken,None,None,"Tzatziki sauce, vegetables","Dairy, Wheat",Contains
Lentil Soup,Lentils,None,Olive oil,Vegetables,None,Does not contain
Teriyaki Salmon,Salmon,None,Vegetable oil,Teriyaki sauce,Fish,Contains
Pumpkin Pie,Pumpkin,Sugar,Butter,"Pumpkin spice, pastry","Wheat, Dairy",Contains
Wheat Bread,Wheat flour,None,None,Salt,Wheat,Contains
Pesto Pasta Salad,Pasta,None,Pesto sauce,"Tomatoes, vegetables",None,Does not contain
Pav Bhaji,Mixed vegetables,None,Butter,"Pav bread, spices",None,Does not contain
Greek Spanakopita,Spinach,None,Olive oil,"Feta cheese, phyllo dough",Dairy,Contains
Lemon Herb Roasted Chicken,Chicken,None,Olive oil,"Lemon, herbs",None,Does not contain
Chicken Enchiladas,Chicken,None,Vegetable oil,Enchilada sauce,None,Does not contain
Caramelized Onions,Onions,Sugar,Butter,None,None,Does not contain
Chicken Biryani,Chicken,None,Ghee,"Basmati rice, spices",None,Does not contain
Spinach and Feta Stuffed Chicken,Chicken,None,Olive oil,"Spinach, feta cheese",Dairy,Contains
Onion Rings,Onions,None,Vegetable oil,Flour,Wheat,Contains
Sweet Potato Casserole,Sweet potatoes,Brown sugar,Butter,"Cinnamon, nutmeg","Dairy, Nuts",Contains
Baked Cod,Cod,None,Butter,"Lemon, herbs","Fish, Dairy",Contains
Cabbage Rolls,Cabbage,None,Olive oil,"Ground meat, rice",None,Does not contain
Caprese Salad,Tomatoes,None,Olive oil,"Mozzarella cheese, basil",Dairy,Contains
Greek Gyro,Lamb/Chicken,None,None,"Tzatziki sauce, vegetables","Dairy, Wheat",Contains
Caesar Wrap,Grilled chicken,None,Caesar dressing,"Lettuce, Parmesan cheese",Dairy,Contains
Egg Salad Sandwich,Eggs,Mayonnaise,None,"Celery, mustard","Eggs, Mustard",Contains
Fish Sticks,Fish fillets,None,Vegetable oil,Salt,Fish,Contains
Tofu Curry,Tofu,None,Coconut milk,Curry paste,None,Does not contain
Vada Pav,Potato,None,Oil,"Pav bun, chutney",None,Does not contain
Ranch Dressing,Buttermilk,Sugar,Vegetable oil,"Garlic, herbs",Dairy,Contains
Spaghetti Bolognese,Ground beef,Sugar,Olive oil,Tomato sauce,None,Contains
Prawn Biryani,Prawns,None,Ghee,"Basmati rice, spices",Shellfish,Contains
Chocolate Chip Pancakes,Flour,Sugar,Butter,Chocolate chips,"Wheat, Dairy, Cocoa",Contains
Apple Pie,Apples,Sugar,Butter,Cinnamon,"Wheat, Dairy",Contains
Chocolate Mousse,Chocolate,Sugar,Heavy cream,Vanilla extract,Dairy,Contains
Baked Apple,Apples,Sugar,Butter,"Cinnamon, oats","Wheat, Dairy",Contains
Greek Salad,Cucumbers,None,Olive oil,"Feta cheese, olives",Dairy,Contains
Baked Brie,Brie cheese,None,None,"Herbs, nuts","Dairy, Nuts",Contains
Cinnamon Rolls,Dough,Sugar,Butter,"Cinnamon, icing","Wheat, Dairy",Contains
Vanilla Yogurt,"Yogurt (milk, cultures)",Sugar,None,Vanilla extract,Milk,Contains
Chocolate Mousse,Chocolate,Sugar,Heavy cream,Vanilla extract,"Dairy, Cocoa",Contains
Chicken Noodle Soup,Chicken,None,Vegetable oil,"Noodles, vegetables",None,Does not contain
Lemon Bars,Flour,Sugar,Butter,Lemon juice,"Wheat, Dairy",Contains
Peanut Butter,Peanuts,Sugar,Vegetable oil,Salt,Peanuts,Contains
BBQ Ribs,Pork ribs,Brown sugar,Vegetable oil,BBQ sauce,None,Contains
Aloo Paratha,Potatoes,None,Ghee,"Wheat flour, spices",Wheat,Contains
Dal Makhani,Lentils,None,Ghee,"Cream, spices",Dairy,Contains
Baked Apple,Apples,Sugar,Butter,"Cinnamon, oats","Wheat, Dairy",Contains
Miso Soup,Miso paste,None,None,"Tofu, seaweed",Soybeans,Contains
Ratatouille,Vegetables,None,Olive oil,Herbs,None,Does not contain
Beef Kabobs,Beef,None,Olive oil,Seasonings,None,Does not contain
Sweet Potato Casserole,Sweet potatoes,Brown sugar,Butter,"Cinnamon, nutmeg","Dairy, Nuts",Contains
Cilantro Lime Chicken,Chicken,None,Olive oil,"Cilantro, lime",None,Does not contain
Cucumber Salad,Cucumber,None,Olive oil,"Lemon juice, dill",None,Does not contain
Masala Dosa,Rice,None,Oil,"Potato masala, spices",None,Does not contain
Vegetable Stir-Fry,Mixed vegetables,None,Vegetable oil,Soy sauce,None,Does not contain
Egg Salad,Eggs,Mayonnaise,None,"Celery, onion",Eggs,Contains
Chicken Enchiladas,Chicken,None,Enchilada sauce,"Cheese, tortillas","Wheat, Dairy",Contains
Baked Garlic Parmesan Chicken,Chicken,None,Butter,"Parmesan cheese, garlic",Dairy,Contains
Caprese Salad,Tomatoes,None,Olive oil,"Mozzarella cheese, basil",Dairy,Contains
Stuffed Bell Peppers,Bell peppers,None,Olive oil,"Ground meat, rice",None,Does not contain
Blueberry Muffins,Flour,Sugar,Butter,Blueberries,"Wheat, Dairy",Contains
Berry Parfait,Berries,Honey,Yogurt,Granola,Dairy,Contains
Butter Naan,Flour,None,Butter,None,"Wheat, Dairy",Contains
Chicken Curry,Chicken,None,Vegetable oil,Curry powder,None,Does not contain
Pancetta Pasta,Pasta,None,Pancetta,"Garlic, herbs",None,Does not contain
Beef Burritos,Beef,None,Vegetable oil,Burrito seasoning,None,Does not contain
S'mores,Graham crackers,Marshmallows,Chocolate,None,"Wheat, Dairy",Contains
Gulab Jamun,Milk solids,Sugar,Ghee,Cardamom syrup,Dairy,Contains
Stuffed Mushrooms,Mushrooms,None,None,"Cheese, breadcrumbs",Dairy,Contains
Beef Stir-Fry,Beef,None,Vegetable oil,Soy sauce,None,Does not contain
Chicken Teriyaki,Chicken,None,Vegetable oil,Teriyaki sauce,None,Does not contain
Tomato Soup,Tomatoes,None,None,"Salt, Sugar",None,Does not contain
Cheese Pizza,Cheese,None,None,Tomato sauce,Dairy,Contains
Jalebi,Flour,Sugar,Ghee,Saffron syrup,"Wheat, Dairy",Contains
Apple Crisp,Apples,Sugar,Butter,"Cinnamon, oats","Wheat, Dairy",Contains
Chicken Noodle Soup,Chicken,None,Vegetable oil,"Noodles, vegetables",None,Does not contain
Pineapple Upside-Down Cake,Pineapple,Sugar,Butter,Flour,"Wheat, Dairy",Contains
Berry Parfait,Berries,Honey,Yogurt,Granola,Dairy,Contains
Milk Chocolate,Sugar,Cocoa butter,Milk powder,Vanilla extract,Milk,Contains
Stuffed Portobello Mushrooms,Portobello mushrooms,None,None,"Cheese, breadcrumbs",Dairy,Contains
Baked Salmon,Salmon,None,Olive oil,"Lemon, herbs",Fish,Contains
Quiche Lorraine,Bacon,None,Heavy cream,"Cheese, eggs","Dairy, Eggs",Contains
Pav Bhaji,Mixed vegetables,None,Butter,"Pav bread, spices",None,Does not contain
Caesar Wrap,Grilled chicken,None,Caesar dressing,"Lettuce, Parmesan cheese",Dairy,Contains
Lentil Soup,Lentils,None,Olive oil,Vegetables,None,Does not contain
Pumpkin Soup,Pumpkin,None,Butter,"Nutmeg, cream",Dairy,Contains
Samosa,Potatoes,None,Ghee,Spices,None,Contains
Spinach Salad,Spinach,None,Olive oil,Balsamic vinaigrette,None,Does not contain
Chocolate Cake,Flour,Sugar,Butter,Cocoa powder,"Wheat, Dairy, Cocoa",Contains
Oatmeal Raisin Cookies,Oats,Sugar,Butter,Flour,"Wheat, Dairy",Contains
Greek Moussaka,Eggplant,None,Olive oil,"Ground meat, potatoes",None,Does not contain
Chicken Korma,Chicken,None,Ghee,"Creamy sauce, spices",Dairy,Contains
Lemonade,Lemon juice,Sugar,Water,None,None,Does not contain
Pani Puri,Semolina,Tamarind,None,"Spiced water, chutney",None,Does not contain
Palak Paneer,Spinach,None,Ghee,"Paneer, spices",Dairy,Contains
Lentil Salad,Lentils,None,Olive oil,"Lemon juice, vegetables",None,Does not contain
Stuffed Bell Peppers,Bell peppers,None,Olive oil,"Ground meat, rice",None,Does not contain
Lemon Garlic Shrimp,Shrimp,None,Olive oil,"Lemon juice, garlic",Shellfish,Contains
Stuffed Tomatoes,Tomatoes,None,None,"Herbs, breadcrumbs",None,Does not contain
Cabbage Rolls,Cabbage,None,Olive oil,"Ground meat, rice",None,Does not contain
Caprese Skewers,Tomatoes,None,Olive oil,"Mozzarella cheese, basil",Dairy,Contains
Tiramisu,Ladyfingers,Sugar,Mascarpone cheese,"Coffee, cocoa","Wheat, Dairy",Contains
Greek Salad,Cucumbers,None,Olive oil,"Feta cheese, olives",Dairy,Contains
Greek Spanakopita,Spinach,None,Olive oil,"Feta cheese, phyllo dough",Dairy,Contains
Mango Salsa,Mango,None,None,"Red onion, lime",None,Does not contain
Blueberry Muffins,Blueberries,Sugar,Butter,Flour,"Wheat, Dairy",Contains
Ratatouille Pizza,Pizza dough,None,Olive oil,Ratatouille vegetables,None,Does not contain
French Fries,Potatoes,None,Vegetable oil,Salt,None,Does not contain
Baked Cod,Cod,None,Butter,"Lemon, herbs","Fish, Dairy",Contains
Pesto Pasta,Pasta,None,Olive oil,"Basil, garlic",None,Does not contain
Zucchini Bread,Zucchini,Sugar,Vegetable oil,Flour,Wheat,Contains
Apple Cider,Apples,Sugar,None,Cinnamon,None,Does not contain
Chicken Caesar Salad,Chicken,None,Caesar dressing,"Romaine lettuce, croutons","Wheat, Dairy",Contains
Gobi Manchurian,Cauliflower,None,Oil,Manchurian sauce,None,Does not contain
Aloo Gobi,Potatoes,None,Oil,"Cauliflower, spices",None,Does not contain
Blueberry Pancakes,Flour,Sugar,Butter,Blueberries,"Wheat, Dairy",Contains
Caramel Popcorn,Popcorn,Sugar,Butter,Salt,Dairy,Contains
Caesar Shrimp Skewers,Shrimp,None,Olive oil,Caesar dressing,"Shellfish, Dairy",Contains
Chicken Curry,Chicken,None,Coconut milk,Curry powder,None,Does not contain
Vegetable Lasagna,Vegetables,None,Olive oil,"Tomato sauce, cheese","Wheat, Dairy",Contains
Avocado Toast,Avocado,None,Olive oil,"Salt, pepper",None,Does not contain
Baked Chicken Wings,Chicken wings,None,Olive oil,Seasonings,None,Does not contain
Chicken Alfredo Pizza,Pizza dough,None,None,"Chicken, Alfredo sauce","Wheat, Dairy",Contains
Veggie Omelette,Mixed vegetables,None,Olive oil,"Salt, pepper",None,Does not contain
Minestrone Soup,Vegetables,None,Olive oil,Tomato broth,None,Does not contain
Quiche Lorraine,Bacon,None,Heavy cream,"Cheese, eggs","Dairy, Eggs",Contains
Chocolate Mousse,Chocolate,Sugar,Heavy cream,Vanilla extract,"Dairy, Cocoa",Contains
Pancakes,Flour,Sugar,Butter,Baking powder,"Wheat, Dairy",Contains
Chocolate Chip Cookies,Flour,Sugar,Butter,Chocolate chips,"Wheat, Dairy",Contains
Garlic Bread,Bread,None,Butter,Garlic,"Wheat, Dairy",Contains
Stuffed Portobello Mushrooms,Portobello mushrooms,None,None,"Cheese, breadcrumbs",Dairy,Contains
Cucumber Salad,Cucumbers,None,Olive oil,"Vinegar, herbs",None,Does not contain
S'mores,Graham crackers,Marshmallows,Chocolate,None,"Wheat, Dairy",Contains
Pumpkin Pie,Pumpkin,Sugar,Butter,"Pumpkin spice, pastry","Wheat, Dairy",Contains
Pancetta Pasta,Pasta,None,Pancetta,"Garlic, herbs",None,Does not contain
Caesar Salad,Romaine lettuce,None,Olive oil,Caesar dressing,Dairy,Contains
Greek Gyro Wrap,Lamb,None,None,"Tzatziki sauce, tomatoes, onions",Dairy,Contains
Berry Cobbler,Mixed berries,Sugar,Butter,Flour,"Wheat, Dairy",Contains
Caramel Apple,Apples,Caramel,None,None,None,Does not contain
Brussels Sprouts,Brussels sprouts,None,Olive oil,Balsamic glaze,None,Does not contain
Mango Lassi,Mango,Sugar,"Yogurt (milk, cultures)",Cardamom,Dairy,Contains
Spinach and Feta Stuffed Chicken,Chicken,None,Olive oil,"Spinach, feta cheese",Dairy,Contains
Pesto Chicken,Chicken,None,Olive oil,Pesto sauce,"Pine nuts, Dairy",Contains
Caprese Sandwich,Tomatoes,None,Olive oil,"Mozzarella cheese, basil",Dairy,Contains
Stuffed Mushrooms,Mushrooms,None,None,"Garlic, herbs",None,Does not contain
Tiramisu,Ladyfingers,Sugar,Mascarpone cheese,"Coffee, cocoa","Wheat, Dairy",Contains
Shrimp Fried Rice,Shrimp,None,Vegetable oil,Soy sauce,"Shellfish, Soybeans",Contains
Chicken Tikka Masala,Chicken,None,Ghee,Tikka masala sauce,"Dairy, Ghee",Contains
Stuffed Bell Peppers,Bell peppers,None,Olive oil,"Ground meat, rice",None,Does not contain
Banana Smoothie,Bananas,Honey,"Yogurt (milk, cultures)",None,Dairy,Contains
Honey Mustard Chicken,Chicken breast,Honey,Mustard,Vegetable oil,None,Contains
Quinoa Salad,Quinoa,None,Olive oil,"Lemon juice, vegetables",None,Does not contain
Chicken Parmesan,Chicken,None,Olive oil,"Tomato sauce, cheese","Wheat, Dairy",Contains
Chicken Curry,Chicken,None,Vegetable oil,Curry powder,None,Does not contain
Baked Salmon,Salmon,None,Olive oil,"Lemon, herbs",Fish,Contains
Ratatouille Pizza,Pizza dough,None,Olive oil,Ratatouille vegetables,None,Does not contain
Caramel Apple,Apples,Caramel,None,None,None,Does not contain
Fish Sticks,Fish fillets,None,Vegetable oil,Salt,Fish,Contains
Honey Soy Glazed Salmon,Salmon,Honey,Soy sauce,"Garlic, ginger","Fish, Soybeans",Contains
Coconut Curry,Chicken,None,Coconut milk,Curry paste,None,Does not contain
Cabbage Rolls,Cabbage,None,Olive oil,"Ground meat, rice",None,Does not contain
Ratatouille Pasta,Pasta,None,Olive oil,Ratatouille vegetables,None,Does not contain
Mango Salsa,Mango,None,None,"Red onion, lime",None,Does not contain
Chicken Piccata,Chicken,None,Butter,"Lemon, capers","Dairy, Fish",Contains
Ratatouille,Eggplant,None,Olive oil,Tomatoes,None,Does not contain
Mango Salsa,Mango,None,None,"Lime juice, cilantro",None,Does not contain
Chicken Alfredo Pizza,Pizza dough,None,None,"Chicken, Alfredo sauce","Wheat, Dairy",Contains
Chicken Noodle Soup,Chicken broth,None,None,Salt,"Chicken, Wheat, Celery",Contains
Cheese Pizza,Cheese,None,None,Tomato sauce,Dairy,Contains
Chicken Tikka Masala,Chicken,None,Ghee,Tikka masala sauce,"Dairy, Ghee",Contains
Omelette,Eggs,None,Butter,"Salt, pepper",Eggs,Contains
Chicken and Rice Soup,Chicken,None,Vegetable oil,"Rice, vegetables",None,Does not contain
Cilantro Lime Chicken,Chicken,None,Olive oil,"Cilantro, lime",None,Does not contain
Vegetable Soup,Mixed vegetables,None,Olive oil,Seasonings,None,Does not contain
Pesto Chicken,Chicken,None,Olive oil,Pesto sauce,"Pine nuts, Dairy",Contains
Tomato Soup,Tomatoes,None,None,"Salt, Sugar",None,Does not contain
Apple,Apples,None,None,None,None,Does not contain
Rice Pudding,Rice,Sugar,Milk,"Cinnamon, raisins","Rice, Dairy",Contains
Chicken Curry,Chicken,None,Oil,Curry spices,None,Does not contain
Banana Smoothie,Bananas,Honey,"Yogurt (milk, cultures)",None,Dairy,Contains
Mango Salsa,Mango,None,None,"Red onion, lime",None,Does not contain
Peanut Butter,Peanuts,Sugar,Vegetable oil,Salt,Peanuts,Contains
Stuffed Mushrooms,Mushrooms,None,None,"Garlic, herbs",None,Does not contain
Peanut Butter,Peanuts,Sugar,Vegetable oil,Salt,Peanuts,Contains
Tofu Stir-Fry,Tofu,None,Vegetable oil,Soy sauce,Soybeans,Contains
Paneer Tikka,Paneer,None,Oil,"Tikka masala, spices",Dairy,Contains
Chicken Teriyaki,Chicken,None,Soy sauce,"Honey, ginger",Soybeans,Contains
Quinoa Salad,Quinoa,None,Olive oil,"Lemon juice, herbs",None,Does not contain
Honey Mustard Chicken,Chicken breast,Honey,Mustard,Vegetable oil,None,Contains
Orange Juice,Oranges,Sugar,None,None,None,Does not contain
Tandoori Chicken,Chicken,None,Yogurt,Tandoori spices,Dairy,Contains
Salsa,Tomatoes,None,None,"Onion, cilantro",None,Does not contain
Lemon Garlic Chicken,Chicken,None,Olive oil,"Lemon juice, garlic",None,Does not contain
Paneer Tikka,Paneer,None,Oil,"Tikka masala, spices",Dairy,Contains
Chicken Parmesan,Chicken,None,Olive oil,"Tomato sauce, cheese","Wheat, Dairy",Contains
Baked Apple,Apples,Sugar,Butter,"Cinnamon, oats","Wheat, Dairy",Contains
Cabbage Rolls,Cabbage,None,Olive oil,"Ground meat, rice",None,Does not contain
Garlic Shrimp,Shrimp,None,Olive oil,Garlic,Shellfish,Contains
Chicken Noodle Casserole,Chicken,None,Butter,"Noodles, vegetables",Wheat,Contains
Spinach Salad,Spinach,None,Olive oil,Balsamic vinegar,None,Does not contain
Cabbage Rolls,Cabbage,None,Olive oil,"Ground meat, rice",None,Does not contain
Garlic Shrimp,Shrimp,None,Olive oil,Garlic,Shellfish,Contains
Blueberry Muffins,Flour,Sugar,Butter,Blueberries,"Wheat, Dairy",Contains
Caesar Salad Wrap,Romaine lettuce,None,Caesar dressing,"Parmesan cheese, croutons","Wheat, Dairy",Contains
Mixed Berry Pie,Mixed berries,Sugar,Butter,Flour,"Wheat, Dairy",Contains
Lobster Roll,Lobster,None,Mayonnaise,"Celery, lemon juice","Shellfish, Eggs",Contains
Chicken Malai Tikka,Chicken,None,Cream,Spices,Dairy,Contains
Lemon Poppy Seed Muffins,Flour,Sugar,Butter,"Lemon zest, poppy seeds","Wheat, Dairy",Contains
Lemon Bars,Lemon juice,Sugar,Butter,"Flour, eggs","Wheat, Dairy, Eggs",Contains
Quinoa Salad,Quinoa,None,Olive oil,"Lemon juice, herbs",None,Does not contain
Mixed Berry Pie,Mixed berries,Sugar,Butter,Flour,"Wheat, Dairy",Contains
Peanut Butter,Peanuts,Sugar,Vegetable oil,Salt,Peanuts,Contains
Mushroom Risotto,Arborio rice,None,Butter,Mushroom,"Wheat, Dairy",Contains
Oatmeal Raisin Cookies,Oats,Sugar,Butter,Flour,"Wheat, Dairy",Contains
Ratatouille Pizza,Pizza dough,None,Olive oil,Ratatouille vegetables,None,Does not contain
Lemon Herb Roasted Chicken,Chicken,None,Olive oil,"Lemon, herbs",None,Does not contain
Blueberry Pancakes,Flour,Sugar,Butter,Blueberries,"Wheat, Dairy",Contains
Tofu Curry,Tofu,None,Coconut milk,Curry paste,None,Does not contain
Milk Chocolate,Sugar,Cocoa butter,Milk powder,Vanilla extract,Milk,Contains
Tofu Stir-Fry,Tofu,None,Vegetable oil,Soy sauce,Soybeans,Contains
Tofu Scramble,Tofu,None,Vegetable oil,"Turmeric, spices",Soybeans,Contains
Chicken and Rice Soup,Chicken,None,Vegetable oil,"Rice, vegetables",None,Does not contain
Brussels Sprouts,Brussels sprouts,None,Olive oil,Balsamic glaze,None,Does not contain
Peanut Butter,Peanuts,Sugar,Vegetable oil,Salt,Peanuts,Contains
Zucchini Noodles with Pesto,Zucchini,None,Olive oil,Pesto sauce,"Pine nuts, Dairy",Contains
Peanut Butter,Peanuts,Sugar,Vegetable oil,Salt,Peanuts,Contains
Veggie Burger,Mixed vegetables,None,Vegetable oil,Seasonings,None,Does not contain
Chicken Enchiladas,Chicken,None,Enchilada sauce,"Cheese, tortillas","Wheat, Dairy",Contains
Honey Glazed Carrots,Carrots,Honey,Butter,None,None,Does not contain
Cilantro Lime Chicken,Chicken,None,Olive oil,"Cilantro, lime",None,Does not contain
Stuffed Portobello Mushrooms,Portobello mushrooms,None,None,"Cheese, breadcrumbs",Dairy,Contains
Beef Burritos,Beef,None,Vegetable oil,Burrito seasoning,None,Does not contain
Vegetable Lasagna,Vegetables,None,Olive oil,"Tomato sauce, cheese","Wheat, Dairy",Contains
Lobster Roll,Lobster,None,Mayonnaise,"Celery, lemon juice","Shellfish, Eggs",Contains
Pesto Chicken,Chicken,None,Olive oil,Pesto sauce,"Pine nuts, Dairy",Contains
Beef and Mushroom Stir-Fry,Beef,None,Vegetable oil,Soy sauce,None,Does not contain
Avocado Toast,Avocado,None,Olive oil,"Salt, pepper",None,Does not contain
Cucumber Salad,Cucumber,None,Olive oil,"Lemon juice, dill",None,Does not contain
Chocolate Chip Pancakes,Flour,Sugar,Butter,Chocolate chips,"Wheat, Dairy, Cocoa",Contains
Baked Apple,Apples,Sugar,Butter,"Cinnamon, oats","Wheat, Dairy",Contains
Sushi Rolls,Sushi rice,None,Soy sauce,"Nori (seaweed), fish","Soybeans, Fish",Contains
Samosa,Potatoes,None,Ghee,Spices,None,Contains
Chicken Teriyaki,Chicken,None,Soy sauce,"Honey, ginger",Soybeans,Contains
Veggie Burger,Mixed vegetables,None,Vegetable oil,Seasonings,None,Does not contain
Garlic Shrimp,Shrimp,None,Olive oil,Garlic,Shellfish,Contains
Baked Ziti,Pasta,None,None,"Tomato sauce, cheese","Wheat, Dairy",Contains
Beef Stir-Fry,Beef,None,Vegetable oil,Soy sauce,None,Does not contain
Beef Wellington,Beef,None,Butter,"Mushrooms, puff pastry","Wheat, Dairy",Contains
Malabar Fish Curry,Fish,None,Coconut oil,"Tamarind, spices","Fish, Coconut",Contains
Chicken and Rice Soup,Chicken,None,Vegetable oil,"Rice, vegetables",None,Does not contain
Beef Stir-Fry,Beef,None,Vegetable oil,Soy sauce,None,Does not contain
Quinoa Stuffed Peppers,Quinoa,None,Olive oil,"Vegetables, spices",None,Does not contain
S'mores,Graham crackers,Marshmallows,Chocolate,None,"Wheat, Dairy",Contains
Malabar Fish Curry,Fish,None,Coconut oil,"Tamarind, spices","Fish, Coconut",Contains
Cinnamon Rolls,Dough,Sugar,Butter,"Cinnamon, icing","Wheat, Dairy",Contains
Lobster Roll,Lobster,None,Mayonnaise,"Celery, lemon juice","Shellfish, Eggs",Contains
Chicken Parmesan,Chicken,None,Olive oil,"Tomato sauce, cheese","Wheat, Dairy",Contains
Chicken Enchiladas,Chicken,None,Enchilada sauce,"Cheese, tortillas","Wheat, Dairy",Contains
Greek Salad,Cucumber,None,Olive oil,Lemon juice,None,Does not contain
Cinnamon Rolls,Flour,Sugar,Butter,Cinnamon,"Wheat, Dairy",Contains
Baked Ziti,Pasta,None,None,"Tomato sauce, cheese","Wheat, Dairy",Contains
Strawberry Spinach Salad,Spinach,None,None,"Strawberries, vinaigrette",None,Does not contain
Oatmeal,Oats,Sugar,Milk,Cinnamon,"Oats, Dairy",Contains
Beef and Broccoli,Beef,None,Vegetable oil,Soy sauce,None,Does not contain
Zucchini Noodles,Zucchini,None,Olive oil,"Garlic, herbs",None,Does not contain
Bacon-Wrapped Shrimp,Shrimp,None,Bacon,Seasonings,"Shellfish, Pork",Contains
Chicken Noodle Casserole,Chicken,None,Butter,"Noodles, vegetables",Wheat,Contains
Caramel Popcorn,Popcorn,Sugar,Butter,Salt,Dairy,Contains
Strawberry Smoothie,Strawberries,Honey,"Yogurt (milk, cultures)",None,Dairy,Contains
Chicken Caesar Salad,Chicken,None,Caesar dressing,"Romaine lettuce, croutons","Wheat, Dairy",Contains
Chicken Stir-Fry,Chicken,None,Vegetable oil,Soy sauce,None,Does not contain
Aloo Gobi,Potatoes,None,Oil,"Cauliflower, spices",None,Does not contain
Rogan Josh,Lamb,None,Ghee,"Yogurt, Kashmiri red chili",Dairy,Contains
Chicken Fettuccine Alfredo,Chicken,None,Butter,"Cream, Parmesan cheese",Dairy,Contains
Oatmeal,Oats,Sugar,Milk,Cinnamon,"Oats, Dairy",Contains
Chicken Piccata,Chicken,None,Butter,"Lemon, capers","Dairy, Fish",Contains
Almond Cookies,Almonds,Sugar,Butter,Flour,"Almonds, Wheat, Dairy",Contains
Egg Salad,Eggs,Mayonnaise,None,"Celery, onion",Eggs,Contains
Apple Pie,Apples,Sugar,Butter,"Cinnamon, pastry","Wheat, Dairy",Contains
Baked Ziti,Pasta,None,Cheese,Tomato sauce,"Wheat, Dairy",Contains
Caprese Salad,Tomatoes,None,Olive oil,"Mozzarella cheese, basil",Dairy,Contains
Dosa,Rice,None,Oil,"Potato masala, chutney",None,Does not contain
Garlic Bread,Bread,None,Butter,Garlic,"Wheat, Dairy",Contains
Garlic Shrimp,Shrimp,None,Olive oil,Garlic,Shellfish,Contains
Chicken Caesar Salad,Chicken,None,Caesar dressing,"Romaine lettuce, croutons","Wheat, Dairy",Contains
Chicken Satay,Chicken,None,Peanut oil,"Satay sauce, spices",Peanuts,Contains
Vegetable Stir-Fry,Mixed vegetables,None,Vegetable oil,Soy sauce,None,Does not contain
Tandoori Chicken,Chicken,None,Yogurt,Tandoori spices,Dairy,Contains
Berry Parfait,Berries,Honey,Yogurt,Granola,Dairy,Contains
Chicken Fajitas,Chicken,None,Vegetable oil,Fajita seasoning,None,Does not contain
Baked Apple,Apples,Sugar,Butter,"Cinnamon, oats","Wheat, Dairy",Contains
Ratatouille Pasta,Pasta,None,Olive oil,Ratatouille vegetables,None,Does not contain
Rasmalai,Paneer,Sugar,"Milk, Ghee","Cardamom, nuts",Dairy,Contains
Hyderabadi Biryani,Basmati rice,None,Ghee,"Meat/vegetables, spices",None,Does not contain
Ratatouille Pasta,Pasta,None,Olive oil,Ratatouille vegetables,None,Does not contain
Strawberry Smoothie,Strawberries,Sugar,Yogurt,Milk,Dairy,Contains
Beef Stroganoff,Beef,None,Sour cream,"Mushrooms, onions",Dairy,Contains
Apple Pie,Apples,Sugar,Butter,Cinnamon,"Wheat, Dairy",Contains
Chicken Korma,Chicken,None,Ghee,"Creamy sauce, spices",Dairy,Contains
Lemon Pepper Chicken,Chicken,None,Olive oil,Lemon pepper seasoning,None,Does not contain
Sushi Bowl,Sushi rice,None,Soy sauce,"Raw fish, vegetables","Fish, Soybeans",Contains
Oatmeal,Oats,Sugar,Milk,Cinnamon,"Oats, Dairy",Contains
Greek Moussaka,Eggplant,None,Olive oil,"Ground meat, potatoes",None,Does not contain
Lobster Bisque,Lobster,None,Butter,"Cream, brandy","Shellfish, Dairy",Contains
Wheat Bread,Wheat flour,None,None,Salt,Wheat,Contains
Chicken Curry,Chicken,None,Vegetable oil,Curry powder,None,Does not contain
Lemon Herb Roasted Chicken,Chicken,None,Olive oil,"Lemon, herbs",None,Does not contain
Lemon Garlic Chicken,Chicken,None,Olive oil,"Lemon juice, garlic",None,Does not contain
Mushroom Risotto,Mushrooms,None,Butter,"Arborio rice, Parmesan cheese",Dairy,Contains
Chicken Biryani,Chicken,None,Ghee,"Basmati rice, spices",None,Does not contain
Apple Pie,Apples,Sugar,Butter,"Cinnamon, pastry","Wheat, Dairy",Contains
Baked Chicken Wings,Chicken wings,None,Olive oil,Seasonings,None,Does not contain
Ratatouille Pasta,Pasta,None,Olive oil,Ratatouille vegetables,None,Does not contain
Vegetable Lasagna,Vegetables,None,Olive oil,"Tomato sauce, cheese","Wheat, Dairy",Contains
Sweet Potato Casserole,Sweet potatoes,Brown sugar,Butter,"Cinnamon, nutmeg","Dairy, Nuts",Contains
Caesar Wrap,Grilled chicken,None,Caesar dressing,"Lettuce, Parmesan cheese",Dairy,Contains
Strawberry Smoothie,Strawberries,Sugar,Yogurt,Milk,Dairy,Contains
Sweet and Sour Chicken,Chicken,Sugar,Vegetable oil,"Pineapple, bell peppers",None,Does not contain
Stuffed Bell Peppers,Bell peppers,None,Olive oil,"Ground meat, rice",None,Does not contain
Grilled Portobello Mushroom Burger,Portobello mushrooms,None,None,"Burger bun, vegetables",Wheat,Contains
Butter Naan,Flour,None,Butter,None,"Wheat, Dairy",Contains
Honey Soy Glazed Salmon,Salmon,Honey,Soy sauce,"Garlic, ginger","Fish, Soybeans",Contains
Chicken Fajitas,Chicken,None,Vegetable oil,Fajita seasoning,None,Does not contain
Chicken Caesar Salad,Chicken,None,Caesar dressing,"Romaine lettuce, croutons","Wheat, Dairy",Contains
Quinoa Salad,Quinoa,None,Olive oil,"Lemon juice, vegetables",None,Does not contain
Cilantro Lime Chicken,Chicken,None,Olive oil,"Cilantro, lime",None,Does not contain
Mango Coconut Popsicles,Mango,Sugar,Coconut milk,None,None,Does not contain
Apple,Apples,None,None,None,None,Does not contain
Stuffed Bell Peppers,Bell peppers,None,Olive oil,"Ground meat, rice",None,Does not contain
Rajma Chawal,Kidney beans,None,Ghee,Spices,None,Contains
Milk Chocolate,Sugar,Cocoa butter,Milk powder,Vanilla extract,Milk,Contains
Tiramisu,Ladyfingers,Sugar,"Mascarpone cheese, coffee liqueur",Cocoa powder,"Wheat, Dairy, Alcohol",Contains
Strawberry Smoothie,Strawberries,Honey,"Yogurt (milk, cultures)",None,Dairy,Contains
Pesto Chicken,Chicken,None,Olive oil,Pesto sauce,"Pine nuts, Dairy",Contains
Berry Parfait,Berries,Honey,Yogurt,Granola,Dairy,Contains
Beef Stroganoff,Beef,None,Sour cream,"Mushrooms, onions",Dairy,Contains
Sushi Rolls,Sushi rice,None,Soy sauce,"Nori (seaweed), fish","Soybeans, Fish",Contains
Beef Stir-Fry,Beef,None,Vegetable oil,Soy sauce,None,Does not contain
Cucumber Salad,Cucumbers,None,Olive oil,"Vinegar, herbs",None,Does not contain
Baked Chicken Wings,Chicken wings,None,Olive oil,Seasonings,None,Does not contain
Chicken Enchiladas,Chicken,None,Enchilada sauce,"Cheese, tortillas","Wheat, Dairy",Contains
Mashed Potatoes,Potatoes,None,Butter,"Salt, Pepper",Dairy,Contains
Strawberry Smoothie,Strawberries,Sugar,Yogurt,Milk,Dairy,Contains
Chicken Caesar Salad,Chicken breast,None,Olive oil,Parmesan cheese,"Dairy, Anchovies",Contains
Chicken Enchiladas,Chicken,None,Vegetable oil,Enchilada sauce,None,Does not contain
Blueberry Muffins,Flour,Sugar,Butter,Blueberries,"Wheat, Dairy",Contains
Margherita Pizza,Pizza dough,None,Olive oil,"Mozzarella cheese, tomatoes, basil",Dairy,Contains
Chana Masala,Chickpeas,None,Oil,Masala spices,None,Does not contain
Greek Spanakopita,Spinach,None,Olive oil,"Feta cheese, phyllo dough",Dairy,Contains
Fish Sticks,Fish fillets,None,Vegetable oil,Salt,Fish,Contains
Greek Yogurt Parfait,Greek yogurt,Honey,None,"Granola, mixed berries",Dairy,Contains
Chicken Teriyaki,Chicken,None,Vegetable oil,Teriyaki sauce,None,Does not contain
Mutton Biryani,Mutton,None,Ghee,"Basmati rice, spices",None,Does not contain
Lentil Curry,Lentils,None,Coconut milk,Curry powder,None,Does not contain
Caramelized Onions,Onions,Sugar,Butter,None,None,Does not contain
Shrimp Scampi,Shrimp,None,Butter,"Garlic, lemon",Shellfish,Contains
Berry Cobbler,Mixed berries,Sugar,Butter,Flour,"Wheat, Dairy",Contains
Chicken Teriyaki,Chicken,None,Vegetable oil,Teriyaki sauce,None,Does not contain
Lemon Garlic Chicken,Chicken,None,Olive oil,"Lemon juice, garlic",None,Does not contain
Baked Ziti,Pasta,None,Cheese,Tomato sauce,"Wheat, Dairy",None
Chicken Caesar Salad,Chicken breast,None,Olive oil,Parmesan cheese,"Dairy, Anchovies",Contains
Apple Pie,Apples,Sugar,Butter,"Cinnamon, pastry","Wheat, Dairy",Contains
Pumpkin Pie,Pumpkin,Sugar,Butter,"Pumpkin spice, pastry","Wheat, Dairy",Contains
Greek Lemon Potatoes,Potatoes,None,Olive oil,"Lemon juice, herbs",None,Does not contain
Zucchini Noodles,Zucchini,None,Olive oil,"Garlic, herbs",None,Does not contain
Caramel Popcorn,Popcorn,Sugar,Butter,Salt,Dairy,Contains
Almond Cookies,Almonds,Sugar,Butter,Flour,"Almonds, Wheat, Dairy",Contains
Apple,Apples,None,None,None,None,Does not contain
Chicken Parmesan,Chicken,None,Olive oil,"Tomato sauce, cheese","Wheat, Dairy",Contains
Raspberry Cheesecake,Cream cheese,Sugar,Butter,"Graham cracker crust, raspberries","Wheat, Dairy",Contains
Beef Stir-Fry,Beef,None,Vegetable oil,Soy sauce,None,Does not contain
Roasted Brussels Sprouts,Brussels sprouts,None,Olive oil,Balsamic glaze,None,Does not contain
Hyderabadi Biryani,Basmati rice,None,Ghee,"Meat/vegetables, spices",None,Does not contain
Baked Apple,Apples,Sugar,Butter,"Cinnamon, oats","Wheat, Dairy",Contains
Spaghetti Bolognese,Ground beef,Sugar,Olive oil,Tomato sauce,None,Contains
Oatmeal Raisin Cookies,Oats,Sugar,Butter,Flour,"Wheat, Dairy",Contains
Key Lime Pie,Lime juice,Sugar,Butter,Graham cracker crust,"Wheat, Dairy",Contains
Fish Sticks,Fish fillets,None,Vegetable oil,Salt,Fish,Contains
Orange Chicken,Chicken,None,Vegetable oil,Orange sauce,None,Does not contain
Lobster Bisque,Lobster,None,Butter,"Cream, brandy","Shellfish, Dairy",Contains
Spinach Salad,Spinach,None,Olive oil,Balsamic vinaigrette,None,Does not contain
Orange Juice,Oranges,Sugar,None,None,None,Does not contain
Cinnamon Rolls,Dough,Sugar,Butter,"Cinnamon, icing","Wheat, Dairy",Contains
Avocado Toast,Avocado,None,Olive oil,"Salt, pepper",None,Does not contain
Lentil Soup,Lentils,None,Olive oil,Vegetables,None,Does not contain
Garlic Shrimp,Shrimp,None,Olive oil,Garlic,Shellfish,Contains
Chicken Noodle Soup,Chicken,None,Vegetable oil,"Noodles, vegetables",None,Does not contain
Aloo Gobi,Potatoes,None,Oil,"Cauliflower, spices",None,Does not contain
Ratatouille Tart,Vegetables,None,Olive oil,"Puff pastry, herbs",None,Does not contain
Miso Soup,Miso paste,None,None,"Tofu, seaweed",Soybeans,Contains
Orange Chicken,Chicken,None,Vegetable oil,Orange sauce,None,Does not contain
Fish Sticks,Fish fillets,None,Vegetable oil,Salt,Fish,Contains
Baked Ziti,Pasta,None,Cheese,Tomato sauce,"Wheat, Dairy",Contains
Lentil Salad,Lentils,None,Olive oil,"Lemon juice, vegetables",None,Does not contain
Chicken Korma,Chicken,None,Ghee,"Creamy sauce, spices",Dairy,Contains
Onion Rings,Onions,None,Vegetable oil,Flour,Wheat,Contains
Blueberry Pancakes,Flour,Sugar,Butter,Blueberries,"Wheat, Dairy",Contains
Roasted Brussels Sprouts,Brussels sprouts,None,Olive oil,Balsamic glaze,None,Does not contain
Chicken Alfredo Pizza,Pizza dough,None,None,"Chicken, Alfredo sauce","Wheat, Dairy",Contains
Beef Wellington,Beef,None,Butter,"Mushrooms, puff pastry","Wheat, Dairy",Contains
Lobster Roll,Lobster,None,Mayonnaise,"Celery, lemon juice","Shellfish, Eggs",Contains
Chicken Piccata,Chicken,None,Butter,"Lemon, capers","Dairy, Fish",Contains
Strawberry Spinach Salad,Spinach,None,None,"Strawberries, vinaigrette",None,Does not contain
Pav Bhaji,Mixed vegetables,None,Butter,"Pav bread, spices",None,Does not contain
Dosa,Rice,None,Oil,"Potato masala, chutney",None,Does not contain
Pesto Pasta Salad,Pasta,None,Pesto sauce,"Tomatoes, vegetables",None,Does not contain
Tofu Stir-Fry,Tofu,None,Vegetable oil,Soy sauce,Soybeans,Contains
Chicken Fajitas,Chicken,None,Vegetable oil,Fajita seasoning,None,Does not contain
Mango Salsa,Mango,None,None,"Red onion, lime",None,Does not contain
Aloo Gobi,Potatoes,None,Oil,"Cauliflower, spices",None,Does not contain
Mango Salsa,Mango,None,None,"Red onion, lime",None,Does not contain
Oatmeal Raisin Cookies,Oats,Brown sugar,Butter,"Raisins, cinnamon","Wheat, Dairy",Contains
Baked Cod,Cod,None,Butter,"Lemon, herbs","Fish, Dairy",Contains
Caesar Salad Wrap,Grilled chicken,None,Caesar dressing,"Lettuce, Parmesan cheese",Dairy,Contains
Shrimp Scampi Pasta,Shrimp,None,Butter,"Garlic, lemon",Shellfish,Contains
Chicken Noodle Casserole,Chicken,None,Butter,"Noodles, vegetables",Wheat,Contains
Lemon Garlic Chicken,Chicken,None,Olive oil,"Lemon juice, garlic",None,Does not contain
Prawn Biryani,Prawns,None,Ghee,"Basmati rice, spices",Shellfish,Contains
Chicken Teriyaki,Chicken,None,Vegetable oil,Teriyaki sauce,None,Does not contain
Quinoa Salad,Quinoa,None,Olive oil,"Lemon juice, vegetables",None,Does not contain
Honey Soy Glazed Salmon,Salmon,Honey,Soy sauce,"Garlic, ginger","Fish, Soybeans",Contains
Pumpkin Pie,Pumpkin,Sugar,Butter,"Pumpkin spice, pastry","Wheat, Dairy",Contains
Chicken Caesar Salad,Chicken,None,Caesar dressing,"Romaine lettuce, croutons","Wheat, Dairy",Contains
Chicken Quesadilla,Chicken,None,Butter,Cheese,"Wheat, Dairy",Contains
Lentil Soup,Lentils,None,Olive oil,Vegetables,None,Does not contain
Quinoa Stuffed Peppers,Quinoa,None,Olive oil,"Vegetables, spices",None,Does not contain
Stuffed Cabbage Rolls,Cabbage,None,Olive oil,"Ground meat, rice",None,Does not contain
Spinach Salad,Spinach,None,Olive oil,Balsamic vinegar,None,Does not contain
Caesar Salad,Romaine lettuce,None,Olive oil,Parmesan cheese,Dairy,Contains
Mixed Berry Pie,Mixed berries,Sugar,Butter,Flour,"Wheat, Dairy",Contains
Caprese Salad,Tomatoes,None,Olive oil,"Mozzarella cheese, basil",Dairy,Contains
Apple Crisp,Apples,Sugar,Butter,"Cinnamon, oats","Wheat, Dairy",Contains
Caesar Shrimp Skewers,Shrimp,None,Olive oil,Caesar dressing,"Shellfish, Dairy",Contains
Chicken Teriyaki,Chicken,None,Soy sauce,"Honey, ginger",Soybeans,Contains
Greek Lemon Chicken,Chicken,None,Olive oil,"Lemon juice, herbs",None,Does not contain
Chicken Noodle Soup,Chicken broth,None,None,Salt,"Chicken, Wheat, Celery",Contains
Lentil Soup,Lentils,None,Olive oil,Vegetables,None,Does not contain
Cilantro Lime Chicken,Chicken,None,Olive oil,"Cilantro, lime",None,Does not contain
French Fries,Potatoes,None,Vegetable oil,Salt,None,Does not contain
Chole Kulche,Chickpeas,None,Ghee,"Kulcha bread, spices",None,Does not contain
Chicken Alfredo Pizza,Pizza dough,None,None,"Chicken, Alfredo sauce","Wheat, Dairy",Contains
Veggie Omelette,Mixed vegetables,None,Olive oil,"Salt, pepper",None,Does not contain
Honey Mustard Chicken,Chicken breast,Honey,Mustard,Vegetable oil,None,Contains
Mushroom and Goat Cheese Flatbread,Mushrooms,None,Olive oil,"Goat cheese, herbs",Dairy,Contains
Chicken Noodle Casserole,Chicken,None,Butter,"Noodles, vegetables",Wheat,Contains
Cucumber Salad,Cucumbers,None,Olive oil,"Vinegar, herbs",None,Does not contain
Sushi,"Fish (salmon, tuna)",Rice vinegar,Sesame oil,Soy sauce,"Fish, Soybeans",Contains
Tandoori Chicken,Chicken,None,Yogurt,Tandoori spices,Dairy,Contains
Ranch Dressing,Buttermilk,Sugar,Vegetable oil,"Garlic, herbs",Dairy,Contains
Rabri,Milk,Sugar,Ghee,"Cardamom, nuts",Dairy,Contains
Baked Garlic Parmesan Chicken,Chicken,None,Butter,"Parmesan cheese, garlic",Dairy,Contains
Greek Gyro,Lamb/Chicken,None,None,"Tzatziki sauce, vegetables","Dairy, Wheat",Contains
Beef Stroganoff,Beef,None,Sour cream,"Mushroom, onion",Dairy,Contains
Chicken Curry,Chicken,None,Vegetable oil,Curry powder,None,Does not contain
Baked Garlic Parmesan Chicken,Chicken,None,Butter,"Parmesan cheese, garlic",Dairy,Contains
Lemon Garlic Shrimp,Shrimp,None,Olive oil,"Lemon juice, garlic",Shellfish,Contains
Stuffed Bell Peppers,Bell peppers,None,Olive oil,"Ground meat, rice",None,Does not contain
Vanilla Yogurt,"Yogurt (milk, cultures)",Sugar,None,Vanilla extract,Milk,Contains
Chicken Curry,Chicken,None,Oil,Curry spices,None,Does not contain
Stuffed Portobello Mushrooms,Portobello mushrooms,None,None,"Cheese, breadcrumbs",Dairy,Contains
Strawberry Shortcake,Strawberries,Sugar,Whipped cream,Shortcake,"Wheat, Dairy",Contains
Chicken Shawarma,Chicken,None,Olive oil,Shawarma seasoning,None,Does not contain
Zucchini Bread,Zucchini,Sugar,Butter,"Cinnamon, nuts","Wheat, Dairy, Nuts",Contains
French Onion Soup,Onions,None,Butter,"Beef broth, cheese, bread","Dairy, Wheat",Contains
Shrimp Scampi Pasta,Shrimp,None,Butter,"Garlic, lemon",Shellfish,Contains
Strawberry Smoothie,Strawberries,Honey,"Yogurt (milk, cultures)",None,Dairy,Contains
Tandoori Chicken,Chicken,None,Yogurt,Tandoori spices,Dairy,Contains
Lemonade,Lemon juice,Sugar,Water,None,None,Does not contain
Banana Bread,Bananas,Sugar,Butter,Flour,"Wheat, Dairy",Contains
Ratatouille Tart,Vegetables,None,Olive oil,"Puff pastry, herbs",None,Does not contain
Vegetable Soup,Mixed vegetables,None,Olive oil,Seasonings,None,Does not contain
Beef Stir-Fry,Beef,None,Vegetable oil,Soy sauce,None,Does not contain
Apple,Apples,None,None,None,None,Does not contain
Chocolate Mousse,Chocolate,Sugar,Heavy cream,Vanilla extract,Dairy,Contains
Mango Salsa,Mango,None,None,"Lime juice, cilantro",None,Does not contain
Strawberry Spinach Salad,Spinach,None,None,"Strawberries, vinaigrette",None,Does not contain
Raspberry Spinach Salad,Spinach,None,None,"Raspberries, vinaigrette",None,Does not contain
Black Bean Soup,Black beans,None,Olive oil,Vegetables,None,Does not contain
Tiramisu,Ladyfingers,Sugar,Mascarpone cheese,"Coffee, cocoa","Wheat, Dairy",Contains
Greek Moussaka,Eggplant,None,Olive oil,"Ground meat, potatoes",None,Does not contain
Margherita Pasta,Pasta,None,Olive oil,"Fresh tomatoes, mozzarella",Dairy,Contains
Chicken Satay,Chicken,None,Peanut butter,Soy sauce,Peanuts,Contains
Baked Ziti,Pasta,None,Cheese,Tomato sauce,"Wheat, Dairy",Contains
Blueberry Pancakes,Flour,Sugar,Butter,Blueberries,"Wheat, Dairy",Contains
Prawn Biryani,Prawns,None,Ghee,"Basmati rice, spices",Shellfish,Contains
Vada Pav,Potato,None,Oil,"Pav bun, chutney",None,Does not contain
Biryani,Rice,None,Ghee,"Biryani masala, spices",None,Does not contain
Tofu Stir-Fry,Tofu,None,Vegetable oil,Soy sauce,Soybeans,Contains
Chicken Noodle Soup,Chicken broth,None,None,Salt,"Chicken, Wheat, Celery",Contains
Lemon Pepper Chicken,Chicken,None,Olive oil,Lemon pepper seasoning,None,Does not contain
Chicken Shawarma,Chicken,None,Olive oil,Shawarma spices,None,Does not contain
Apple,Apples,None,None,None,None,Does not contain
Greek Moussaka,Eggplant,None,Olive oil,"Ground meat, potatoes",None,Does not contain
Baked Salmon,Salmon fillet,None,Olive oil,"Lemon, herbs",Fish,Contains
Tuna Salad,Tuna,Mayonnaise,None,"Celery, onion","Fish, Eggs",Contains
Raspberry Cheesecake,Cream cheese,Sugar,Butter,"Graham cracker crust, raspberries","Wheat, Dairy",Contains
Lemon Garlic Chicken,Chicken,None,Olive oil,"Lemon juice, garlic",None,Does not contain
Caesar Pasta Salad,Pasta,None,Caesar dressing,"Romaine lettuce, Parmesan cheese","Wheat, Dairy",Contains
Chicken Enchiladas,Chicken,None,Enchilada sauce,"Cheese, tortillas","Wheat, Dairy",Contains
Lentil Salad,Lentils,None,Olive oil,"Lemon juice, vegetables",None,Does not contain
Tuna Sandwich,Tuna,Mayonnaise,None,"Salt, Pepper","Fish, Eggs",Contains
Caesar Pasta Salad,Pasta,None,Caesar dressing,"Romaine lettuce, Parmesan cheese","Wheat, Dairy",Contains
Aloo Gobi,Potatoes,None,Oil,"Cauliflower, spices",None,Does not contain
Lobster Roll,Lobster,None,Mayonnaise,"Celery, lemon juice","Shellfish, Eggs",Contains
Spinach Salad,Spinach,None,Olive oil,Balsamic vinaigrette,None,Does not contain
Mango Coconut Popsicles,Mango,Sugar,Coconut milk,None,None,Does not contain
Beef Stroganoff,Beef,None,Sour cream,"Mushrooms, onions",Dairy,Contains
Caesar Salad Wrap,Romaine lettuce,None,Caesar dressing,"Parmesan cheese, croutons","Wheat, Dairy",Contains
Chicken Satay,Chicken,None,Peanut oil,"Satay sauce, spices",Peanuts,Contains
Strawberry Shortcake,Strawberries,Sugar,Whipped cream,Shortcake,"Wheat, Dairy",Contains
Vegetable Stir-Fry,Mixed vegetables,None,Vegetable oil,Soy sauce,None,Does not contain
Tuna Salad,Tuna,Mayonnaise,None,"Celery, onion","Fish, Eggs",Contains
Onion Rings,Onions,None,Vegetable oil,Flour,Wheat,Contains
Tofu Stir-Fry,Tofu,None,Vegetable oil,Soy sauce,Soybeans,Contains
Malai Chicken Tikka,Chicken,None,Cream,Spices,Dairy,Contains
Soy Milk,Soybeans,Sugar,None,Emulsifiers,Soybeans,Contains
Sweet Potato Casserole,Sweet potatoes,Brown sugar,Butter,"Cinnamon, nutmeg","Dairy, Nuts",Contains
Mango Coconut Popsicles,Mango,Sugar,Coconut milk,None,None,Does not contain
Greek Gyro,Lamb/Chicken,None,None,"Tzatziki sauce, vegetables","Dairy, Wheat",Contains
Egg Salad Sandwich,Eggs,Mayonnaise,None,"Celery, mustard","Eggs, Mustard",Contains
Chicken and Rice Soup,Chicken,None,Vegetable oil,"Rice, vegetables",None,Does not contain
Lemon Poppy Seed Muffins,Flour,Sugar,Butter,"Lemon zest, poppy seeds","Wheat, Dairy",Contains
Peanut Butter,Peanuts,Sugar,Vegetable oil,Salt,Peanuts,Contains
Margherita Pizza,Cheese,None,None,"Tomato sauce, basil",Dairy,Contains
Malabar Fish Curry,Fish,None,Coconut oil,"Tamarind, spices","Fish, Coconut",Contains
Beef Burger,Ground beef,None,Vegetable oil,"Salt, Pepper",None,Does not contain
Tofu Stir-Fry,Tofu,None,Vegetable oil,Soy sauce,Soybeans,Contains
Tiramisu,Ladyfingers,Sugar,Mascarpone cheese,"Coffee, cocoa","Wheat, Dairy",Contains
Chicken Alfredo Pizza,Pizza dough,None,None,"Chicken, Alfredo sauce","Wheat, Dairy",Contains
Lemon Dill Salmon,Salmon,None,Olive oil,"Lemon, dill",Fish,Contains
Chicken Alfredo Pizza,Pizza dough,None,None,"Chicken, Alfredo sauce","Wheat, Dairy",Contains
Gazpacho,Tomatoes,None,Olive oil,"Garlic, herbs",None,Does not contain
Onion Rings,Onions,None,Vegetable oil,Flour,Wheat,Contains
Pesto Chicken,Chicken,None,Pesto sauce,None,None,Does not contain
Chicken Alfredo Pizza,Pizza dough,None,None,"Chicken, Alfredo sauce","Wheat, Dairy",Contains
Caesar Shrimp Skewers,Shrimp,None,Olive oil,Caesar dressing,"Shellfish, Dairy",Contains
Gazpacho,Tomatoes,None,Olive oil,"Garlic, herbs",None,Does not contain
Greek Lemon Potatoes,Potatoes,None,Olive oil,"Lemon juice, herbs",None,Does not contain
Tiramisu,Ladyfingers,Sugar,Mascarpone cheese,"Coffee, cocoa","Wheat, Dairy",Contains
Ratatouille Pizza,Pizza dough,None,Olive oil,Ratatouille vegetables,None,Does not contain
Margherita Pasta,Pasta,None,Olive oil,"Fresh tomatoes, mozzarella",Dairy,Contains
Tandoori Chicken,Chicken,None,Yogurt,Tandoori spices,Dairy,Contains
Caesar Salad Wrap,Grilled chicken,None,Caesar dressing,"Lettuce, Parmesan cheese",Dairy,Contains
Caesar Salad Wrap,Romaine lettuce,None,Caesar dressing,"Parmesan cheese, croutons","Wheat, Dairy",Contains
Tiramisu,Ladyfingers,Sugar,Mascarpone cheese,"Coffee, cocoa","Wheat, Dairy",Contains
Spinach Artichoke Dip,Spinach,None,"Cream cheese, sour cream","Parmesan cheese, garlic",Dairy,Contains
Quinoa Salad,Quinoa,None,Olive oil,"Lemon juice, herbs",None,Does not contain
Malabar Fish Curry,Fish,None,Coconut oil,"Tamarind, spices","Fish, Coconut",Contains
Caesar Shrimp Skewers,Shrimp,None,Olive oil,Caesar dressing,"Shellfish, Dairy",Contains
Tofu Scramble,Tofu,None,Vegetable oil,"Turmeric, spices",Soybeans,Contains
Beef Tacos,Ground beef,None,Vegetable oil,Taco seasoning,None,Does not contain
Chole Bhature,Chickpeas,Sugar,Ghee,"Chole masala, spices",None,Does not contain
Strawberry Yogurt,"Yogurt (milk, cultures)",Sugar,None,Pectin,"Milk, Strawberries",Contains
Blueberry Muffins,Flour,Sugar,Butter,Blueberries,"Wheat, Dairy",Contains
Caesar Pasta Salad,Pasta,None,Caesar dressing,"Romaine lettuce, Parmesan cheese","Wheat, Dairy",Contains
Berry Parfait,Mixed berries,Sugar,"Yogurt (milk, cultures)",Granola,Dairy,Contains
Apple Cider,Apples,Sugar,None,Cinnamon,None,Does not contain
Kheer,Rice,Sugar,Ghee,"Cardamom, nuts",Dairy,Contains
Butter Naan,Flour,None,Butter,None,"Wheat, Dairy",Contains
Stuffed Mushrooms,Mushrooms,None,None,"Cheese, breadcrumbs",Dairy,Contains
French Onion Soup,Onions,None,Butter,"Beef broth, cheese, bread","Dairy, Wheat",Contains
Beef Wellington,Beef,None,Butter,"Mushrooms, puff pastry","Wheat, Dairy",Contains
Cinnamon Rolls,Dough,Sugar,Butter,"Cinnamon, icing","Wheat, Dairy",Contains
Brussels Sprouts,Brussels sprouts,None,Olive oil,Balsamic glaze,None,Does not contain
Chicken Fettuccine Alfredo,Chicken,None,Butter,"Cream, Parmesan cheese",Dairy,Contains
Chicken Noodle Soup,Chicken broth,None,None,Salt,"Chicken, Wheat, Celery",Contains
Miso Soup,Miso paste,None,None,"Tofu, seaweed",Soybeans,Contains
Caramelized Onions,Onions,Sugar,Butter,None,None,Does not contain
Tofu Curry,Tofu,None,Coconut milk,Curry paste,None,Does not contain
Lemon Bars,Lemon juice,Sugar,Butter,"Flour, eggs","Wheat, Dairy, Eggs",Contains
Baked Salmon,Salmon,None,Olive oil,"Lemon, herbs",Fish,Contains
Mushroom Soup,Mushrooms,None,Butter,Vegetable broth,Dairy,Contains
Caesar Salad Wrap,Romaine lettuce,None,Caesar dressing,"Parmesan cheese, croutons","Wheat, Dairy",Contains
Milk Chocolate,Sugar,Cocoa butter,Milk powder,Vanilla extract,Milk,Contains
Palak Paneer,Spinach,None,Ghee,"Paneer, spices",Dairy,Contains
Blueberry Pancakes,Flour,Sugar,Butter,Blueberries,"Wheat, Dairy",Contains
Strawberry Spinach Salad,Spinach,None,None,"Strawberries, vinaigrette",None,Does not contain
Strawberry Smoothie,Strawberries,Sugar,Yogurt,Milk,Dairy,Contains
Apple Crisp,Apples,Sugar,Butter,"Cinnamon, oats","Wheat, Dairy",Contains
Zucchini Noodles with Pesto,Zucchini,None,Olive oil,Pesto sauce,"Pine nuts, Dairy",Contains
Tofu Stir-Fry,Tofu,None,Vegetable oil,Soy sauce,Soybeans,Contains
Quiche Lorraine,Bacon,None,Heavy cream,"Cheese, eggs","Dairy, Eggs",Contains
Lemon Garlic Shrimp,Shrimp,None,Olive oil,"Lemon juice, garlic",Shellfish,Contains
Aloo Gobi,Potatoes,None,Oil,"Cauliflower, spices",None,Does not contain
Spinach Stuffed Chicken,Chicken,None,Olive oil,"Spinach, garlic",None,Does not contain
Chicken Parmesan,Chicken,None,Olive oil,"Tomato sauce, cheese","Wheat, Dairy",Contains
Caesar Salad Wrap,Romaine lettuce,None,Caesar dressing,"Parmesan cheese, croutons","Wheat, Dairy",Contains
Dosa,Rice,None,Oil,"Potato masala, chutney",None,Does not contain
Mango Coconut Popsicles,Mango,Sugar,Coconut milk,None,None,Does not contain
Oatmeal,Oats,Sugar,Milk,Cinnamon,"Oats, Dairy",Contains
Caprese Skewers,Tomatoes,None,Olive oil,"Mozzarella cheese, basil",Dairy,Contains
Lemon Poppy Seed Muffins,Flour,Sugar,Butter,"Lemon zest, poppy seeds","Wheat, Dairy",Contains
Pesto Pasta,Pasta,None,Olive oil,"Basil, garlic",None,Does not contain
Beef Stir-Fry,Beef,None,Vegetable oil,Soy sauce,None,Does not contain
Chicken Parmesan,Chicken,None,Olive oil,"Tomato sauce, cheese","Wheat, Dairy",Contains
Cilantro Lime Chicken,Chicken,None,Olive oil,"Cilantro, lime",None,Does not contain
Cheese Pizza,Cheese,None,None,Tomato sauce,Dairy,Contains
Wheat Bread,Wheat flour,None,None,Salt,Wheat,Contains
Beef and Broccoli,Beef,None,Vegetable oil,Soy sauce,None,Does not contain
Mutton Biryani,Mutton,None,Ghee,"Basmati rice, spices",None,Does not contain
Spinach Artichoke Dip,Spinach,None,"Cream cheese, sour cream","Parmesan cheese, garlic",Dairy,Contains
Beef Chili,Ground beef,None,None,Chili powder,None,Does not contain
Egg Fried Rice,Eggs,None,Sesame oil,Soy sauce,"Eggs, Soybeans",Contains
Beef Chili,Ground beef,None,None,Chili powder,None,Does not contain
Vanilla Yogurt,"Yogurt (milk, cultures)",Sugar,None,Vanilla extract,Milk,Contains
Chicken Satay,Chicken,None,Peanut butter,Soy sauce,Peanuts,Contains
Chicken Alfredo Pizza,Pizza dough,None,None,"Chicken, Alfredo sauce","Wheat, Dairy",Contains
Sushi,"Fish (salmon, tuna)",Rice vinegar,Sesame oil,Soy sauce,"Fish, Soybeans",Contains
Pani Puri,Semolina,Tamarind,None,"Spiced water, chutney",None,Does not contain
S'mores,Graham crackers,Marshmallows,Chocolate,None,"Wheat, Dairy",Contains
Pancake Stack,Flour,Sugar,Butter,Maple syrup,"Wheat, Dairy",Contains
Hawaiian Pizza,Pizza dough,None,None,"Pineapple, ham","Wheat, Pork, Dairy",Contains
Chicken Piccata,Chicken,None,Butter,"Lemon, capers","Dairy, Fish",Contains
Caesar Salad,Romaine lettuce,None,Olive oil,Caesar dressing,Dairy,Contains
Baked Brie,Brie cheese,None,None,"Herbs, nuts","Dairy, Nuts",Contains
Baked Salmon,Salmon,None,Olive oil,"Lemon, herbs",Fish,Contains
Mango Coconut Popsicles,Mango,Sugar,Coconut milk,None,None,Does not contain
Vanilla Ice Cream,Milk,Sugar,Cream,Vanilla extract,Milk,Contains
Vanilla Cupcakes,Flour,Sugar,Butter,Vanilla extract,"Wheat, Dairy",Contains
Pasta Carbonara,Pasta,None,Bacon,"Egg, Parmesan cheese","Wheat, Dairy",Contains
Vegetable Stir-Fry,Mixed vegetables,None,Vegetable oil,Soy sauce,None,Does not contain
Lemon Bars,Flour,Sugar,Butter,Lemon juice,"Wheat, Dairy",Contains
Garlic Shrimp,Shrimp,None,Olive oil,Garlic,Shellfish,Contains
Chicken Noodle Soup,Chicken,None,Vegetable oil,"Noodles, vegetables",None,Does not contain
Banana Bread,Bananas,Sugar,Butter,Flour,"Wheat, Dairy",Contains
Tiramisu,Ladyfingers,Sugar,Mascarpone cheese,"Coffee, cocoa","Wheat, Dairy",Contains
Strawberry Yogurt,"Yogurt (milk, cultures)",Sugar,None,Pectin,"Milk, Strawberries",Contains
Greek Lemon Chicken,Chicken,None,Olive oil,"Lemon juice, herbs",None,Does not contain
Rabri,Milk,Sugar,Ghee,"Cardamom, nuts",Dairy,Contains
Chicken Noodle Soup,Chicken,None,Vegetable oil,"Noodles, vegetables",None,Does not contain
Vegetable Soup,Mixed vegetables,None,Olive oil,Seasonings,None,Does not contain
Cheddar Cheese,Cheese,None,None,Salt,Dairy,Contains
Caramel Apple,Apples,Caramel,None,None,None,Does not contain
Baked Ziti,Pasta,None,Cheese,Tomato sauce,"Wheat, Dairy",Contains
Peanut Butter,Peanuts,Sugar,Vegetable oil,Salt,Peanuts,Contains
Lemon Garlic Chicken,Chicken,None,Olive oil,"Lemon juice, garlic",None,Does not contain
Almond Cookies,Almonds,Sugar,Butter,Flour,"Almonds, Wheat, Dairy",Contains
Chicken Shawarma,Chicken,None,Olive oil,Shawarma seasoning,None,Does not contain
Aloo Gobi,Potatoes,None,Oil,"Cauliflower, spices",None,Does not contain
Chicken Korma,Chicken,None,Ghee,"Creamy sauce, spices",Dairy,Contains
Chocolate Mousse,Chocolate,Sugar,Heavy cream,Vanilla extract,"Dairy, Cocoa",Contains
Watermelon Salad,Watermelon,None,None,"Feta cheese, mint",Dairy,Contains
Lemon Pepper Chicken,Chicken,None,Olive oil,Lemon pepper seasoning,None,Does not contain
Onion Rings,Onions,None,Vegetable oil,Flour,Wheat,Contains
Ratatouille Pizza,Pizza dough,None,Olive oil,Ratatouille vegetables,None,Does not contain
Banana Pudding,Bananas,Sugar,Milk,"Vanilla pudding mix, cookies",Dairy,Contains
Prawn Biryani,Prawns,None,Ghee,"Basmati rice, spices",Shellfish,Contains
Chicken Noodle Soup,Chicken broth,None,None,Salt,"Chicken, Wheat, Celery",Contains
Apple Pie,Apples,Sugar,Butter,"Cinnamon, pastry","Wheat, Dairy",Contains
Caramel Apple,Apples,Caramel,None,None,None,Does not contain
Apple Crisp,Apples,Sugar,Butter,"Cinnamon, oats","Wheat, Dairy",Contains
Honey Soy Glazed Salmon,Salmon,Honey,Soy sauce,"Garlic, ginger","Fish, Soybeans",Contains
Oatmeal Raisin Cookies,Oats,Brown sugar,Butter,"Raisins, cinnamon","Wheat, Dairy",Contains
Caramel Apple,Apples,Caramel,None,None,None,Does not contain
Chicken Curry,Chicken,None,Oil,Curry spices,None,Does not contain
Baked Chicken Wings,Chicken wings,None,Olive oil,Seasonings,None,Does not contain
Pancakes,Flour,Sugar,Butter,Baking powder,"Wheat, Dairy",Contains
Cinnamon Rolls,Dough,Sugar,Butter,"Cinnamon, icing","Wheat, Dairy",Contains
Grilled Portobello Mushroom Burger,Portobello mushrooms,None,None,"Burger bun, vegetables",Wheat,Contains
Mushroom Risotto,Mushrooms,None,Butter,"Arborio rice, Parmesan cheese",Dairy,Contains
Spinach Salad,Spinach,None,Olive oil,Balsamic vinaigrette,None,Does not contain
Baked Chicken Wings,Chicken wings,None,Olive oil,Seasonings,None,Does not contain
Chicken Fajitas,Chicken,None,Vegetable oil,Fajita seasoning,None,Does not contain
Carrot Cake,Carrots,Sugar,Vegetable oil,Cinnamon,"Wheat, Dairy",Contains
Pancakes,Flour,Sugar,Butter,Baking powder,"Wheat, Dairy",Contains
Greek Moussaka,Eggplant,None,Olive oil,"Ground meat, potatoes",None,Does not contain
Chicken Parmesan,Chicken,None,Olive oil,"Tomato sauce, cheese","Wheat, Dairy",Contains
Bacon-Wrapped Shrimp,Shrimp,None,Bacon,Seasonings,"Shellfish, Pork",Contains
Quinoa Stuffed Peppers,Quinoa,None,Olive oil,"Vegetables, spices",None,Does not contain
Beef Tacos,Beef,None,Vegetable oil,Taco seasoning,None,Does not contain
Dosa,Rice,None,Oil,"Potato masala, chutney",None,Does not contain
Gulab Jamun,Milk solids,Sugar,Ghee,Cardamom syrup,Dairy,Contains
Beef Tacos,Beef,None,Vegetable oil,Taco seasoning,None,Does not contain
Quinoa Stuffed Peppers,Quinoa,None,Olive oil,"Vegetables, spices",None,Does not contain
Chocolate Cake,Flour,Sugar,Butter,Cocoa powder,"Wheat, Dairy, Cocoa",Contains
Dosa,Rice,None,Oil,"Potato masala, chutney",None,Does not contain
Raspberry Cheesecake,Cream cheese,Sugar,Butter,"Graham cracker crust, raspberries","Wheat, Dairy",Contains
Lemon Bars,Flour,Sugar,Butter,Lemon juice,"Wheat, Dairy",Contains
Watermelon Salad,Watermelon,None,None,"Feta cheese, mint",Dairy,Contains
Pancakes,Flour,Sugar,Butter,Baking powder,"Wheat, Dairy",Contains
Jalebi,Flour,Sugar,Ghee,Saffron syrup,"Wheat, Dairy",Contains
Chicken Enchiladas,Chicken,None,Enchilada sauce,"Cheese, tortillas","Wheat, Dairy",Contains
Chicken Satay,Chicken,None,Peanut butter,Soy sauce,Peanuts,Contains
Cucumber Salad,Cucumbers,None,Olive oil,"Vinegar, herbs",None,Does not contain
Beef and Mushroom Stir-Fry,Beef,None,Vegetable oil,Soy sauce,None,Does not contain
Apple Cider,Apples,Sugar,None,Cinnamon,None,Does not contain
Vegetable Biryani,Mixed vegetables,None,Ghee,"Basmati rice, spices",None,Does not contain
Chocolate Chip Pancakes,Flour,Sugar,Butter,Chocolate chips,"Wheat, Dairy, Cocoa",Contains
Banana Smoothie,Bananas,Honey,"Yogurt (milk, cultures)",None,Dairy,Contains
Oatmeal Raisin Cookies,Oats,Sugar,Butter,Flour,"Wheat, Dairy",Contains
Greek Spanakopita,Spinach,None,Olive oil,"Feta cheese, phyllo dough",Dairy,Contains
S'mores,Graham crackers,Marshmallows,Chocolate,None,"Wheat, Dairy",Contains
Mushroom Risotto,Arborio rice,None,Butter,Mushroom,"Wheat, Dairy",Contains
Minestrone Soup,Vegetables,None,Olive oil,Tomato broth,None,Does not contain
Mango Salsa,Mango,None,None,"Lime juice, cilantro",None,Does not contain
Gobi Manchurian,Cauliflower,None,Oil,Manchurian sauce,None,Does not contain
Greek Moussaka,Eggplant,None,Olive oil,"Ground meat, potatoes",None,Does not contain
Stuffed Bell Peppers,Bell peppers,None,Olive oil,"Ground meat, rice",None,Does not contain
Shrimp Scampi,Shrimp,None,Butter,"Garlic, lemon","Shellfish, Dairy",Contains
Ratatouille Pasta,Pasta,None,Olive oil,Ratatouille vegetables,None,Does not contain
Ratatouille Pasta,Pasta,None,Olive oil,Ratatouille vegetables,None,Does not contain
Ratatouille,Eggplant,None,Olive oil,Tomatoes,None,Does not contain
Garlic Bread,Bread,None,Butter,Garlic,"Wheat, Dairy",Contains
Butternut Squash Soup,Butternut squash,None,Butter,Vegetable broth,Dairy,Contains
Quinoa Stuffed Peppers,Quinoa,None,Olive oil,"Vegetables, spices",None,Does not contain
Minestrone Soup,Vegetables,None,Olive oil,Tomato broth,None,Does not contain
Sweet Potato Casserole,Sweet potatoes,Brown sugar,Butter,"Cinnamon, nutmeg","Dairy, Nuts",Contains
Quiche Lorraine,Bacon,None,Heavy cream,"Cheese, eggs","Dairy, Eggs",Contains
Mushroom Soup,Mushrooms,None,Butter,Vegetable broth,Dairy,Contains
Lemon Bars,Lemon juice,Sugar,Butter,"Flour, eggs","Wheat, Dairy, Eggs",Contains
Quinoa Salad,Quinoa,None,Olive oil,"Lemon juice, herbs",None,Does not contain
Stuffed Portobello Mushrooms,Portobello mushrooms,None,None,"Cheese, breadcrumbs",Dairy,Contains
Tandoori Chicken,Chicken,None,Yogurt,Tandoori spices,Dairy,Contains
Strawberry Smoothie,Strawberries,Sugar,Yogurt,Milk,Dairy,Contains
Teriyaki Salmon,Salmon fillet,Sugar,Soy sauce,"Ginger, garlic","Fish, Soybeans",Contains
Shrimp Scampi Pasta,Shrimp,None,Butter,"Garlic, lemon",Shellfish,Contains
Berry Cobbler,Mixed berries,Sugar,Butter,Flour,"Wheat, Dairy",Contains
Lemon Poppy Seed Muffins,Flour,Sugar,Butter,"Lemon zest, poppy seeds","Wheat, Dairy",Contains
Caprese Salad,Tomatoes,None,Olive oil,"Mozzarella cheese, basil",Dairy,Contains
Greek Moussaka,Eggplant,None,Olive oil,"Ground meat, potatoes",None,Does not contain
Ratatouille Tart,Vegetables,None,Olive oil,"Puff pastry, herbs",None,Does not contain
Vanilla Yogurt,"Yogurt (milk, cultures)",Sugar,None,Vanilla extract,Milk,Contains
Mutton Biryani,Mutton,None,Ghee,"Basmati rice, spices",None,Does not contain
Greek Gyro,Lamb/Chicken,None,None,"Tzatziki sauce, vegetables","Dairy, Wheat",Contains
Egg Salad Sandwich,Eggs,Mayonnaise,None,"Celery, mustard","Eggs, Mustard",Contains
Teriyaki Salmon,Salmon,None,Vegetable oil,Teriyaki sauce,Fish,Contains
Rasmalai,Paneer,Sugar,"Milk, Ghee","Cardamom, nuts",Dairy,Contains
Chicken Teriyaki,Chicken,None,Soy sauce,"Honey, ginger",Soybeans,Contains
Apple Pie,Apples,Sugar,Butter,Cinnamon,"Wheat, Dairy",Contains
Pasta Carbonara,Pasta,None,Bacon,"Egg, Parmesan cheese","Wheat, Dairy",Contains
Zucchini Noodles with Pesto,Zucchini,None,Olive oil,Pesto sauce,"Pine nuts, Dairy",Contains
Strawberry Spinach Salad,Spinach,None,None,"Strawberries, vinaigrette",None,Does not contain
Cinnamon Rolls,Dough,Sugar,Butter,"Cinnamon, icing","Wheat, Dairy",Contains
Miso Soup,Miso paste,None,None,"Tofu, seaweed",Soybeans,Contains
Strawberry Spinach Salad,Spinach,None,None,"Strawberries, vinaigrette",None,Does not contain
Malabar Fish Curry,Fish,None,Coconut oil,"Tamarind, spices","Fish, Coconut",Contains
Chicken and Rice Soup,Chicken,None,Vegetable oil,"Rice, vegetables",None,Does not contain
Lentil Soup,Lentils,None,Olive oil,Vegetables,None,Does not contain
Sushi Bowl,Sushi rice,None,Soy sauce,"Raw fish, vegetables","Fish, Soybeans",Contains
Mushroom Soup,Mushrooms,None,Butter,Vegetable broth,Dairy,Contains
Chicken Parmesan,Chicken,None,"Bread crumbs, Parmesan cheese",Marinara sauce,Dairy,Contains
Sausage and Pepper Pizza,Pizza dough,None,None,"Sausage, bell peppers","Wheat, Dairy",Contains
Vegetable Lasagna,Vegetables,None,Olive oil,"Tomato sauce, cheese","Wheat, Dairy",Contains
Stuffed Portobello Mushrooms,Portobello mushrooms,None,None,"Cheese, breadcrumbs",Dairy,Contains
Apple,Apples,None,None,None,None,Does not contain
Stuffed Tomatoes,Tomatoes,None,None,"Herbs, breadcrumbs",None,Does not contain
Pancetta Pasta,Pasta,None,Pancetta,"Garlic, herbs",None,Does not contain
Quinoa Salad,Quinoa,None,Olive oil,"Lemon juice, vegetables",None,Does not contain
Chicken Curry,Chicken,None,Oil,Curry spices,None,Does not contain
Sausage Pizza,Sausage,None,None,Mozzarella cheese,None,Does not contain
Rogan Josh,Lamb,None,Ghee,"Yogurt, Kashmiri red chili",Dairy,Contains
Veggie Burger,Mixed vegetables,None,Vegetable oil,Seasonings,None,Does not contain
Veggie Omelette,Mixed vegetables,None,Olive oil,"Salt, pepper",None,Does not contain
Oatmeal Raisin Cookies,Oats,Sugar,Butter,Flour,"Wheat, Dairy",Contains
Vegetable Lasagna,Vegetables,None,Olive oil,"Tomato sauce, cheese","Wheat, Dairy",Contains
French Onion Soup,Onions,None,Butter,"Beef broth, cheese, bread","Dairy, Wheat",Contains
Matar Paneer,Paneer,None,Ghee,"Peas, spices",Dairy,Contains
Gobi Manchurian,Cauliflower,None,Oil,Manchurian sauce,None,Does not contain
Onion Rings,Onions,None,Vegetable oil,Flour,Wheat,Contains
Strawberry Smoothie,Strawberries,Sugar,Yogurt,Milk,Dairy,Contains
Bacon-Wrapped Shrimp,Shrimp,None,Bacon,Seasonings,"Shellfish, Pork",Contains
Caramel Apple,Apples,Caramel,None,None,None,Does not contain
Chicken Caesar Salad,Chicken breast,None,Olive oil,Parmesan cheese,"Dairy, Anchovies",Contains
Margherita Pizza,Cheese,None,None,"Tomato sauce, basil",Dairy,Contains
Pesto Chicken,Chicken,None,Olive oil,Pesto sauce,"Pine nuts, Dairy",Contains
Aloo Paratha,Potatoes,None,Ghee,"Wheat flour, spices",Wheat,Contains
Honey Soy Glazed Salmon,Salmon,Honey,Soy sauce,"Garlic, ginger","Fish, Soybeans",Contains
Caesar Pasta Salad,Pasta,None,Caesar dressing,"Romaine lettuce, Parmesan cheese","Wheat, Dairy",Contains
S'mores,Graham crackers,Marshmallows,Chocolate,None,"Wheat, Dairy",Contains
Caesar Salad Wrap,Romaine lettuce,None,Caesar dressing,"Parmesan cheese, croutons","Wheat, Dairy",Contains
Greek Yogurt,"Yogurt (milk, cultures)",Honey,None,None,Dairy,Contains
Quiche Lorraine,Bacon,None,Heavy cream,"Cheese, eggs","Dairy, Eggs",Contains
Sausage and Pepper Pizza,Pizza dough,None,None,"Sausage, bell peppers","Wheat, Dairy",Contains
Spinach Salad,Spinach,None,Olive oil,Balsamic vinaigrette,None,Does not contain
Chocolate Mousse,Chocolate,Sugar,Heavy cream,Vanilla extract,Dairy,Contains
Chicken Noodle Casserole,Chicken,None,Butter,"Noodles, vegetables",Wheat,Contains
Baked Brie,Brie cheese,None,None,"Herbs, nuts","Dairy, Nuts",Contains
Ratatouille,Vegetables,None,Olive oil,Herbs,None,Does not contain
Pesto Chicken,Chicken,None,Olive oil,Pesto sauce,"Pine nuts, Dairy",Contains
Butter Naan,Flour,None,Butter,None,"Wheat, Dairy",Contains
Chicken Curry,Chicken,None,Vegetable oil,Curry powder,None,Does not contain
Matar Paneer,Paneer,None,Ghee,"Peas, spices",Dairy,Contains
Berry Smoothie,Mixed berries,Sugar,"Yogurt (milk, cultures)",None,Dairy,Contains
Chicken Korma,Chicken,None,Ghee,"Creamy sauce, spices",Dairy,Contains
Tandoori Chicken,Chicken,None,Yogurt,Tandoori spices,Dairy,Contains
Blueberry Pancakes,Flour,Sugar,Butter,Blueberries,"Wheat, Dairy",Contains
Chicken Satay,Chicken,None,Peanut oil,"Satay sauce, spices",Peanuts,Contains
Chocolate Cake,Flour,Sugar,Butter,Cocoa powder,"Wheat, Dairy, Cocoa",Contains
Miso Soup,Miso paste,None,None,"Tofu, seaweed",Soybeans,Contains
Lemon Bars,Lemon juice,Sugar,Butter,"Flour, eggs","Wheat, Dairy, Eggs",Contains
Mango Coconut Popsicles,Mango,Sugar,Coconut milk,None,None,Does not contain
Mashed Potatoes,Potatoes,None,Butter,"Salt, Pepper",Dairy,Contains
Stuffed Cabbage Rolls,Cabbage,None,Olive oil,"Ground meat, rice",None,Does not contain
Teriyaki Salmon,Salmon,None,Vegetable oil,Teriyaki sauce,Fish,Contains
Omelette,Eggs,None,Butter,"Salt, pepper",Eggs,Contains
Chicken Satay,Chicken,None,Peanut oil,"Satay sauce, spices",Peanuts,Contains
Beef Stroganoff,Beef,None,Sour cream,"Mushrooms, onions",Dairy,Contains
Raspberry Cheesecake,Cream cheese,Sugar,Butter,"Graham cracker crust, raspberries","Wheat, Dairy",Contains
Palak Paneer,Spinach,None,Ghee,"Paneer, spices",Dairy,Contains
Pesto Chicken,Chicken,None,Olive oil,Pesto sauce,"Pine nuts, Dairy",Contains
Fish Sticks,Fish fillets,None,Vegetable oil,Salt,Fish,Contains
Stuffed Cabbage Rolls,Cabbage,None,Olive oil,"Ground meat, rice",None,Does not contain
Mushroom Risotto,Mushrooms,None,Butter,"Arborio rice, Parmesan cheese",Dairy,Contains
Veggie Burger,Mixed vegetables,None,Vegetable oil,Seasonings,None,Does not contain
Strawberry Yogurt,"Yogurt (milk, cultures)",Sugar,None,Pectin,"Milk, Strawberries",Contains
Vegetable Stir-Fry,Mixed vegetables,None,Vegetable oil,Soy sauce,None,Does not contain
Beef Burritos,Beef,None,Vegetable oil,Burrito seasoning,None,Does not contain
Spinach Salad,Spinach,None,Olive oil,Balsamic vinaigrette,None,Does not contain
Beef Stroganoff,Beef,None,Sour cream,"Mushrooms, onions",Dairy,Contains
Spinach Salad,Spinach,None,Olive oil,Balsamic vinaigrette,None,Does not contain
Wheat Bread,Wheat flour,None,None,Salt,Wheat,Contains
Cheese Pizza,Cheese,None,None,Tomato sauce,Dairy,Contains
Mango Salsa,Mango,None,None,"Red onion, lime",None,Does not contain
Caramel Apple,Apples,Caramel,None,None,None,Does not contain
Honey Glazed Carrots,Carrots,Honey,Butter,None,None,Does not contain
Margherita Pasta,Pasta,None,Olive oil,"Mozzarella cheese, tomatoes, basil",Dairy,Contains
Sausage and Pepper Pizza,Pizza dough,None,None,"Sausage, bell peppers","Wheat, Dairy",Contains
Stuffed Portobello Mushrooms,Portobello mushrooms,None,None,"Cheese, breadcrumbs",Dairy,Contains
Rasgulla,Paneer,Sugar,None,"Rose water, syrup",Dairy,Contains
Omelette,Eggs,None,Butter,"Salt, pepper",Eggs,Contains
Tandoori Chicken,Chicken,None,Yogurt,Tandoori spices,Dairy,Contains
Vegetable Lasagna,Vegetables,None,Olive oil,"Tomato sauce, cheese","Wheat, Dairy",Contains
Berry Smoothie,Mixed berries,Sugar,"Yogurt (milk, cultures)",None,Dairy,Contains
Beef Tacos,Ground beef,None,Vegetable oil,Taco seasoning,None,Does not contain
Greek Lemon Chicken,Chicken,None,Olive oil,"Lemon juice, herbs",None,Does not contain
Lentil Salad,Lentils,None,Olive oil,"Lemon juice, vegetables",None,Does not contain
Cheddar Cheese,Cheese,None,None,Salt,Dairy,Contains
Masala Dosa,Rice,None,Oil,"Potato masala, spices",None,Does not contain
Rice Pudding,Rice,Sugar,Milk,"Cinnamon, raisins","Rice, Dairy",Contains
Soy Milk,Soybeans,Sugar,None,Emulsifiers,Soybeans,Contains
Mango Coconut Popsicles,Mango,Sugar,Coconut milk,None,None,Does not contain
Carrot Cake,Carrots,Sugar,Vegetable oil,Cinnamon,"Wheat, Dairy",Contains
Chicken Noodle Soup,Chicken broth,None,None,Salt,"Chicken, Wheat, Celery",Contains
Chicken Piccata,Chicken,None,Butter,"Lemon, capers","Dairy, Fish",Contains
Lentil Soup,Lentils,None,Olive oil,Vegetables,None,Does not contain
Beef Burritos,Ground beef,None,Vegetable oil,Taco seasoning,None,Does not contain
Chicken Curry,Chicken,None,Oil,Curry spices,None,Does not contain
Cinnamon Rolls,Dough,Sugar,Butter,"Cinnamon, icing","Wheat, Dairy",Contains
Chicken Quesadilla,Chicken,None,Butter,Cheese,"Wheat, Dairy",Contains
Garlic Bread,Bread,None,Butter,Garlic,"Wheat, Dairy",Contains
Banana Bread,Bananas,Sugar,Butter,Flour,"Wheat, Dairy",Contains
Stuffed Tomatoes,Tomatoes,None,None,"Herbs, breadcrumbs",None,Does not contain
Chocolate Mousse,Chocolate,Sugar,Heavy cream,Vanilla extract,Dairy,Contains
Beef Burger,Ground beef,None,Vegetable oil,"Salt, Pepper",None,Does not contain
Caesar Salad,Romaine lettuce,None,Olive oil,Caesar dressing,Dairy,Contains
Strawberry Yogurt,"Yogurt (milk, cultures)",Sugar,None,Pectin,"Milk, Strawberries",Contains
Caesar Salad Wrap,Romaine lettuce,None,Caesar dressing,"Parmesan cheese, croutons","Wheat, Dairy",Contains
Caesar Salad,Romaine lettuce,None,Olive oil,Caesar dressing,Dairy,Contains
Oatmeal,Oats,Sugar,Milk,Cinnamon,"Oats, Dairy",Contains
Honey Glazed Carrots,Carrots,Honey,Butter,None,None,Does not contain
Pav Bhaji,Mixed vegetables,None,Butter,"Pav bread, spices",None,Does not contain
Shrimp Scampi,Shrimp,None,Butter,"Garlic, lemon","Shellfish, Dairy",Contains
Roasted Brussels Sprouts,Brussels sprouts,None,Olive oil,Balsamic glaze,None,Does not contain
Raspberry Spinach Salad,Spinach,None,None,"Raspberries, vinaigrette",None,Does not contain
Berry Parfait,Mixed berries,Sugar,"Yogurt (milk, cultures)",Granola,Dairy,Contains
Pancake Stack,Flour,Sugar,Butter,Maple syrup,"Wheat, Dairy",Contains
Lobster Bisque,Lobster,None,Butter,"Cream, brandy","Shellfish, Dairy",Contains
Lemonade,Lemon juice,Sugar,Water,None,None,Does not contain
Sausage and Pepper Pizza,Pizza dough,None,None,"Sausage, bell peppers","Wheat, Dairy",Contains
Chicken Noodle Soup,Chicken broth,None,None,Salt,"Chicken, Wheat, Celery",Contains
Blueberry Muffins,Blueberries,Sugar,Butter,Flour,"Wheat, Dairy",Contains
Beef Stroganoff,Beef,None,Sour cream,"Mushrooms, onions",Dairy,Contains
Quinoa Stuffed Peppers,Quinoa,None,Olive oil,"Vegetables, spices",None,Does not contain
Pesto Pasta,Pasta,None,Olive oil,"Basil, garlic",None,Does not contain
Cinnamon Rolls,Dough,Sugar,Butter,"Cinnamon, icing","Wheat, Dairy",Contains
Tandoori Chicken,Chicken,None,Yogurt,Tandoori spices,Dairy,Contains
Peanut Butter,Peanuts,Sugar,Vegetable oil,Salt,Peanuts,Contains
Chocolate Mousse,Chocolate,Sugar,Heavy cream,Vanilla extract,"Dairy, Cocoa",Contains
Baked Ziti,Pasta,None,Cheese,Tomato sauce,"Wheat, Dairy",Contains
Chicken Piccata,Chicken,None,Butter,"Lemon, capers","Dairy, Fish",Contains
Oatmeal,Oats,Sugar,Milk,Cinnamon,"Oats, Dairy",Contains
Beef and Broccoli,Beef,None,Vegetable oil,Soy sauce,None,Does not contain
Ranch Dressing,Buttermilk,Sugar,Vegetable oil,"Garlic, herbs",Dairy,Contains
Pani Puri,Semolina,Tamarind,None,"Spiced water, chutney",None,Does not contain
Almond Cookies,Almonds,Sugar,Butter,Flour,"Almonds, Wheat, Dairy",Contains
Spinach Stuffed Chicken,Chicken,None,Olive oil,"Spinach, garlic",None,Does not contain
Zucchini Noodles,Zucchini,None,Olive oil,"Garlic, herbs",None,Does not contain
Sushi Rolls,Sushi rice,None,Soy sauce,"Nori (seaweed), fish","Soybeans, Fish",Contains
Apple Crisp,Apples,Sugar,Butter,"Cinnamon, oats","Wheat, Dairy",Contains
Chicken Curry,Chicken,None,Coconut milk,Curry powder,None,Does not contain
Pesto Pasta,Pasta,None,Olive oil,"Basil, garlic",None,Does not contain
Strawberry Smoothie,Strawberries,Sugar,Yogurt,Milk,Dairy,Contains
Tofu Curry,Tofu,None,Coconut milk,Curry paste,None,Does not contain
Pecan Pie,Pecans,Sugar,Butter,Corn syrup,"Wheat, Dairy, Nuts",Contains
Spaghetti Bolognese,Ground beef,Sugar,Olive oil,Tomato sauce,None,Contains
Apple Pie,Apples,Sugar,Butter,"Cinnamon, pastry","Wheat, Dairy",Contains
Caprese Salad,Tomatoes,None,Olive oil,"Mozzarella cheese, basil",Dairy,Contains
Caesar Salad Wrap,Romaine lettuce,None,Caesar dressing,"Parmesan cheese, croutons","Wheat, Dairy",Contains
Coconut Curry,Chicken,None,Coconut milk,Curry paste,None,Does not contain
Onion Rings,Onions,None,Vegetable oil,Flour,Wheat,Contains
Jalebi,Flour,Sugar,Ghee,Saffron syrup,"Wheat, Dairy",Contains
Chicken and Rice Soup,Chicken,None,Vegetable oil,"Rice, vegetables",None,Does not contain
Pumpkin Soup,Pumpkin,None,Butter,"Nutmeg, cream",Dairy,Contains
Prawn Biryani,Prawns,None,Ghee,"Basmati rice, spices",Shellfish,Contains
Mango Salsa,Mango,None,None,"Red onion, lime",None,Does not contain
Apple Crisp,Apples,Sugar,Butter,"Cinnamon, oats","Wheat, Dairy",Contains
Strawberry Yogurt,"Yogurt (milk, cultures)",Sugar,None,Pectin,"Milk, Strawberries",Contains
Paniyaram,Fermented batter,None,Oil,"Mustard seeds, curry leaves",None,Does not contain
Pani Puri,Semolina,Tamarind,None,"Spiced water, chutney",None,Does not contain
Pesto Pizza,Pesto sauce,None,None,"Mozzarella cheese, basil",Dairy,Contains
Caprese Salad,Tomatoes,None,Olive oil,"Mozzarella cheese, basil",Dairy,Contains
Apple Pie,Apples,Sugar,Butter,"Cinnamon, pastry","Wheat, Dairy",Contains
Honey Soy Glazed Salmon,Salmon,Honey,Soy sauce,"Garlic, ginger","Fish, Soybeans",Contains
Baked Salmon,Salmon fillet,None,Olive oil,"Lemon, herbs",Fish,Contains
Berry Smoothie,Mixed berries,Sugar,"Yogurt (milk, cultures)",None,Dairy,Contains
Caesar Salad,Romaine lettuce,None,Olive oil,Parmesan cheese,Dairy,Contains
Ranch Dressing,Buttermilk,Sugar,Vegetable oil,"Garlic, herbs",Dairy,Contains
Ratatouille Tart,Vegetables,None,Olive oil,"Puff pastry, herbs",None,Does not contain
Caprese Sandwich,Tomatoes,None,Olive oil,"Mozzarella cheese, basil",Dairy,Contains
Chicken Noodle Soup,Chicken,None,Vegetable oil,"Noodles, vegetables",None,Does not contain
Chicken Tikka Masala,Chicken,None,Ghee,Tikka masala sauce,"Dairy, Ghee",Contains
Mango Coconut Popsicles,Mango,Sugar,Coconut milk,None,None,Does not contain
Chicken Noodle Soup,Chicken broth,None,None,Salt,"Chicken, Wheat, Celery",Contains
Chocolate Chip Pancakes,Flour,Sugar,Butter,Chocolate chips,"Wheat, Dairy, Cocoa",Contains
Mango Salsa,Mango,None,None,"Lime juice, cilantro",None,Does not contain
Strawberry Yogurt,"Yogurt (milk, cultures)",Sugar,None,Pectin,"Milk, Strawberries",Contains
Lemon Bars,Lemon juice,Sugar,Butter,"Flour, eggs","Wheat, Dairy, Eggs",Contains
Chicken Caesar Salad,Chicken breast,None,Olive oil,Parmesan cheese,"Dairy, Anchovies",Contains
Beef and Mushroom Stir-Fry,Beef,None,Vegetable oil,Soy sauce,None,Does not contain
Raspberry Spinach Salad,Spinach,None,None,"Raspberries, vinaigrette",None,Does not contain
Chicken Enchiladas,Chicken,None,Enchilada sauce,"Cheese, tortillas","Wheat, Dairy",Contains
Quinoa Stuffed Peppers,Quinoa,None,Olive oil,"Vegetables, spices",None,Does not contain
BBQ Ribs,Pork ribs,Brown sugar,Vegetable oil,BBQ sauce,None,Contains
Caramel Apple,Apples,Caramel,None,None,None,Does not contain
Butternut Squash Soup,Butternut squash,None,Butter,Vegetable broth,Dairy,Contains
Chicken Alfredo Pizza,Pizza dough,None,None,"Chicken, Alfredo sauce","Wheat, Dairy",Contains
Omelette,Eggs,None,Butter,"Salt, pepper",Eggs,Contains
Lemon Bars,Flour,Sugar,Butter,Lemon juice,"Wheat, Dairy",Contains
Ratatouille,Eggplant,None,Olive oil,Tomatoes,None,Does not contain
Pecan Pie,Pecans,Sugar,Butter,Corn syrup,"Wheat, Dairy, Nuts",Contains
Chicken Alfredo Pizza,Pizza dough,None,None,"Chicken, Alfredo sauce","Wheat, Dairy",Contains
Chicken Malai Tikka,Chicken,None,Cream,Spices,Dairy,Contains
Baked Apple,Apples,Sugar,Butter,"Cinnamon, oats","Wheat, Dairy",Contains
Spinach Salad,Spinach,None,Olive oil,Balsamic vinaigrette,None,Does not contain
Tiramisu,Ladyfingers,Sugar,Mascarpone cheese,"Coffee, cocoa","Wheat, Dairy",Contains
Quinoa Salad,Quinoa,None,Olive oil,"Lemon juice, herbs",None,Does not contain
Sweet Potato Casserole,Sweet potatoes,Brown sugar,Butter,"Cinnamon, nutmeg","Dairy, Nuts",Contains
Wheat Bread,Wheat flour,None,None,Salt,Wheat,Contains
Ratatouille Tart,Vegetables,None,Olive oil,"Puff pastry, herbs",None,Does not contain
Chicken Noodle Soup,Chicken broth,None,None,Salt,"Chicken, Wheat, Celery",Contains
Shrimp Fried Rice,Shrimp,None,Vegetable oil,Soy sauce,"Shellfish, Soybeans",Contains
Chicken Alfredo Pizza,Pizza dough,None,None,"Chicken, Alfredo sauce","Wheat, Dairy",Contains
Lemon Bars,Flour,Sugar,Butter,Lemon juice,"Wheat, Dairy",Contains
Chicken Teriyaki,Chicken,None,Vegetable oil,Teriyaki sauce,None,Does not contain
Hawaiian Pizza,Pizza dough,None,None,"Pineapple, ham","Wheat, Pork, Dairy",Contains
Strawberry Smoothie,Strawberries,Sugar,Yogurt,Milk,Dairy,Contains
Lentil Curry,Lentils,None,Coconut milk,Curry powder,None,Does not contain
Tandoori Chicken,Chicken,None,Yogurt,Tandoori spices,Dairy,Contains
Stuffed Cabbage Rolls,Cabbage,None,Olive oil,"Ground meat, rice",None,Does not contain
Mushroom Soup,Mushrooms,None,Butter,Vegetable broth,Dairy,Contains
Vegetable Stir-Fry,Mixed vegetables,None,Vegetable oil,Soy sauce,None,Does not contain
Chicken Noodle Soup,Chicken,None,Vegetable oil,"Noodles, vegetables",None,Does not contain
Caesar Salad Wrap,Romaine lettuce,None,Caesar dressing,"Parmesan cheese, croutons","Wheat, Dairy",Contains
Stuffed Mushrooms,Mushrooms,None,None,"Garlic, herbs",None,Does not contain
Shrimp Scampi,Shrimp,None,Butter,"Garlic, lemon",Shellfish,Contains
Chicken Noodle Soup,Chicken broth,None,None,Salt,"Chicken, Wheat, Celery",Contains
Bacon-Wrapped Shrimp,Shrimp,None,Bacon,Seasonings,"Shellfish, Pork",Contains
Chicken Curry,Chicken,None,Coconut milk,Curry powder,None,Does not contain
Strawberry Spinach Salad,Spinach,None,None,"Strawberries, vinaigrette",None,Does not contain
Eggplant Parmesan,Eggplant,None,Olive oil,"Marinara sauce, cheese",Dairy,Contains
Pani Puri,Semolina,Tamarind,None,"Spiced water, chutney",None,Does not contain
Berry Parfait,Berries,Honey,Yogurt,Granola,Dairy,Contains
Chicken Caesar Salad,Chicken,None,Caesar dressing,"Romaine lettuce, croutons","Wheat, Dairy",Contains
Apple,Apples,None,None,None,None,Does not contain
Vanilla Ice Cream,Milk,Sugar,Cream,Vanilla extract,Milk,Contains
Mango Coconut Popsicles,Mango,Sugar,Coconut milk,None,None,Does not contain
Tandoori Chicken,Chicken,None,Yogurt,Tandoori spices,Dairy,Contains
Baked Brie,Brie cheese,None,None,"Herbs, nuts","Dairy, Nuts",Contains
Bacon-Wrapped Shrimp,Shrimp,None,Bacon,Seasonings,"Shellfish, Pork",Contains
Lobster Roll,Lobster,None,Mayonnaise,"Celery, lemon juice","Shellfish, Eggs",Contains
Cheddar Cheese,Cheese,None,None,Salt,Dairy,Contains
Greek Lemon Potatoes,Potatoes,None,Olive oil,"Lemon juice, herbs",None,Does not contain
Green Smoothie,Spinach,Honey,Avocado,Almond milk,None,Does not contain
Chicken Alfredo Pizza,Pizza dough,None,None,"Chicken, Alfredo sauce","Wheat, Dairy",Contains
Palak Paneer,Spinach,None,Ghee,"Paneer, spices",Dairy,Contains
Sushi Bowl,Sushi rice,None,Soy sauce,"Raw fish, vegetables","Fish, Soybeans",Contains
Veggie Omelette,Mixed vegetables,None,Olive oil,"Salt, pepper",None,Does not contain
Pumpkin Pie,Pumpkin,Sugar,Butter,"Pumpkin spice, pastry","Wheat, Dairy",Contains
Beef Burger,Ground beef,None,Vegetable oil,"Salt, Pepper",None,Does not contain
Key Lime Pie,Lime juice,Sugar,Butter,Graham cracker crust,"Wheat, Dairy",Contains
S'mores,Graham crackers,Marshmallows,Chocolate,None,"Wheat, Dairy",Contains
Caprese Sandwich,Tomatoes,None,Olive oil,"Mozzarella cheese, basil",Dairy,Contains
Tiramisu,Ladyfingers,Sugar,"Mascarpone cheese, coffee liqueur",Cocoa powder,"Wheat, Dairy, Alcohol",Contains
Chicken Caesar Salad,Chicken,None,Caesar dressing,"Romaine lettuce, croutons","Wheat, Dairy",Contains
Veggie Burger,Mixed vegetables,None,Vegetable oil,Seasonings,None,Does not contain
Chicken Fajitas,Chicken,None,Vegetable oil,Fajita seasoning,None,Does not contain
Shrimp Scampi,Shrimp,None,Butter,"Garlic, lemon",Shellfish,Contains
French Onion Soup,Onions,None,Butter,"Beef broth, cheese, bread","Dairy, Wheat",Contains
Lobster Roll,Lobster,None,Mayonnaise,"Celery, lemon juice","Shellfish, Eggs",Contains
Tofu Curry,Tofu,None,Coconut milk,Curry paste,None,Does not contain
Hyderabadi Biryani,Basmati rice,None,Ghee,"Meat/vegetables, spices",None,Does not contain
Chicken Noodle Soup,Chicken,None,Vegetable oil,"Noodles, vegetables",None,Does not contain
Mushroom and Goat Cheese Flatbread,Mushrooms,None,Olive oil,"Goat cheese, herbs",Dairy,Contains
Almond Cookies,Almonds,Sugar,Butter,Flour,"Almonds, Wheat, Dairy",Contains
Caprese Sandwich,Tomatoes,None,Olive oil,"Mozzarella cheese, basil",Dairy,Contains
Shrimp Scampi Pasta,Shrimp,None,Butter,"Garlic, lemon",Shellfish,Contains
Egg Fried Rice,Eggs,None,Sesame oil,Soy sauce,"Eggs, Soybeans",Contains
Tomato Bruschetta,Tomatoes,None,Olive oil,"Garlic, basil",None,Does not contain
Mango Coconut Popsicles,Mango,Sugar,Coconut milk,None,None,Does not contain
Carrot Cake,Carrots,Sugar,Vegetable oil,Cinnamon,"Wheat, Dairy",Contains
Sushi Bowl,Sushi rice,None,Soy sauce,"Raw fish, vegetables","Fish, Soybeans",Contains
Lemonade,Lemon juice,Sugar,Water,None,None,Does not contain
Stuffed Tomatoes,Tomatoes,None,None,"Herbs, breadcrumbs",None,Does not contain
Bacon-Wrapped Shrimp,Shrimp,None,Bacon,Seasonings,"Shellfish, Pork",Contains
Lemon Poppy Seed Muffins,Flour,Sugar,Butter,"Lemon zest, poppy seeds","Wheat, Dairy",Contains
Beef Stroganoff,Beef,None,Sour cream,"Mushroom, onion",Dairy,Contains
Beef Tacos,Ground beef,None,Vegetable oil,Taco seasoning,None,Does not contain
Biryani,Rice,None,Ghee,"Biryani masala, spices",None,Does not contain
Blueberry Muffins,Flour,Sugar,Butter,Blueberries,"Wheat, Dairy",Contains
Veggie Omelette,Mixed vegetables,None,Olive oil,"Salt, pepper",None,Does not contain
Chicken Enchiladas,Chicken,None,Enchilada sauce,"Cheese, tortillas","Wheat, Dairy",Contains
Beef Tacos,Ground beef,None,Vegetable oil,Taco seasoning,None,Does not contain
Greek Spanakopita,Spinach,None,Olive oil,"Feta cheese, phyllo dough",Dairy,Contains
Banana Bread,Bananas,Sugar,Butter,Flour,"Wheat, Dairy",Contains
Rasmalai,Paneer,Sugar,"Milk, Ghee","Cardamom, nuts",Dairy,Contains
Spinach Salad,Spinach,None,Olive oil,Balsamic vinaigrette,None,Does not contain
Chicken Malai Tikka,Chicken,None,Cream,Spices,Dairy,Contains
Pesto Pizza,Pesto sauce,None,None,"Mozzarella cheese, basil",Dairy,Contains
Fruit Salad,Mixed fruits,Sugar,None,Lemon juice,None,Does not contain
Ratatouille Tart,Vegetables,None,Olive oil,"Puff pastry, herbs",None,Does not contain
Cabbage Rolls,Cabbage,None,Olive oil,"Ground meat, rice",None,Does not contain
S'mores,Graham crackers,Marshmallows,Chocolate,None,"Wheat, Dairy",Contains
Pancakes,Flour,Sugar,Butter,Baking powder,"Wheat, Dairy",Contains
Caesar Shrimp Skewers,Shrimp,None,Olive oil,Caesar dressing,"Shellfish, Dairy",Contains
Minestrone Soup,Vegetables,None,Olive oil,Tomato broth,None,Does not contain
Beef Wellington,Beef,None,Butter,"Mushrooms, puff pastry","Wheat, Dairy",Contains
Prawn Curry,Prawns,None,Coconut milk,Curry spices,"Shellfish, Dairy",Contains
Chicken Shawarma,Chicken,None,Olive oil,Shawarma seasoning,None,Does not contain
S'mores,Graham crackers,Marshmallows,Chocolate,None,"Wheat, Dairy",Contains
Sausage and Pepper Pizza,Pizza dough,None,None,"Sausage, bell peppers","Wheat, Dairy",Contains
Greek Lemon Chicken,Chicken,None,Olive oil,"Lemon juice, herbs",None,Does not contain
Caprese Salad,Tomatoes,None,Olive oil,"Mozzarella cheese, basil",Dairy,Contains
Stuffed Tomatoes,Tomatoes,None,None,"Herbs, breadcrumbs",None,Does not contain
Oatmeal,Oats,Sugar,Milk,Cinnamon,"Oats, Dairy",Contains
Carrot Cake,Carrots,Sugar,Vegetable oil,Cinnamon,"Wheat, Dairy",Contains
Sweet Potato Fries,Sweet potatoes,None,Vegetable oil,"Salt, paprika",None,Does not contain
Pani Puri,Semolina,Tamarind,None,"Spiced water, chutney",None,Does not contain
Greek Spanakopita,Spinach,None,Olive oil,"Feta cheese, phyllo dough",Dairy,Contains
Spinach Artichoke Dip,Spinach,None,"Cream cheese, sour cream","Parmesan cheese, garlic",Dairy,Contains
Beef Burger,Ground beef,None,Vegetable oil,"Salt, Pepper",None,Does not contain
Greek Moussaka,Eggplant,None,Olive oil,"Ground meat, potatoes",None,Does not contain
Ratatouille,Vegetables,None,Olive oil,Herbs,None,Does not contain
Caesar Pasta Salad,Pasta,None,Caesar dressing,"Romaine lettuce, Parmesan cheese","Wheat, Dairy",Contains
Greek Yogurt,"Yogurt (milk, cultures)",None,None,None,Dairy,Contains
Lemon Bars,Flour,Sugar,Butter,Lemon juice,"Wheat, Dairy",Contains
Biryani,Rice,None,Ghee,"Biryani masala, spices",None,Does not contain
Shrimp Scampi,Shrimp,None,Butter,"Garlic, lemon",Shellfish,Contains
Cabbage Rolls,Cabbage,None,Olive oil,"Ground meat, rice",None,Does not contain
Pumpkin Soup,Pumpkin,None,Butter,"Nutmeg, cream",Dairy,Contains
Beef Stir-Fry,Beef,None,Vegetable oil,Soy sauce,None,Does not contain
Apple Crisp,Apples,Sugar,Butter,Cinnamon,"Wheat, Dairy",Contains
Garlic Bread,Bread,None,Butter,Garlic,"Wheat, Dairy",Contains
Strawberry Shortcake,Strawberries,Sugar,Whipped cream,Shortcake,"Wheat, Dairy",Contains
Chicken Alfredo Pizza,Pizza dough,None,None,"Chicken, Alfredo sauce","Wheat, Dairy",Contains
Tiramisu,Ladyfingers,Sugar,Mascarpone cheese,"Coffee, cocoa","Wheat, Dairy",Contains
Spinach Salad,Spinach,None,Olive oil,Balsamic vinaigrette,None,Does not contain
Black Bean Soup,Black beans,None,Olive oil,Vegetables,None,Does not contain
Stuffed Mushrooms,Mushrooms,None,None,"Garlic, herbs",None,Does not contain
Beef Stir-Fry,Beef,None,Vegetable oil,Soy sauce,None,Does not contain
Beef Burritos,Ground beef,None,Vegetable oil,Taco seasoning,None,Does not contain
Fish Sticks,Fish fillets,None,Vegetable oil,Salt,Fish,Contains
Brussels Sprouts,Brussels sprouts,None,Olive oil,Balsamic glaze,None,Does not contain
Malai Chicken Tikka,Chicken,None,Cream,Spices,Dairy,Contains
Chicken Noodle Soup,Chicken broth,None,None,Salt,"Chicken, Wheat, Celery",Contains
Beef Burritos,Beef,None,Vegetable oil,Burrito seasoning,None,Does not contain
Malabar Fish Curry,Fish,None,Coconut oil,"Tamarind, spices","Fish, Coconut",Contains
Mango Coconut Popsicles,Mango,Sugar,Coconut milk,None,None,Does not contain
Chicken Parmesan,Chicken,None,Olive oil,"Tomato sauce, cheese","Wheat, Dairy",Contains
Chicken and Rice Soup,Chicken,None,Vegetable oil,"Rice, vegetables",None,Does not contain
Sausage and Pepper Pizza,Pizza dough,None,None,"Sausage, bell peppers","Wheat, Dairy",Contains
Lentil Salad,Lentils,None,Olive oil,"Lemon juice, vegetables",None,Does not contain
Lemonade,Lemon juice,Sugar,Water,None,None,Does not contain
Cheese Pizza,Cheese,None,None,Tomato sauce,Dairy,Contains
Chicken Teriyaki,Chicken,None,Vegetable oil,Teriyaki sauce,None,Does not contain
Quinoa Salad,Quinoa,None,Olive oil,"Lemon juice, vegetables",None,Does not contain
Vegetable Soup,Mixed vegetables,None,Olive oil,Seasonings,None,Does not contain
Berry Parfait,Berries,Honey,Yogurt,Granola,Dairy,Contains
Ratatouille Tart,Vegetables,None,Olive oil,"Puff pastry, herbs",None,Does not contain
Lemon Poppy Seed Muffins,Flour,Sugar,Butter,"Lemon zest, poppy seeds","Wheat, Dairy",Contains
Berry Smoothie,Mixed berries,Sugar,"Yogurt (milk, cultures)",None,Dairy,Contains
Spinach Stuffed Chicken,Chicken,None,Olive oil,"Spinach, garlic",None,Does not contain
Caprese Sandwich,Tomatoes,None,Olive oil,"Mozzarella cheese, basil",Dairy,Contains
Quinoa Salad,Quinoa,None,Olive oil,"Lemon juice, herbs",None,Does not contain
Baked Salmon,Salmon,None,Olive oil,"Lemon, herbs",Fish,Contains
Strawberry Smoothie,Strawberries,Sugar,Yogurt,Milk,Dairy,Contains
Milk Chocolate,Sugar,Cocoa butter,Milk powder,Vanilla extract,Milk,Contains
Peanut Butter,Peanuts,Sugar,Vegetable oil,Salt,Peanuts,Contains
Pecan Pie,Pecans,Sugar,Butter,Corn syrup,"Wheat, Dairy, Nuts",Contains
Paneer Tikka,Paneer,None,Oil,"Tikka masala, spices",Dairy,Contains
Greek Spanakopita,Spinach,None,Olive oil,"Feta cheese, phyllo dough",Dairy,Contains
Caramelized Onions,Onions,Sugar,Butter,None,None,Does not contain
Sweet Potato Casserole,Sweet potatoes,Brown sugar,Butter,"Cinnamon, nutmeg","Dairy, Nuts",Contains
Chicken Pot Pie,Chicken,None,Butter,"Vegetables, pastry",Wheat,Contains
Hawaiian Pizza,Pizza dough,None,None,"Pineapple, ham","Wheat, Pork, Dairy",Contains
Cheddar Cheese,Cheese,None,None,Salt,Dairy,Contains
Omelette,Eggs,None,Butter,"Salt, pepper",Eggs,Contains
Sausage and Pepper Pizza,Pizza dough,None,None,"Sausage, bell peppers","Wheat, Dairy",Contains
Rogan Josh,Lamb,None,Ghee,"Yogurt, Kashmiri red chili",Dairy,Contains
Mashed Potatoes,Potatoes,None,Butter,"Salt, Pepper",Dairy,Contains
Lobster Roll,Lobster,None,Mayonnaise,"Celery, lemon juice","Shellfish, Eggs",Contains
Greek Gyro Wrap,Lamb,None,None,"Tzatziki sauce, tomatoes, onions",Dairy,Contains
Cucumber Salad,Cucumbers,None,Olive oil,"Vinegar, herbs",None,Does not contain
Chicken Noodle Soup,Chicken,None,Vegetable oil,"Noodles, vegetables",None,Does not contain
Beef Tacos,Ground beef,None,Vegetable oil,Taco seasoning,None,Does not contain
Apple,Apples,None,None,None,None,Does not contain
Pancetta Pasta,Pasta,None,Pancetta,"Garlic, herbs",None,Does not contain
Butternut Squash Soup,Butternut squash,None,Butter,Vegetable broth,Dairy,Contains
Caesar Salad,Romaine lettuce,None,Olive oil,Caesar dressing,Dairy,Contains
Greek Yogurt,"Yogurt (milk, cultures)",Honey,None,None,Dairy,Contains
Caesar Salad Wrap,Romaine lettuce,None,Caesar dressing,"Parmesan cheese, croutons","Wheat, Dairy",Contains
Greek Lemon Potatoes,Potatoes,None,Olive oil,"Lemon juice, herbs",None,Does not contain
Quiche,Eggs,None,Cheese,Vegetables,"Eggs, Dairy",Contains
Lemonade,Lemon juice,Sugar,Water,None,None,Does not contain
Beef and Broccoli,Beef,None,Vegetable oil,Soy sauce,None,Does not contain
Chole Bhature,Chickpeas,Sugar,Ghee,"Chole masala, spices",None,Does not contain
Ratatouille,Vegetables,None,Olive oil,Herbs,None,Does not contain
Chicken Noodle Soup,Chicken broth,None,None,Salt,"Chicken, Wheat, Celery",Contains
Lobster Roll,Lobster,None,Mayonnaise,"Celery, lemon juice","Shellfish, Eggs",Contains
Chicken Teriyaki,Chicken,None,Vegetable oil,Teriyaki sauce,None,Does not contain
Lentil Curry,Lentils,None,Coconut milk,Curry powder,None,Does not contain
Cucumber Salad,Cucumbers,None,Olive oil,"Vinegar, herbs",None,Does not contain
French Onion Soup,Onions,None,Butter,"Beef broth, cheese, bread","Dairy, Wheat",Contains
Beef Stroganoff,Beef,None,Sour cream,"Mushrooms, onions",Dairy,Contains
Ratatouille Pizza,Pizza dough,None,Olive oil,Ratatouille vegetables,None,Does not contain
Chicken Shawarma,Chicken,None,Olive oil,Shawarma seasoning,None,Does not contain
Beef Stroganoff,Beef,None,Sour cream,"Mushroom, onion",Dairy,Contains
Baked Garlic Parmesan Chicken,Chicken,None,Butter,"Parmesan cheese, garlic",Dairy,Contains
Strawberry Spinach Salad,Spinach,None,None,"Strawberries, vinaigrette",None,Does not contain
Pumpkin Soup,Pumpkin,None,Butter,"Nutmeg, cream",Dairy,Contains
Green Smoothie,Spinach,Honey,Avocado,Almond milk,None,Does not contain
Cinnamon Rolls,Flour,Sugar,Butter,Cinnamon,"Wheat, Dairy",Contains
Caesar Wrap,Grilled chicken,None,Caesar dressing,"Lettuce, Parmesan cheese",Dairy,Contains
Greek Salad,Cucumbers,None,Olive oil,"Feta cheese, olives",Dairy,Contains
Peanut Butter,Peanuts,Sugar,Vegetable oil,Salt,Peanuts,Contains
Zucchini Noodles,Zucchini,None,Olive oil,"Garlic, herbs",None,Does not contain
Tofu Stir-Fry,Tofu,None,Vegetable oil,Soy sauce,Soybeans,Contains
Apple Crisp,Apples,Sugar,Butter,Cinnamon,"Wheat, Dairy",Contains
Caesar Salad,Romaine lettuce,None,Olive oil,Caesar dressing,Dairy,Contains
Mango Coconut Popsicles,Mango,Sugar,Coconut milk,None,None,Does not contain
Spinach and Feta Stuffed Chicken,Chicken,None,Olive oil,"Spinach, feta cheese",Dairy,Contains
Shrimp Scampi,Shrimp,None,Butter,"Garlic, lemon",Shellfish,Contains
Lemon Poppy Seed Muffins,Flour,Sugar,Butter,"Lemon zest, poppy seeds","Wheat, Dairy",Contains
Baked Brie,Brie cheese,None,None,"Herbs, nuts","Dairy, Nuts",Contains
Lemon Garlic Chicken,Chicken,None,Olive oil,"Lemon juice, garlic",None,Does not contain
Ratatouille Tart,Vegetables,None,Olive oil,"Puff pastry, herbs",None,Does not contain
Egg Salad Sandwich,Eggs,Mayonnaise,None,"Celery, mustard","Eggs, Mustard",Contains
Chicken Shawarma,Chicken,None,Olive oil,Shawarma seasoning,None,Does not contain
Mango Salsa,Mango,None,None,"Red onion, lime",None,Does not contain
Vegetable Stir-Fry,Mixed vegetables,None,Vegetable oil,Soy sauce,None,Does not contain
Caprese Salad,Tomatoes,None,Olive oil,"Mozzarella cheese, basil",Dairy,Contains
S'mores,Graham crackers,Marshmallows,Chocolate,None,"Wheat, Dairy",Contains
Stuffed Portobello Mushrooms,Portobello mushrooms,None,None,"Cheese, breadcrumbs",Dairy,Contains
Teriyaki Salmon,Salmon fillet,Sugar,Soy sauce,"Ginger, garlic","Fish, Soybeans",Contains
Vegetable Lasagna,Vegetables,None,Olive oil,"Tomato sauce, cheese","Wheat, Dairy",Contains
Garlic Bread,Bread,None,Butter,Garlic,"Wheat, Dairy",Contains
Greek Moussaka,Eggplant,None,Olive oil,"Ground meat, potatoes",None,Does not contain
Quinoa Stuffed Peppers,Quinoa,None,Olive oil,"Vegetables, spices",None,Does not contain
Chocolate Chip Cookies,Flour,Sugar,Butter,Chocolate chips,"Wheat, Dairy",Contains
Chicken Alfredo Pizza,Pizza dough,None,None,"Chicken, Alfredo sauce","Wheat, Dairy",Contains
Stuffed Bell Peppers,Bell peppers,None,Olive oil,"Ground meat, rice",None,Does not contain
Tiramisu,Ladyfingers,Sugar,Mascarpone cheese,"Coffee, cocoa","Wheat, Dairy",Contains
Malabar Fish Curry,Fish,None,Coconut oil,"Tamarind, spices","Fish, Coconut",Contains
Caesar Salad Wrap,Grilled chicken,None,Caesar dressing,"Lettuce, Parmesan cheese",Dairy,Contains
Dahi Vada,Lentil dumplings,None,Yogurt,"Tamarind chutney, spices",Dairy,Contains
Chicken Piccata,Chicken,None,Butter,"Lemon, capers",Dairy,Contains
Caesar Pasta Salad,Pasta,None,Caesar dressing,"Romaine lettuce, Parmesan cheese","Wheat, Dairy",Contains
Mushroom Risotto,Mushrooms,None,Butter,"Arborio rice, Parmesan cheese",Dairy,Contains
Lemon Garlic Shrimp,Shrimp,None,Olive oil,"Lemon juice, garlic",Shellfish,Contains
Pesto Pasta Salad,Pasta,None,Pesto sauce,"Tomatoes, vegetables",None,Does not contain
BBQ Ribs,Pork ribs,Brown sugar,Vegetable oil,BBQ sauce,None,Contains
Strawberry Spinach Salad,Spinach,None,None,"Strawberries, vinaigrette",None,Does not contain
Stuffed Tomatoes,Tomatoes,None,None,"Herbs, breadcrumbs",None,Does not contain
Chicken Caesar Salad,Chicken,None,Caesar dressing,"Romaine lettuce, croutons","Wheat, Dairy",Contains
Chocolate Chip Pancakes,Flour,Sugar,Butter,Chocolate chips,"Wheat, Dairy, Cocoa",Contains
Chicken Pot Pie,Chicken,None,Butter,"Vegetables, pastry",Wheat,Contains
Beef Stroganoff,Beef,None,Sour cream,"Mushroom, onion",Dairy,Contains
Caprese Sandwich,Tomatoes,None,Olive oil,"Mozzarella cheese, basil",Dairy,Contains
Chicken Tikka Masala,Chicken,None,Ghee,Tikka masala sauce,"Dairy, Ghee",Contains
Rogan Josh,Lamb,None,Ghee,"Yogurt, Kashmiri red chili",Dairy,Contains
Lemon Dill Salmon,Salmon,None,Olive oil,"Lemon, dill",Fish,Contains
Chocolate Mousse,Chocolate,Sugar,Heavy cream,Vanilla extract,Dairy,Contains
Eggplant Parmesan,Eggplant,None,Olive oil,"Marinara sauce, cheese",Dairy,Contains
Chicken Biryani,Chicken,None,Ghee,"Basmati rice, spices",None,Does not contain
Strawberry Smoothie,Strawberries,Honey,"Yogurt (milk, cultures)",None,Dairy,Contains
Vanilla Cupcakes,Flour,Sugar,Butter,Vanilla extract,"Wheat, Dairy",Contains
Apple,Apples,None,None,None,None,Does not contain
Chicken Noodle Soup,Chicken broth,None,None,Salt,"Chicken, Wheat, Celery",Contains
Pesto Chicken,Chicken,None,Olive oil,Pesto sauce,"Pine nuts, Dairy",Contains
Apple,Apples,None,None,None,None,Does not contain
Gazpacho,Tomatoes,None,Olive oil,"Garlic, herbs",None,Does not contain
Ratatouille,Eggplant,None,Olive oil,"Tomatoes, zucchini",None,Does not contain
Gobi Manchurian,Cauliflower,None,Oil,Manchurian sauce,None,Does not contain
BBQ Ribs,Pork ribs,Brown sugar,Vegetable oil,BBQ sauce,None,Contains
Veggie Burger,Mixed vegetables,None,Vegetable oil,Seasonings,None,Does not contain
Stuffed Bell Peppers,Bell peppers,None,Olive oil,"Ground meat, rice",None,Does not contain
Garlic Bread,Bread,None,Butter,Garlic,"Wheat, Dairy",Contains
Cheddar Cheese,Cheese,None,None,Salt,Dairy,Contains
Chicken Noodle Casserole,Chicken,None,Butter,"Noodles, vegetables",Wheat,Contains
Raspberry Cheesecake,Cream cheese,Sugar,Butter,"Graham cracker crust, raspberries","Wheat, Dairy",Contains
Sweet Potato Fries,Sweet potatoes,None,Vegetable oil,"Salt, paprika",None,Does not contain
Chicken Noodle Soup,Chicken,None,Vegetable oil,"Noodles, vegetables",None,Does not contain
Zucchini Noodles with Pesto,Zucchini,None,Olive oil,Pesto sauce,"Pine nuts, Dairy",Contains
Rabri,Milk,Sugar,Ghee,"Cardamom, nuts",Dairy,Contains
Pesto Pasta,Pasta,None,Olive oil,"Basil, garlic",None,Does not contain
Dahi Vada,Lentil dumplings,None,Yogurt,"Tamarind chutney, spices",Dairy,Contains
Sushi Rolls,Sushi rice,None,Soy sauce,"Nori (seaweed), fish","Soybeans, Fish",Contains
Tandoori Chicken,Chicken,None,Yogurt,Tandoori spices,Dairy,Contains
Onion Rings,Onions,None,Vegetable oil,Flour,Wheat,Contains
Caprese Salad,Tomatoes,None,Olive oil,"Mozzarella cheese, basil",Dairy,Contains
Dahi Vada,Lentil dumplings,None,Yogurt,"Tamarind chutney, spices",Dairy,Contains
Baked Brie,Brie cheese,None,None,"Herbs, nuts","Dairy, Nuts",Contains
Lemon Bars,Lemon juice,Sugar,Butter,"Flour, eggs","Wheat, Dairy, Eggs",Contains
Beef and Mushroom Stir-Fry,Beef,None,Vegetable oil,Soy sauce,None,Does not contain
Paniyaram,Fermented batter,None,Oil,"Mustard seeds, curry leaves",None,Does not contain
Chicken Korma,Chicken,None,Ghee,"Creamy sauce, spices",Dairy,Contains
Garlic Bread,Bread,None,Butter,Garlic,"Wheat, Dairy",Contains
Lemon Bars,Lemon juice,Sugar,Butter,"Flour, eggs","Wheat, Dairy, Eggs",Contains
Chicken Alfredo Pizza,Pizza dough,None,None,"Chicken, Alfredo sauce","Wheat, Dairy",Contains
Prawn Curry,Prawns,None,Coconut milk,Curry spices,"Shellfish, Dairy",Contains
Cucumber Salad,Cucumbers,None,Olive oil,"Vinegar, herbs",None,Does not contain
Cucumber Salad,Cucumbers,None,Olive oil,"Vinegar, herbs",None,Does not contain
Chicken Curry,Chicken,None,Coconut milk,Curry powder,None,Does not contain
Wheat Bread,Wheat flour,None,None,Salt,Wheat,Contains
Garlic Shrimp,Shrimp,None,Olive oil,Garlic,Shellfish,Contains
Pesto Pasta,Pasta,None,Olive oil,"Basil, garlic",None,Does not contain
Cilantro Lime Chicken,Chicken,None,Olive oil,"Cilantro, lime",None,Does not contain
Mango Coconut Popsicles,Mango,Sugar,Coconut milk,None,None,Does not contain
Chicken Fajitas,Chicken,None,Vegetable oil,Fajita seasoning,None,Does not contain
Mutton Biryani,Mutton,None,Ghee,"Basmati rice, spices",None,Does not contain
Roasted Brussels Sprouts,Brussels sprouts,None,Olive oil,Balsamic glaze,None,Does not contain
Chicken Curry,Chicken,None,Vegetable oil,Curry powder,None,Does not contain
Salsa,Tomatoes,None,None,"Onion, cilantro",None,Does not contain
Honey Mustard Chicken,Chicken breast,Honey,Mustard,Vegetable oil,None,Contains
Banana Bread,Bananas,Sugar,Butter,"Cinnamon, nuts","Wheat, Dairy, Nuts",Contains
Beef Kabobs,Beef,None,Olive oil,Seasonings,None,Does not contain
Pumpkin Pie,Pumpkin,Sugar,Butter,"Cinnamon, nutmeg","Wheat, Dairy",Contains
Chicken Alfredo Pizza,Pizza dough,None,None,"Chicken, Alfredo sauce","Wheat, Dairy",Contains
Black Bean Soup,Black beans,None,Olive oil,Vegetables,None,Does not contain
Vegetable Lasagna,Vegetables,None,Olive oil,"Tomato sauce, cheese","Wheat, Dairy",Contains
Grilled Portobello Mushroom Burger,Portobello mushrooms,None,None,"Burger bun, vegetables",Wheat,Contains
Rice Pudding,Rice,Sugar,Milk,"Cinnamon, raisins","Rice, Dairy",Contains
Teriyaki Beef,Beef,None,Soy sauce,"Teriyaki sauce, vegetables",Soybeans,Contains
Caprese Salad,Tomatoes,None,Olive oil,"Mozzarella cheese, basil",Dairy,Contains
Greek Yogurt,"Yogurt (milk, cultures)",None,None,None,Dairy,Contains
Ratatouille,Eggplant,None,Olive oil,"Tomatoes, zucchini",None,Does not contain
Caramel Apple,Apples,Caramel,None,None,None,Does not contain
Chicken Teriyaki,Chicken,None,Soy sauce,"Honey, ginger",Soybeans,Contains
Pav Bhaji,Mixed vegetables,None,Butter,"Pav bread, spices",None,Does not contain
Cheddar Cheese,Cheese,None,None,Salt,Dairy,Contains
Lemon Herb Roasted Chicken,Chicken,None,Olive oil,"Lemon, herbs",None,Does not contain
Malai Chicken Tikka,Chicken,None,Cream,Spices,Dairy,Contains
Malabar Fish Curry,Fish,None,Coconut oil,"Tamarind, spices","Fish, Coconut",Contains
Ratatouille Tart,Vegetables,None,Olive oil,"Puff pastry, herbs",None,Does not contain
Vanilla Yogurt,"Yogurt (milk, cultures)",Sugar,None,Vanilla extract,Milk,Contains
Lemon Herb Roasted Chicken,Chicken,None,Olive oil,"Lemon, herbs",None,Does not contain
Chicken Curry,Chicken,None,Oil,Curry spices,None,Does not contain
Masala Dosa,Rice,None,Oil,"Potato masala, spices",None,Does not contain
Lentil Salad,Lentils,None,Olive oil,"Lemon juice, vegetables",None,Does not contain
Rasgulla,Paneer,Sugar,None,"Rose water, syrup",Dairy,Contains
Chicken Tikka Masala,Chicken,Sugar,Ghee,"Tomato sauce, cream",Dairy,Contains
Malabar Fish Curry,Fish,None,Coconut oil,"Tamarind, spices","Fish, Coconut",Contains
Malai Kofta,Cottage cheese,None,Ghee,Creamy tomato sauce,Dairy,Contains
Mushroom Risotto,Arborio rice,None,Butter,Mushroom,"Wheat, Dairy",Contains
Butternut Squash Soup,Butternut squash,None,Butter,Vegetable broth,Dairy,Contains
Chicken Shawarma,Chicken,None,Olive oil,Shawarma seasoning,None,Does not contain
Beef Tacos,Beef,None,Vegetable oil,Taco seasoning,None,Does not contain
Strawberry Yogurt,"Yogurt (milk, cultures)",Sugar,None,Pectin,"Milk, Strawberries",Contains
Stuffed Bell Peppers,Bell peppers,None,Olive oil,"Ground meat, rice",None,Does not contain
Pancake Stack,Flour,Sugar,Butter,Maple syrup,"Wheat, Dairy",Contains
Gulab Jamun,Milk solids,Sugar,Ghee,Cardamom syrup,Dairy,Contains
Shrimp Scampi,Shrimp,None,Butter,"Garlic, lemon",Shellfish,Contains
Ratatouille Pasta,Pasta,None,Olive oil,Ratatouille vegetables,None,Does not contain
Chicken Teriyaki,Chicken,None,Vegetable oil,Teriyaki sauce,None,Does not contain
Caesar Salad Wrap,Romaine lettuce,None,Caesar dressing,"Parmesan cheese, croutons","Wheat, Dairy",Contains
Dosa,Rice,None,Oil,"Potato masala, chutney",None,Does not contain
Tandoori Chicken,Chicken,None,Yogurt,Tandoori spices,Dairy,Contains
Baked Brie,Brie cheese,None,None,"Herbs, nuts","Dairy, Nuts",Contains
Miso Soup,Miso paste,None,None,"Tofu, seaweed",Soybeans,Contains
Prawn Curry,Prawns,None,Coconut milk,Curry spices,"Shellfish, Dairy",Contains
Apple,Apples,None,None,None,None,Does not contain
Caprese Salad,Tomatoes,None,Olive oil,"Mozzarella cheese, basil",Dairy,Contains
Spinach Stuffed Chicken,Chicken,None,Olive oil,"Spinach, garlic",None,Does not contain
Lentil Soup,Lentils,None,Olive oil,Vegetables,None,Does not contain
Caesar Salad,Romaine lettuce,None,Olive oil,Caesar dressing,Dairy,Contains
Brussels Sprouts,Brussels sprouts,None,Olive oil,Balsamic glaze,None,Does not contain
Rasmalai,Paneer,Sugar,"Milk, Ghee","Cardamom, nuts",Dairy,Contains
Chocolate Mousse,Chocolate,Sugar,Heavy cream,Vanilla extract,Dairy,Contains
Egg Salad Sandwich,Eggs,Mayonnaise,None,"Celery, mustard","Eggs, Mustard",Contains
Cucumber Salad,Cucumbers,None,Olive oil,"Vinegar, herbs",None,Does not contain
Pesto Pasta,Pasta,None,Olive oil,"Basil, garlic",None,Does not contain
Beef Chili,Ground beef,None,None,Chili powder,None,Does not contain
Tandoori Chicken,Chicken,None,Yogurt,Tandoori spices,Dairy,Contains
Stuffed Tomatoes,Tomatoes,None,None,"Herbs, breadcrumbs",None,Does not contain
Pasta Carbonara,Pasta,None,Bacon,"Egg, Parmesan cheese","Wheat, Dairy",Contains
Tofu Scramble,Tofu,None,Vegetable oil,"Turmeric, spices",Soybeans,Contains
Lemon Bars,Flour,Sugar,Butter,Lemon juice,"Wheat, Dairy",Contains
Margherita Pizza,Pizza dough,None,Olive oil,"Mozzarella cheese, tomatoes, basil",Dairy,Contains
Chocolate Chip Cookies,Flour,Sugar,Butter,Chocolate chips,"Wheat, Dairy",Contains
Wheat Bread,Wheat flour,None,None,Salt,Wheat,Contains
Beef Burger,Ground beef,None,Vegetable oil,"Salt, Pepper",None,Does not contain
Pesto Pizza,Pesto sauce,None,None,"Mozzarella cheese, basil",Dairy,Contains
Orange Juice,Oranges,Sugar,None,None,None,Does not contain
Zucchini Noodles,Zucchini,None,Olive oil,"Garlic, herbs",None,Does not contain
S'mores,Graham crackers,Marshmallows,Chocolate,None,"Wheat, Dairy",Contains
Sushi Rolls,Sushi rice,None,Soy sauce,"Nori (seaweed), fish","Soybeans, Fish",Contains
Lemon Garlic Shrimp,Shrimp,None,Olive oil,"Lemon juice, garlic",Shellfish,Contains
Tandoori Chicken,Chicken,None,Yogurt,Tandoori spices,Dairy,Contains
BBQ Ribs,Pork ribs,Brown sugar,Vegetable oil,BBQ sauce,None,Contains
Almond Cookies,Almonds,Sugar,Butter,Flour,"Almonds, Wheat, Dairy",Contains
Chocolate Mousse,Chocolate,Sugar,Heavy cream,Vanilla extract,Dairy,Contains
Baked Chicken Wings,Chicken wings,None,Olive oil,Seasonings,None,Does not contain
Chicken Caesar Wrap,Chicken,None,Caesar dressing,"Romaine lettuce, Parmesan cheese",Dairy,Contains
Chocolate Chip Cookies,Flour,Sugar,Butter,Chocolate chips,"Wheat, Dairy",Contains
Pancetta Pasta,Pasta,None,Pancetta,"Garlic, herbs",None,Does not contain
Caprese Skewers,Tomatoes,None,Olive oil,"Mozzarella cheese, basil",Dairy,Contains
Egg Salad,Eggs,Mayonnaise,None,"Celery, onion",Eggs,Contains
Pav Bhaji,Mixed vegetables,None,Butter,"Pav bread, spices",None,Does not contain
Pav Bhaji,Mixed vegetables,None,Butter,"Pav bread, spices",None,Does not contain
Peanut Butter,Peanuts,Sugar,Vegetable oil,Salt,Peanuts,Contains
Caesar Salad Wrap,Grilled chicken,None,Caesar dressing,"Lettuce, Parmesan cheese",Dairy,Contains
S'mores,Graham crackers,Marshmallows,Chocolate,None,"Wheat, Dairy",Contains
Peanut Butter,Peanuts,Sugar,Vegetable oil,Salt,Peanuts,Contains
Orange Juice,Oranges,Sugar,None,None,None,Does not contain
Beef Tacos,Ground beef,None,Vegetable oil,Taco seasoning,None,Does not contain
Caprese Salad,Tomatoes,None,Olive oil,"Mozzarella cheese, basil",Dairy,Contains
Brussels Sprouts,Brussels sprouts,None,Olive oil,Balsamic glaze,None,Does not contain
Apple Pie,Apples,Sugar,Butter,Cinnamon,"Wheat, Dairy",Contains
Sushi Rolls,Sushi rice,None,Soy sauce,"Nori (seaweed), fish","Soybeans, Fish",Contains
Banana Bread,Bananas,Sugar,Butter,Flour,"Wheat, Dairy",Contains
Chicken Curry,Chicken,None,Oil,Curry spices,None,Does not contain
Quinoa Salad,Quinoa,None,Olive oil,"Lemon juice, herbs",None,Does not contain
Greek Lemon Chicken,Chicken,None,Olive oil,"Lemon juice, herbs",None,Does not contain
Ratatouille Tart,Vegetables,None,Olive oil,"Puff pastry, herbs",None,Does not contain
Raspberry Cheesecake,Cream cheese,Sugar,Butter,"Graham cracker crust, raspberries","Wheat, Dairy",Contains
Grilled Portobello Mushroom Burger,Portobello mushrooms,None,None,"Burger bun, vegetables",Wheat,Contains
Beef Wellington,Beef,None,Butter,"Mushrooms, puff pastry","Wheat, Dairy",Contains
Tiramisu,Ladyfingers,Sugar,"Mascarpone cheese, coffee liqueur",Cocoa powder,"Wheat, Dairy, Alcohol",Contains
Prawn Curry,Prawns,None,Coconut milk,Curry spices,"Shellfish, Dairy",Contains
Mutton Biryani,Mutton,None,Ghee,"Basmati rice, spices",None,Does not contain
Dal Makhani,Lentils,None,Ghee,"Cream, spices",Dairy,Contains
Lemon Bars,Lemon juice,Sugar,Butter,"Flour, eggs","Wheat, Dairy, Eggs",Contains
Beef Chili,Ground beef,None,None,Chili powder,None,Does not contain
Chicken Biryani,Chicken,None,Ghee,"Basmati rice, spices",None,Does not contain
Quinoa Stuffed Peppers,Quinoa,None,Olive oil,"Vegetables, spices",None,Does not contain
Mushroom Risotto,Mushrooms,None,Butter,"Arborio rice, Parmesan cheese",Dairy,Contains
Ratatouille Tart,Vegetables,None,Olive oil,"Puff pastry, herbs",None,Does not contain
Zucchini Noodles,Zucchini,None,Olive oil,"Garlic, herbs",None,Does not contain
Pesto Pizza,Pesto sauce,None,None,"Mozzarella cheese, basil",Dairy,Contains
Green Smoothie,Spinach,Honey,Avocado,Almond milk,None,Does not contain
Milk Chocolate,Sugar,Cocoa butter,Milk powder,Vanilla extract,Milk,Contains
Ratatouille Pizza,Pizza dough,None,Olive oil,Ratatouille vegetables,None,Does not contain
Veggie Burger,Mixed vegetables,None,Vegetable oil,Seasonings,None,Does not contain
Beef Wellington,Beef,None,Butter,"Mushrooms, puff pastry","Wheat, Dairy",Contains
Garlic Bread,Bread,None,Butter,Garlic,"Wheat, Dairy",Contains
Apple Crisp,Apples,Sugar,Butter,"Cinnamon, oats","Wheat, Dairy",Contains
Beef Burritos,Ground beef,None,Vegetable oil,Taco seasoning,None,Does not contain
Spinach Stuffed Chicken,Chicken,None,Olive oil,"Spinach, garlic",None,Does not contain
Berry Parfait,Berries,Honey,Yogurt,Granola,Dairy,Contains
Baked Ziti,Pasta,None,None,"Tomato sauce, cheese","Wheat, Dairy",Contains
Greek Yogurt,"Yogurt (milk, cultures)",Honey,None,None,Dairy,Contains
Pumpkin Soup,Pumpkin,None,Butter,"Nutmeg, cream",Dairy,Contains
Spinach Stuffed Chicken,Chicken,None,Olive oil,"Spinach, garlic",None,Does not contain
Lemon Pepper Chicken,Chicken,None,Olive oil,Lemon pepper seasoning,None,Does not contain
Chicken Teriyaki,Chicken,None,Vegetable oil,Teriyaki sauce,None,Does not contain
Pineapple Upside-Down Cake,Pineapple,Sugar,Butter,Flour,"Wheat, Dairy",Contains
Apple,Apples,None,None,None,None,Does not contain
Spinach Salad,Spinach,None,Olive oil,Balsamic vinaigrette,None,Does not contain
Berry Parfait,Mixed berries,Sugar,"Yogurt (milk, cultures)",Granola,Dairy,Contains
Peanut Butter,Peanuts,Sugar,Vegetable oil,Salt,Peanuts,Contains
Almond Cookies,Almonds,Sugar,Butter,Flour,"Almonds, Wheat, Dairy",Contains
Lemon Bars,Lemon juice,Sugar,Butter,"Flour, eggs","Wheat, Dairy, Eggs",Contains
Orange Chicken,Chicken,None,Vegetable oil,Orange sauce,None,Does not contain
Gobi Manchurian,Cauliflower,None,Oil,Manchurian sauce,None,Does not contain
Pineapple Upside-Down Cake,Pineapple,Sugar,Butter,Flour,"Wheat, Dairy",Contains
Rabri,Milk,Sugar,Ghee,"Cardamom, nuts",Dairy,Contains
Rogan Josh,Lamb,None,Ghee,"Yogurt, Kashmiri red chili",Dairy,Contains
Caesar Pasta Salad,Pasta,None,Caesar dressing,"Romaine lettuce, Parmesan cheese","Wheat, Dairy",Contains
Stuffed Mushrooms,Mushrooms,None,None,"Cheese, breadcrumbs",Dairy,Contains
Lemon Bars,Flour,Sugar,Butter,Lemon juice,"Wheat, Dairy",Contains
Beef and Mushroom Stir-Fry,Beef,None,Vegetable oil,Soy sauce,None,Does not contain
Baked Apple,Apples,Sugar,Butter,"Cinnamon, oats","Wheat, Dairy",Contains
Chicken Satay,Chicken,None,Peanut butter,Soy sauce,Peanuts,Contains
Beef Tacos,Beef,None,Vegetable oil,Taco seasoning,None,Does not contain
Greek Salad,Cucumbers,None,Olive oil,"Feta cheese, olives",Dairy,Contains
S'mores,Graham crackers,Marshmallows,Chocolate,None,"Wheat, Dairy",Contains
Carrot Cake,Carrots,Sugar,Vegetable oil,Cinnamon,"Wheat, Dairy",Contains
Rogan Josh,Lamb,None,Ghee,"Yogurt, Kashmiri red chili",Dairy,Contains
Watermelon Salad,Watermelon,None,None,"Feta cheese, mint",Dairy,Contains
S'mores,Graham crackers,Marshmallows,Chocolate,None,"Wheat, Dairy",Contains
Roasted Brussels Sprouts,Brussels sprouts,None,Olive oil,Balsamic glaze,None,Does not contain
Chocolate Chip Pancakes,Flour,Sugar,Butter,Chocolate chips,"Wheat, Dairy, Cocoa",Contains
Baked Ziti,Pasta,None,None,"Tomato sauce, cheese","Wheat, Dairy",Contains
Sweet and Sour Chicken,Chicken,Sugar,Vegetable oil,"Pineapple, bell peppers",None,Does not contain
Butternut Squash Soup,Butternut squash,None,Butter,Vegetable broth,Dairy,Contains
Caesar Wrap,Grilled chicken,None,Caesar dressing,"Lettuce, Parmesan cheese",Dairy,Contains
Beef Kabobs,Beef,None,Olive oil,Seasonings,None,Does not contain
Fish Sticks,Fish fillets,None,Vegetable oil,Salt,Fish,Contains
Lemon Garlic Chicken,Chicken,None,Olive oil,"Lemon juice, garlic",None,Does not contain
Zucchini Bread,Zucchini,Sugar,Butter,"Cinnamon, nuts","Wheat, Dairy, Nuts",Contains
Strawberry Yogurt,"Yogurt (milk, cultures)",Sugar,None,Pectin,"Milk, Strawberries",Contains
Pumpkin Pie,Pumpkin,Sugar,Butter,"Pumpkin spice, pastry","Wheat, Dairy",Contains
Teriyaki Salmon,Salmon,None,Vegetable oil,Teriyaki sauce,Fish,Contains
Chicken Enchiladas,Chicken,None,Vegetable oil,Enchilada sauce,None,Does not contain
Apple Pie,Apples,Sugar,Butter,"Cinnamon, pastry","Wheat, Dairy",Contains
Aloo Paratha,Potatoes,None,Ghee,"Wheat flour, spices",Wheat,Contains
Ratatouille Tart,Vegetables,None,Olive oil,"Puff pastry, herbs",None,Does not contain
Chicken Noodle Soup,Chicken broth,None,None,Salt,"Chicken, Wheat, Celery",Contains
Pineapple Upside-Down Cake,Pineapple,Sugar,Butter,Flour,"Wheat, Dairy",Contains
Quiche Lorraine,Bacon,None,Heavy cream,"Cheese, eggs","Dairy, Eggs",Contains
Chocolate Mousse,Chocolate,Sugar,Heavy cream,Vanilla extract,Dairy,Contains
Baked Ziti,Pasta,None,Cheese,Tomato sauce,"Wheat, Dairy",None
Pecan Pie,Pecans,Sugar,Butter,Corn syrup,"Wheat, Dairy, Nuts",Contains
Roasted Brussels Sprouts,Brussels sprouts,None,Olive oil,Balsamic glaze,None,Does not contain
Stuffed Bell Peppers,Bell peppers,None,Olive oil,"Ground meat, rice",None,Does not contain
Garlic Bread,Bread,None,Butter,Garlic,"Wheat, Dairy",Contains
Chicken Satay,Chicken,None,Peanut oil,"Satay sauce, spices",Peanuts,Contains
Apple Pie,Apples,Sugar,Butter,"Cinnamon, pastry","Wheat, Dairy",Contains
Strawberry Yogurt,"Yogurt (milk, cultures)",Sugar,None,Pectin,"Milk, Strawberries",Contains
Spinach and Feta Stuffed Chicken,Chicken,None,Olive oil,"Spinach, feta cheese",Dairy,Contains
Chicken Noodle Casserole,Chicken,None,Butter,"Noodles, vegetables",Wheat,Contains
Chicken Piccata,Chicken,None,Butter,"Lemon, capers",Dairy,Contains
Greek Lemon Potatoes,Potatoes,None,Olive oil,"Lemon juice, herbs",None,Does not contain
Baked Salmon,Salmon,None,Olive oil,"Lemon, herbs",Fish,Contains
Vegetable Curry,Mixed vegetables,None,Coconut milk,Curry paste,None,Does not contain
Chicken Alfredo,Chicken,None,Butter,"Cream, Parmesan cheese",Dairy,Contains
Tandoori Chicken,Chicken,None,Yogurt,Tandoori spices,Dairy,Contains
Greek Spanakopita,Spinach,None,Olive oil,"Feta cheese, phyllo dough",Dairy,Contains
Lobster Bisque,Lobster,None,Butter,"Cream, brandy","Shellfish, Dairy",Contains
Gulab Jamun,Milk solids,Sugar,Ghee,Cardamom syrup,Dairy,Contains
Greek Moussaka,Eggplant,None,Olive oil,"Ground meat, potatoes",None,Does not contain
Strawberry Smoothie,Strawberries,Honey,"Yogurt (milk, cultures)",None,Dairy,Contains
Lemon Garlic Shrimp,Shrimp,None,Olive oil,"Lemon juice, garlic",Shellfish,Contains
Chicken Satay,Chicken,None,Peanut oil,"Satay sauce, spices",Peanuts,Contains
Lemon Poppy Seed Muffins,Flour,Sugar,Butter,"Lemon zest, poppy seeds","Wheat, Dairy",Contains
Cinnamon Rolls,Flour,Sugar,Butter,Cinnamon,"Wheat, Dairy",Contains
Honey Glazed Carrots,Carrots,Honey,Butter,None,None,Does not contain
Lemonade,Lemon juice,Sugar,Water,None,None,Does not contain
Chicken Noodle Soup,Chicken,None,Vegetable oil,"Noodles, vegetables",None,Does not contain
Tofu Stir-Fry,Tofu,None,Vegetable oil,Soy sauce,Soybeans,Contains
French Onion Soup,Onions,None,Butter,"Beef broth, cheese, bread","Dairy, Wheat",Contains
Lemonade,Lemon juice,Sugar,Water,None,None,Does not contain
Cheese Pizza,Cheese,None,None,Tomato sauce,Dairy,Contains
Beef Burger,Ground beef,None,Vegetable oil,"Salt, Pepper",None,Does not contain
Aloo Gobi,Potatoes,None,Oil,"Cauliflower, spices",None,Does not contain
Beef Chili,Ground beef,None,None,Chili powder,None,Does not contain
Lemon Garlic Shrimp,Shrimp,None,Olive oil,"Lemon juice, garlic",Shellfish,Contains
Fish Sticks,Fish fillets,None,Vegetable oil,Salt,Fish,Contains
Tofu Stir-Fry,Tofu,None,Vegetable oil,Soy sauce,Soybeans,Contains
Caprese Salad,Tomatoes,None,Olive oil,"Mozzarella cheese, basil",Dairy,Contains
Vegetable Lasagna,Vegetables,None,Olive oil,"Tomato sauce, cheese","Wheat, Dairy",Contains
Spinach Salad,Spinach,None,Olive oil,Balsamic vinaigrette,None,Does not contain
Cabbage Rolls,Cabbage,None,Olive oil,"Ground meat, rice",None,Does not contain
Chicken Parmesan,Chicken,None,Olive oil,"Tomato sauce, cheese","Wheat, Dairy",Contains
Beef Stir-Fry,Beef,None,Vegetable oil,Soy sauce,None,Does not contain
Zucchini Bread,Zucchini,Sugar,Vegetable oil,Flour,Wheat,Contains
French Onion Soup,Onions,None,Butter,"Beef broth, cheese, bread","Dairy, Wheat",Contains
Ratatouille Tart,Vegetables,None,Olive oil,"Puff pastry, herbs",None,Does not contain
Pancakes,Flour,Sugar,Butter,Baking powder,"Wheat, Dairy",Contains
Cabbage Rolls,Cabbage,None,Olive oil,"Ground meat, rice",None,Does not contain
Miso Soup,Miso paste,None,None,"Tofu, seaweed",Soybeans,Contains
Quinoa Salad,Quinoa,None,Olive oil,"Lemon juice, vegetables",None,Does not contain
Veggie Burger,Mixed vegetables,None,Vegetable oil,Seasonings,None,Does not contain
Greek Spanakopita,Spinach,None,Olive oil,"Feta cheese, phyllo dough",Dairy,Contains
Pecan Pie,Pecans,Sugar,Butter,Corn syrup,"Wheat, Dairy, Nuts",Contains
Veggie Burger,Mixed vegetables,None,Vegetable oil,Seasonings,None,Does not contain
Greek Spanakopita,Spinach,None,Olive oil,"Feta cheese, phyllo dough",Dairy,Contains
Lemon Poppy Seed Muffins,Flour,Sugar,Butter,"Lemon zest, poppy seeds","Wheat, Dairy",Contains
Caramel Popcorn,Popcorn,Sugar,Butter,Salt,Dairy,Contains
Roasted Brussels Sprouts,Brussels sprouts,None,Olive oil,Balsamic glaze,None,Does not contain
Zucchini Noodles with Pesto,Zucchini,None,Olive oil,Pesto sauce,"Pine nuts, Dairy",Contains
Beef Stir-Fry,Beef,None,Vegetable oil,Soy sauce,None,Does not contain
Beef Burritos,Ground beef,None,Vegetable oil,Taco seasoning,None,Does not contain
French Fries,Potatoes,None,Vegetable oil,Salt,None,Does not contain
Caramelized Onions,Onions,Sugar,Butter,None,None,Does not contain
Rabri,Milk,Sugar,Ghee,"Cardamom, nuts",Dairy,Contains
Caesar Pasta Salad,Pasta,None,Caesar dressing,"Romaine lettuce, Parmesan cheese","Wheat, Dairy",Contains
Chicken Satay,Chicken,None,Peanut oil,"Satay sauce, spices",Peanuts,Contains
Baked Cod,Cod,None,Butter,"Lemon, herbs","Fish, Dairy",Contains
Tofu Stir-Fry,Tofu,None,Vegetable oil,Soy sauce,Soybeans,Contains
Tomato Soup,Tomatoes,None,None,"Salt, Sugar",None,Does not contain
Peanut Butter,Peanuts,Sugar,Vegetable oil,Salt,Peanuts,Contains
Chocolate Cake,Flour,Sugar,Butter,Cocoa powder,"Wheat, Dairy, Cocoa",Contains
Beef Stroganoff,Beef,None,Sour cream,"Mushrooms, onions",Dairy,Contains
Baked Apple,Apples,Sugar,Butter,"Cinnamon, oats","Wheat, Dairy",Contains
Honey Mustard Chicken,Chicken breast,Honey,Mustard,Vegetable oil,None,Contains
Orange Juice,Oranges,Sugar,None,None,None,Does not contain
Caramelized Onions,Onions,Sugar,Butter,None,None,Does not contain
Onion Rings,Onions,None,Vegetable oil,Flour,Wheat,Contains
Shrimp Scampi Pasta,Shrimp,None,Butter,"Garlic, lemon",Shellfish,Contains
Beef Burritos,Beef,None,Vegetable oil,Burrito seasoning,None,Does not contain
Beef Stir-Fry,Beef,None,Vegetable oil,Soy sauce,None,Does not contain
Blueberry Pancakes,Flour,Sugar,Butter,Blueberries,"Wheat, Dairy",Contains
Stuffed Mushrooms,Mushrooms,None,None,"Cheese, breadcrumbs",Dairy,Contains
Chicken Parmesan,Chicken,None,Olive oil,"Tomato sauce, cheese","Wheat, Dairy",Contains
Quinoa Salad,Quinoa,None,Olive oil,"Lemon juice, herbs",None,Does not contain
Baked Salmon,Salmon,None,Olive oil,"Lemon, herbs",Fish,Contains
Apple,Apples,None,None,None,None,Does not contain
Green Smoothie,Spinach,Honey,Avocado,Almond milk,None,Does not contain
Hawaiian Pizza,Pizza dough,None,None,"Pineapple, ham","Wheat, Pork, Dairy",Contains
Sweet Potato Fries,Sweet potatoes,None,Vegetable oil,"Salt, paprika",None,Does not contain
Pecan Pie,Pecans,Sugar,Butter,Corn syrup,"Wheat, Dairy, Nuts",Contains
Oatmeal Raisin Cookies,Oats,Sugar,Butter,Flour,"Wheat, Dairy",Contains
Chicken Satay,Chicken,None,Peanut oil,"Satay sauce, spices",Peanuts,Contains
Baked Ziti,Pasta,None,Cheese,Tomato sauce,"Wheat, Dairy",Contains
Malai Kofta,Cottage cheese,None,Ghee,Creamy tomato sauce,Dairy,Contains
Mango Salsa,Mango,None,None,"Lime juice, cilantro",None,Does not contain
Margherita Pizza,Cheese,None,None,"Tomato sauce, basil",Dairy,Contains
Apple Pie,Apples,Sugar,Butter,"Cinnamon, pastry","Wheat, Dairy",Contains
Caesar Salad,Romaine lettuce,None,Olive oil,Parmesan cheese,Dairy,Contains
Chicken Fettuccine Alfredo,Chicken,None,Butter,"Cream, Parmesan cheese",Dairy,Contains
Blueberry Muffins,Flour,Sugar,Butter,Blueberries,"Wheat, Dairy",Contains
Egg Fried Rice,Eggs,None,Sesame oil,Soy sauce,"Eggs, Soybeans",Contains
Honey Soy Glazed Salmon,Salmon,Honey,Soy sauce,"Garlic, ginger","Fish, Soybeans",Contains
Chicken and Rice Soup,Chicken,None,Vegetable oil,"Rice, vegetables",None,Does not contain
Dahi Vada,Lentil dumplings,None,Yogurt,"Tamarind chutney, spices",Dairy,Contains
Berry Parfait,Mixed berries,Sugar,"Yogurt (milk, cultures)",Granola,Dairy,Contains
Vegetable Lasagna,Vegetables,None,Olive oil,"Tomato sauce, cheese","Wheat, Dairy",Contains
Sweet and Sour Chicken,Chicken,Sugar,Vegetable oil,"Pineapple, bell peppers",None,Does not contain
Zucchini Noodles,Zucchini,None,Olive oil,"Garlic, herbs",None,Does not contain
Vanilla Yogurt,"Yogurt (milk, cultures)",Sugar,None,Vanilla extract,Milk,Contains
Wheat Bread,Wheat flour,None,None,Salt,Wheat,Contains
Lemon Garlic Chicken,Chicken,None,Olive oil,"Lemon juice, garlic",None,Does not contain
Caesar Salad Wrap,Romaine lettuce,None,Caesar dressing,"Parmesan cheese, croutons","Wheat, Dairy",Contains
Banana Pudding,Bananas,Sugar,Milk,"Vanilla pudding mix, cookies",Dairy,Contains
Chocolate Chip Pancakes,Flour,Sugar,Butter,Chocolate chips,"Wheat, Dairy, Cocoa",Contains
Pumpkin Pie,Pumpkin,Sugar,Butter,"Cinnamon, nutmeg","Wheat, Dairy",Contains
Prawn Curry,Prawns,None,Coconut milk,Curry spices,"Shellfish, Dairy",Contains
Cucumber Salad,Cucumbers,None,Olive oil,"Vinegar, herbs",None,Does not contain
Baked Cod,Cod,None,Butter,"Lemon, herbs","Fish, Dairy",Contains
Ratatouille,Vegetables,None,Olive oil,"Herbs, garlic",None,Does not contain
Lobster Roll,Lobster,None,Mayonnaise,"Celery, lemon juice","Shellfish, Eggs",Contains
Grilled Portobello Mushroom Burger,Portobello mushrooms,None,None,"Burger bun, vegetables",Wheat,Contains
Butternut Squash Soup,Butternut squash,None,Butter,Vegetable broth,Dairy,Contains
Shrimp Scampi Pasta,Shrimp,None,Butter,"Garlic, lemon",Shellfish,Contains
Rasmalai,Paneer,Sugar,"Milk, Ghee","Cardamom, nuts",Dairy,Contains
Baked Cod,Cod,None,Butter,"Lemon, herbs","Fish, Dairy",Contains
Greek Moussaka,Eggplant,None,Olive oil,"Ground meat, potatoes",None,Does not contain
Prawn Biryani,Prawns,None,Ghee,"Basmati rice, spices",Shellfish,Contains
Veggie Omelette,Mixed vegetables,None,Olive oil,"Salt, pepper",None,Does not contain
Vegetable Soup,Mixed vegetables,None,Olive oil,Seasonings,None,Does not contain
Lemon Garlic Shrimp,Shrimp,None,Olive oil,"Lemon juice, garlic",Shellfish,Contains
Tofu Stir-Fry,Tofu,None,Vegetable oil,Soy sauce,Soybeans,Contains
Shrimp Fried Rice,Shrimp,None,Vegetable oil,Soy sauce,"Shellfish, Soybeans",Contains
Honey Mustard Chicken,Chicken breast,Honey,Mustard,Vegetable oil,None,Contains
Chicken Parmesan,Chicken,None,"Bread crumbs, Parmesan cheese",Marinara sauce,Dairy,Contains
Mango Salsa,Mango,None,None,"Lime juice, cilantro",None,Does not contain
Chocolate Chip Cookies,Flour,Sugar,Butter,Chocolate chips,"Wheat, Dairy",Contains
Pesto Pizza,Pesto sauce,None,None,"Mozzarella cheese, basil",Dairy,Contains
Garlic Bread,Bread,None,Butter,Garlic,"Wheat, Dairy",Contains
Sushi Bowl,Sushi rice,None,Soy sauce,"Raw fish, vegetables","Fish, Soybeans",Contains
Mango Salsa,Mango,None,None,"Lime juice, cilantro",None,Does not contain
Pancetta Pasta,Pasta,None,Pancetta,"Garlic, herbs",None,Does not contain
Paneer Tikka,Paneer,None,Oil,"Tikka masala, spices",Dairy,Contains
Chicken Caesar Wrap,Chicken,None,Caesar dressing,"Romaine lettuce, Parmesan cheese",Dairy,Contains
Pesto Chicken,Chicken,None,Olive oil,Pesto sauce,"Pine nuts, Dairy",Contains
Miso Soup,Miso paste,None,None,"Tofu, seaweed",Soybeans,Contains
Vegetable Lasagna,Vegetables,None,Olive oil,"Tomato sauce, cheese","Wheat, Dairy",Contains
Baked Apple,Apples,Sugar,Butter,"Cinnamon, oats","Wheat, Dairy",Contains
Baked Salmon,Salmon,None,Olive oil,"Lemon, herbs",Fish,Contains
Brussels Sprouts,Brussels sprouts,None,Olive oil,Balsamic glaze,None,Does not contain
Teriyaki Salmon,Salmon,None,Vegetable oil,Teriyaki sauce,Fish,Contains
Greek Spanakopita,Spinach,None,Olive oil,"Feta cheese, phyllo dough",Dairy,Contains
Beef Tacos,Ground beef,None,Vegetable oil,Taco seasoning,None,Does not contain
Lobster Bisque,Lobster,None,Butter,"Cream, brandy","Shellfish, Dairy",Contains
Tuna Salad,Tuna,Mayonnaise,None,"Celery, onion","Fish, Eggs",Contains
Raspberry Cheesecake,Cream cheese,Sugar,Butter,"Graham cracker crust, raspberries","Wheat, Dairy",Contains
Pesto Pasta Salad,Pasta,None,Pesto sauce,"Tomatoes, vegetables",None,Does not contain
Biryani,Rice,None,Ghee,"Biryani masala, spices",None,Does not contain
Stuffed Bell Peppers,Bell peppers,None,Olive oil,"Ground meat, rice",None,Does not contain
Mutton Biryani,Mutton,None,Ghee,"Basmati rice, spices",None,Does not contain
Chocolate Mousse,Chocolate,Sugar,Heavy cream,Vanilla extract,Dairy,Contains
Sushi Rolls,Sushi rice,None,Soy sauce,"Nori (seaweed), fish","Soybeans, Fish",Contains
Buffalo Wings,Chicken wings,None,Vegetable oil,Buffalo sauce,None,Does not contain
Blueberry Muffins,Flour,Sugar,Butter,Blueberries,"Wheat, Dairy",Contains
Lemon Poppy Seed Muffins,Flour,Sugar,Butter,"Lemon zest, poppy seeds","Wheat, Dairy",Contains
Sausage Pizza,Sausage,None,None,Mozzarella cheese,None,Does not contain
Brussels Sprouts,Brussels sprouts,None,Olive oil,Balsamic glaze,None,Does not contain
Caesar Shrimp Skewers,Shrimp,None,Olive oil,Caesar dressing,"Shellfish, Dairy",Contains
Baked Cod,Cod,None,Butter,"Lemon, herbs","Fish, Dairy",Contains
Gobi Manchurian,Cauliflower,None,Oil,Manchurian sauce,None,Does not contain
Shrimp Scampi,Shrimp,None,Butter,"Garlic, lemon","Shellfish, Dairy",Contains
Wheat Bread,Wheat flour,None,None,Salt,Wheat,Contains
Caprese Salad,Tomatoes,None,Olive oil,"Mozzarella cheese, basil",Dairy,Contains
Palak Paneer,Spinach,None,Ghee,"Paneer, spices",Dairy,Contains
S'mores,Graham crackers,Marshmallows,Chocolate,None,"Wheat, Dairy",Contains
Stuffed Tomatoes,Tomatoes,None,None,"Herbs, breadcrumbs",None,Does not contain
Chicken Noodle Casserole,Chicken,None,Butter,"Noodles, vegetables",Wheat,Contains
Pesto Chicken,Chicken,None,Olive oil,Pesto sauce,"Pine nuts, Dairy",Contains
Greek Salad,Cucumbers,None,Olive oil,"Feta cheese, olives",Dairy,Contains
Minestrone Soup,Vegetables,None,Olive oil,Tomato broth,None,Does not contain
Lemon Poppy Seed Muffins,Flour,Sugar,Butter,"Lemon zest, poppy seeds","Wheat, Dairy",Contains
Stuffed Bell Peppers,Bell peppers,None,Olive oil,"Ground meat, rice",None,Does not contain
Cheese Pizza,Cheese,None,None,Tomato sauce,Dairy,Contains
Soy Milk,Soybeans,Sugar,None,Emulsifiers,Soybeans,Contains
Mashed Potatoes,Potatoes,None,Butter,"Salt, Pepper",Dairy,Contains
Tiramisu,Ladyfingers,Sugar,"Mascarpone cheese, coffee liqueur",Cocoa powder,"Wheat, Dairy, Alcohol",Contains
Garlic Bread,Bread,None,Butter,Garlic,"Wheat, Dairy",Contains
Chole Kulche,Chickpeas,None,Ghee,"Kulcha bread, spices",None,Does not contain
Ratatouille,Vegetables,None,Olive oil,Herbs,None,Does not contain
Zucchini Noodles,Zucchini,None,Olive oil,"Garlic, herbs",None,Does not contain
Apple Pie,Apples,Sugar,Butter,Cinnamon,"Wheat, Dairy",Contains
Honey Glazed Carrots,Carrots,Honey,Butter,None,None,Does not contain
Lemon Dill Salmon,Salmon,None,Olive oil,"Lemon, dill",Fish,Contains
Banana Pudding,Bananas,Sugar,Milk,"Vanilla pudding mix, cookies",Dairy,Contains
Baked Ziti,Pasta,None,None,"Tomato sauce, cheese","Wheat, Dairy",Contains
Honey Soy Glazed Salmon,Salmon,Honey,Soy sauce,"Garlic, ginger","Fish, Soybeans",Contains
Shrimp Scampi Pasta,Shrimp,None,Butter,"Garlic, lemon",Shellfish,Contains
Chicken Teriyaki,Chicken,None,Soy sauce,"Honey, ginger",Soybeans,Contains
Chicken Pot Pie,Chicken,None,Butter,"Vegetables, pastry",Wheat,Contains
Mango Coconut Popsicles,Mango,Sugar,Coconut milk,None,None,Does not contain
Cilantro Lime Chicken,Chicken,None,Olive oil,"Cilantro, lime",None,Does not contain
Cucumber Salad,Cucumbers,None,Olive oil,"Vinegar, herbs",None,Does not contain
Caprese Skewers,Tomatoes,None,Olive oil,"Mozzarella cheese, basil",Dairy,Contains
Honey Soy Glazed Salmon,Salmon,Honey,Soy sauce,"Garlic, ginger","Fish, Soybeans",Contains
Chicken Malai Tikka,Chicken,None,Cream,Spices,Dairy,Contains
Sausage and Pepper Pizza,Pizza dough,None,None,"Sausage, bell peppers","Wheat, Dairy",Contains
Dahi Vada,Lentil dumplings,None,Yogurt,"Tamarind chutney, spices",Dairy,Contains
Tuna Salad,Tuna,Mayonnaise,None,"Celery, onion","Fish, Eggs",Contains
Caesar Salad Wrap,Romaine lettuce,None,Caesar dressing,"Parmesan cheese, croutons","Wheat, Dairy",Contains
Soy Milk,Soybeans,Sugar,None,Emulsifiers,Soybeans,Contains
Mushroom Soup,Mushrooms,None,Butter,Vegetable broth,Dairy,Contains
Baked Chicken Wings,Chicken wings,None,Olive oil,Seasonings,None,Does not contain
Zucchini Bread,Zucchini,Sugar,Vegetable oil,Flour,Wheat,Contains
Tuna Sandwich,Tuna,Mayonnaise,None,"Salt, Pepper","Fish, Eggs",Contains
Blueberry Pancakes,Flour,Sugar,Butter,Blueberries,"Wheat, Dairy",Contains
Margherita Pizza,Pizza dough,None,Olive oil,"Mozzarella cheese, tomatoes, basil",Dairy,Contains
Honey Glazed Carrots,Carrots,Honey,Butter,None,None,Does not contain
Rogan Josh,Lamb,None,Ghee,"Yogurt, Kashmiri red chili",Dairy,Contains
Beef Stroganoff,Beef,None,Sour cream,"Mushrooms, onions",Dairy,Contains
Kheer,Rice,Sugar,Ghee,"Cardamom, nuts",Dairy,Contains
Baked Apple,Apples,Sugar,Butter,"Cinnamon, oats","Wheat, Dairy",Contains
Tofu Stir-Fry,Tofu,None,Vegetable oil,Soy sauce,Soybeans,Contains
French Onion Soup,Onions,None,Butter,"Beef broth, cheese, bread","Dairy, Wheat",Contains
Ratatouille,Eggplant,None,Olive oil,"Tomatoes, zucchini",None,Does not contain
Chole Kulche,Chickpeas,None,Ghee,"Kulcha bread, spices",None,Does not contain
Tofu Stir-Fry,Tofu,None,Vegetable oil,Soy sauce,Soybeans,Contains
Chicken Caesar Salad,Chicken,None,Caesar dressing,"Romaine lettuce, croutons","Wheat, Dairy",Contains
Honey Mustard Chicken,Chicken breast,Honey,Mustard,Vegetable oil,None,Contains
Garlic Shrimp,Shrimp,None,Olive oil,Garlic,Shellfish,Contains
Caesar Wrap,Grilled chicken,None,Caesar dressing,"Lettuce, Parmesan cheese",Dairy,Contains
Tofu Curry,Tofu,None,Coconut milk,Curry paste,None,Does not contain
Tofu Curry,Tofu,None,Coconut milk,Curry paste,None,Does not contain
Zucchini Noodles with Pesto,Zucchini,None,Olive oil,Pesto sauce,"Pine nuts, Dairy",Contains
Coconut Curry,Chicken,None,Coconut milk,Curry paste,None,Does not contain
Black Bean Soup,Black beans,None,Olive oil,Vegetables,None,Does not contain
Sushi Bowl,Sushi rice,None,Soy sauce,"Raw fish, vegetables","Fish, Soybeans",Contains
Vegetable Stir-Fry,Mixed vegetables,None,Vegetable oil,Soy sauce,None,Does not contain
Mushroom Soup,Mushrooms,None,Butter,Vegetable broth,Dairy,Contains
Wheat Bread,Wheat flour,None,None,Salt,Wheat,Contains
Garlic Shrimp,Shrimp,None,Olive oil,Garlic,Shellfish,Contains
Chicken Curry,Chicken,None,Vegetable oil,Curry powder,None,Does not contain
Vegetable Stir-Fry,Mixed vegetables,None,Vegetable oil,Soy sauce,None,Does not contain
Baked Salmon,Salmon fillet,None,Olive oil,"Lemon, herbs",Fish,Contains
Watermelon Salad,Watermelon,None,None,"Feta cheese, mint",Dairy,Contains
Mango Salsa,Mango,None,None,"Red onion, lime",None,Does not contain
Chicken Alfredo Pizza,Pizza dough,None,None,"Chicken, Alfredo sauce","Wheat, Dairy",Contains
Zucchini Noodles with Pesto,Zucchini,None,Olive oil,Pesto sauce,"Pine nuts, Dairy",Contains
Lobster Bisque,Lobster,None,Butter,"Cream, brandy","Shellfish, Dairy",Contains
Matar Paneer,Paneer,None,Ghee,"Peas, spices",Dairy,Contains
Fish Sticks,Fish fillets,None,Vegetable oil,Salt,Fish,Contains
Garlic Bread,Bread,None,Butter,Garlic,"Wheat, Dairy",Contains
Ratatouille,Eggplant,None,Olive oil,Tomatoes,None,Does not contain
Blueberry Muffins,Flour,Sugar,Butter,Blueberries,"Wheat, Dairy",Contains
Fish Sticks,Fish fillets,None,Vegetable oil,Salt,Fish,Contains
Cucumber Salad,Cucumbers,None,Olive oil,"Vinegar, herbs",None,Does not contain
Rogan Josh,Lamb,None,Ghee,"Yogurt, Kashmiri red chili",Dairy,Contains
Baked Brie,Brie cheese,None,None,"Herbs, nuts","Dairy, Nuts",Contains
Baked Chicken Wings,Chicken wings,None,Olive oil,Seasonings,None,Does not contain
Beef and Mushroom Stir-Fry,Beef,None,Vegetable oil,Soy sauce,None,Does not contain
Beef Wellington,Beef,None,Butter,"Mushrooms, puff pastry","Wheat, Dairy",Contains
Shrimp Scampi,Shrimp,None,Butter,"Garlic, lemon","Shellfish, Dairy",Contains
Brussels Sprouts,Brussels sprouts,None,Olive oil,Balsamic glaze,None,Does not contain
Peanut Butter,Peanuts,Sugar,Vegetable oil,Salt,Peanuts,Contains
Hawaiian Pizza,Pizza dough,None,None,"Pineapple, ham","Wheat, Pork, Dairy",Contains
Tuna Sandwich,Tuna,Mayonnaise,None,"Salt, Pepper","Fish, Eggs",Contains
Dosa,Rice,None,Oil,"Potato masala, chutney",None,Does not contain
Blueberry Muffins,Flour,Sugar,Butter,Blueberries,"Wheat, Dairy",Contains
Avocado Toast,Avocado,None,Olive oil,"Salt, pepper",None,Does not contain
Chicken Biryani,Chicken,None,Ghee,"Basmati rice, spices",None,Does not contain
Beef Burritos,Beef,None,Vegetable oil,Burrito seasoning,None,Does not contain
Samosa,Potatoes,None,Ghee,Spices,None,Contains
Baked Salmon,Salmon,None,Olive oil,"Lemon, herbs",Fish,Contains
Pancetta Pasta,Pasta,None,Pancetta,"Garlic, herbs",None,Does not contain
Roasted Brussels Sprouts,Brussels sprouts,None,Olive oil,Balsamic glaze,None,Does not contain
Chole Kulche,Chickpeas,None,Ghee,"Kulcha bread, spices",None,Does not contain
Chole Bhature,Chickpeas,Sugar,Ghee,"Chole masala, spices",None,Does not contain
Lemon Dill Salmon,Salmon,None,Olive oil,"Lemon, dill",Fish,Contains
Sausage and Pepper Pizza,Pizza dough,None,None,"Sausage, bell peppers","Wheat, Dairy",Contains
French Fries,Potatoes,None,Vegetable oil,Salt,None,Does not contain
Egg Fried Rice,Eggs,None,Sesame oil,Soy sauce,"Eggs, Soybeans",Contains
Pani Puri,Semolina,Tamarind,None,"Spiced water, chutney",None,Does not contain
Salsa,Tomatoes,None,None,"Onion, cilantro",None,Does not contain
Banana Bread,Bananas,Sugar,Butter,"Cinnamon, nuts","Wheat, Dairy, Nuts",Contains
Banana Pudding,Bananas,Sugar,Milk,"Vanilla pudding mix, cookies",Dairy,Contains
Chocolate Mousse,Chocolate,Sugar,Heavy cream,Vanilla extract,Dairy,Contains
Onion Rings,Onions,None,Vegetable oil,Flour,Wheat,Contains
Pesto Pasta Salad,Pasta,None,Pesto sauce,"Tomatoes, vegetables",None,Does not contain
Fish Sticks,Fish fillets,None,Vegetable oil,Salt,Fish,Contains
Garlic Bread,Bread,None,Butter,Garlic,"Wheat, Dairy",Contains
Greek Spanakopita,Spinach,None,Olive oil,"Feta cheese, phyllo dough",Dairy,Contains
Chicken Biryani,Chicken,None,Ghee,"Basmati rice, spices",None,Does not contain
Chicken Fettuccine Alfredo,Chicken,None,Butter,"Cream, Parmesan cheese",Dairy,Contains
Caprese Sandwich,Tomatoes,None,Olive oil,"Mozzarella cheese, basil",Dairy,Contains
Greek Spanakopita,Spinach,None,Olive oil,"Feta cheese, phyllo dough",Dairy,Contains
Berry Parfait,Berries,Honey,Yogurt,Granola,Dairy,Contains
Baked Apple,Apples,Sugar,Butter,"Cinnamon, oats","Wheat, Dairy",Contains
Lentil Curry,Lentils,None,Coconut milk,Curry powder,None,Does not contain
Pecan Pie,Pecans,Sugar,Butter,Corn syrup,"Wheat, Dairy, Nuts",Contains
Chicken Tikka Masala,Chicken,Sugar,Ghee,"Tomato sauce, cream",Dairy,Contains
Beef Stir-Fry,Beef,None,Vegetable oil,Soy sauce,None,Does not contain
Tofu Curry,Tofu,None,Coconut milk,Curry paste,None,Does not contain
Beef and Mushroom Stir-Fry,Beef,None,Vegetable oil,Soy sauce,None,Does not contain
Berry Cobbler,Mixed berries,Sugar,Butter,Flour,"Wheat, Dairy",Contains
Mashed Potatoes,Potatoes,None,Butter,"Salt, Pepper",Dairy,Contains
Lemon Bars,Flour,Sugar,Butter,Lemon juice,"Wheat, Dairy",Contains
Rasgulla,Paneer,Sugar,None,"Rose water, syrup",Dairy,Contains
Caesar Wrap,Grilled chicken,None,Caesar dressing,"Lettuce, Parmesan cheese",Dairy,Contains
Ratatouille Tart,Vegetables,None,Olive oil,"Puff pastry, herbs",None,Does not contain
Prawn Curry,Prawns,None,Coconut milk,Curry spices,"Shellfish, Dairy",Contains
Cucumber Salad,Cucumbers,None,Olive oil,"Vinegar, herbs",None,Does not contain
S'mores,Graham crackers,Marshmallows,Chocolate,None,"Wheat, Dairy",Contains
Caramelized Onions,Onions,Sugar,Butter,None,None,Does not contain
Pesto Chicken,Chicken,None,Olive oil,Pesto sauce,"Pine nuts, Dairy",Contains
Cucumber Salad,Cucumbers,None,Olive oil,"Vinegar, herbs",None,Does not contain
Greek Gyro,Lamb/Chicken,None,None,"Tzatziki sauce, vegetables","Dairy, Wheat",Contains
Vegetable Stir-Fry,Mixed vegetables,None,Vegetable oil,Soy sauce,None,Does not contain
Pesto Chicken,Chicken,None,Olive oil,Pesto sauce,"Pine nuts, Dairy",Contains
Tomato Bruschetta,Tomatoes,None,Olive oil,"Garlic, basil",None,Does not contain
Lobster Bisque,Lobster,None,Butter,"Cream, brandy","Shellfish, Dairy",Contains
Stuffed Bell Peppers,Bell peppers,None,Olive oil,"Ground meat, rice",None,Does not contain
Pesto Chicken,Chicken,None,Olive oil,Pesto sauce,"Pine nuts, Dairy",Contains
Chicken Korma,Chicken,None,Ghee,"Creamy sauce, spices",Dairy,Contains
Quinoa Salad,Quinoa,None,Olive oil,"Lemon juice, vegetables",None,Does not contain
Ratatouille,Vegetables,None,Olive oil,"Herbs, garlic",None,Does not contain
Caprese Skewers,Tomatoes,None,Olive oil,"Mozzarella cheese, basil",Dairy,Contains
Chicken and Rice Soup,Chicken,None,Vegetable oil,"Rice, vegetables",None,Does not contain
S'mores,Graham crackers,Marshmallows,Chocolate,None,"Wheat, Dairy",Contains
Pesto Pasta,Pasta,None,Olive oil,"Basil, garlic",None,Does not contain
Pineapple Upside-Down Cake,Pineapple,Sugar,Butter,Flour,"Wheat, Dairy",Contains
Margherita Pizza,Cheese,None,None,"Tomato sauce, basil",Dairy,Contains
Mango Salsa,Mango,None,None,"Red onion, lime",None,Does not contain
Chocolate Cake,Flour,Sugar,Butter,Cocoa powder,"Wheat, Dairy, Cocoa",Contains
Chicken Alfredo Pizza,Pizza dough,None,None,"Chicken, Alfredo sauce","Wheat, Dairy",Contains
Chicken Curry,Chicken,None,Oil,Curry spices,None,Does not contain
Beef Stir-Fry,Beef,None,Vegetable oil,Soy sauce,None,Does not contain
Aloo Gobi,Potatoes,None,Oil,"Cauliflower, spices",None,Does not contain
Chicken and Rice Soup,Chicken,None,Vegetable oil,"Rice, vegetables",None,Does not contain
Lemon Herb Roasted Chicken,Chicken,None,Olive oil,"Lemon, herbs",None,Does not contain
Zucchini Noodles,Zucchini,None,Olive oil,"Garlic, herbs",None,Does not contain
Chicken Quesadilla,Chicken,None,Butter,Cheese,"Wheat, Dairy",Contains
Greek Spanakopita,Spinach,None,Olive oil,"Feta cheese, phyllo dough",Dairy,Contains
Wheat Bread,Wheat flour,None,None,Salt,Wheat,Contains
Chicken Caesar Salad,Chicken,None,Caesar dressing,"Romaine lettuce, croutons","Wheat, Dairy",Contains
Stuffed Tomatoes,Tomatoes,None,None,"Herbs, breadcrumbs",None,Does not contain
Caprese Salad,Tomatoes,None,Olive oil,"Mozzarella cheese, basil",Dairy,Contains
Apple Crisp,Apples,Sugar,Butter,"Cinnamon, oats","Wheat, Dairy",Contains
Malai Kofta,Cottage cheese,None,Ghee,Creamy tomato sauce,Dairy,Contains
Rogan Josh,Lamb,None,Ghee,"Yogurt, Kashmiri red chili",Dairy,Contains
Stuffed Cabbage Rolls,Cabbage,None,Olive oil,"Ground meat, rice",None,Does not contain
Honey Soy Glazed Salmon,Salmon,Honey,Soy sauce,"Garlic, ginger","Fish, Soybeans",Contains
Pumpkin Pie,Pumpkin,Sugar,Butter,"Cinnamon, nutmeg","Wheat, Dairy",Contains
Chicken Satay,Chicken,None,Peanut oil,"Satay sauce, spices",Peanuts,Contains
Stuffed Portobello Mushrooms,Portobello mushrooms,None,None,"Cheese, breadcrumbs",Dairy,Contains
Apple Cider,Apples,Sugar,None,Cinnamon,None,Does not contain
Honey Mustard Chicken,Chicken breast,Honey,Mustard,Vegetable oil,None,Contains
Lemon Bars,Flour,Sugar,Butter,Lemon juice,"Wheat, Dairy",Contains
Stuffed Mushrooms,Mushrooms,None,None,"Cheese, breadcrumbs",Dairy,Contains
Tandoori Chicken,Chicken,None,Yogurt,Tandoori spices,Dairy,Contains
Baked Ziti,Pasta,None,Cheese,Tomato sauce,"Wheat, Dairy",None
Mixed Berry Pie,Mixed berries,Sugar,Butter,Flour,"Wheat, Dairy",Contains
Blueberry Pancakes,Flour,Sugar,Butter,Blueberries,"Wheat, Dairy",Contains
Baked Salmon,Salmon,None,Olive oil,"Lemon, herbs",Fish,Contains
Chicken Tikka Masala,Chicken,Sugar,Ghee,"Tomato sauce, cream",Dairy,Contains
Honey Glazed Carrots,Carrots,Honey,Butter,None,None,Does not contain
Palak Paneer,Spinach,None,Ghee,"Paneer, spices",Dairy,Contains
Peanut Butter,Peanuts,Sugar,Vegetable oil,Salt,Peanuts,Contains
Omelette,Eggs,None,Butter,"Salt, pepper",Eggs,Contains
Ratatouille Pasta,Pasta,None,Olive oil,Ratatouille vegetables,None,Does not contain
Strawberry Spinach Salad,Spinach,None,None,"Strawberries, vinaigrette",None,Does not contain
Mixed Berry Pie,Mixed berries,Sugar,Butter,Flour,"Wheat, Dairy",Contains
Cilantro Lime Chicken,Chicken,None,Olive oil,"Cilantro, lime",None,Does not contain
Chicken Tikka Masala,Chicken,None,Ghee,Tikka masala sauce,"Dairy, Ghee",Contains
Lentil Soup,Lentils,None,Olive oil,Vegetables,None,Does not contain
Mutton Biryani,Mutton,None,Ghee,"Basmati rice, spices",None,Does not contain
Honey Mustard Chicken,Chicken,Honey,Olive oil,"Mustard, herbs",None,Does not contain
Biryani,Rice,None,Ghee,"Biryani masala, spices",None,Does not contain
Chicken Piccata,Chicken,None,Butter,"Lemon, capers","Dairy, Fish",Contains
Tiramisu,Ladyfingers,Sugar,Mascarpone cheese,"Coffee, cocoa","Wheat, Dairy",Contains
Chicken Teriyaki,Chicken,None,Vegetable oil,Teriyaki sauce,None,Does not contain
Mushroom Soup,Mushrooms,None,Butter,Vegetable broth,Dairy,Contains
Brussels Sprouts,Brussels sprouts,None,Olive oil,Balsamic glaze,None,Does not contain
Pecan Pie,Pecans,Sugar,Butter,Corn syrup,"Wheat, Dairy, Nuts",Contains
Mushroom Risotto,Arborio rice,None,Butter,Mushroom,"Wheat, Dairy",Contains
Chicken Noodle Soup,Chicken,None,Vegetable oil,"Noodles, vegetables",None,Does not contain
Greek Moussaka,Eggplant,None,Olive oil,"Ground meat, potatoes",None,Does not contain
Beef Stir-Fry,Beef,None,Vegetable oil,Soy sauce,None,Does not contain
Lentil Soup,Lentils,None,Olive oil,Vegetables,None,Does not contain
Chicken Tikka Masala,Chicken,None,Ghee,Tikka masala sauce,"Dairy, Ghee",Contains
Shrimp Scampi,Shrimp,None,Butter,"Garlic, lemon",Shellfish,Contains
S'mores,Graham crackers,Marshmallows,Chocolate,None,"Wheat, Dairy",Contains
Beef Burritos,Beef,None,Vegetable oil,Burrito seasoning,None,Does not contain
Strawberry Yogurt,"Yogurt (milk, cultures)",Sugar,None,Pectin,"Milk, Strawberries",Contains
Pesto Chicken,Chicken,None,Pesto sauce,None,None,Does not contain
Greek Salad,Cucumbers,None,Olive oil,"Feta cheese, olives",Dairy,Contains
Sausage and Pepper Pizza,Pizza dough,None,None,"Sausage, bell peppers","Wheat, Dairy",Contains
Stuffed Bell Peppers,Bell peppers,None,Olive oil,"Ground meat, rice",None,Does not contain
Pav Bhaji,Mixed vegetables,None,Butter,"Pav bread, spices",None,Does not contain
Chicken Curry,Chicken,None,Oil,Curry spices,None,Does not contain
Chicken Alfredo Pizza,Pizza dough,None,None,"Chicken, Alfredo sauce","Wheat, Dairy",Contains
Stuffed Mushrooms,Mushrooms,None,None,"Cheese, breadcrumbs",Dairy,Contains
Chocolate Chip Pancakes,Flour,Sugar,Butter,Chocolate chips,"Wheat, Dairy, Cocoa",Contains
Brussels Sprouts,Brussels sprouts,None,Olive oil,Balsamic glaze,None,Does not contain
Greek Gyro Wrap,Lamb,None,None,"Tzatziki sauce, tomatoes, onions",Dairy,Contains
Lemonade,Lemon juice,Sugar,Water,None,None,Does not contain
Caramelized Onions,Onions,Sugar,Butter,None,None,Does not contain
Zucchini Noodles,Zucchini,None,Olive oil,"Garlic, herbs",None,Does not contain
Pesto Chicken,Chicken,None,Olive oil,Pesto sauce,"Pine nuts, Dairy",Contains
Banana Bread,Bananas,Sugar,Butter,Flour,"Wheat, Dairy",Contains
Chicken Stir-Fry,Chicken,None,Vegetable oil,Soy sauce,None,Does not contain
Cilantro Lime Chicken,Chicken,None,Olive oil,"Cilantro, lime",None,Does not contain
Chicken Tikka Masala,Chicken,Sugar,Ghee,"Tomato sauce, cream",Dairy,Contains
Chicken Parmesan,Chicken,None,"Bread crumbs, Parmesan cheese",Marinara sauce,Dairy,Contains
Lobster Roll,Lobster,None,Mayonnaise,"Celery, lemon juice","Shellfish, Eggs",Contains
Paniyaram,Fermented batter,None,Oil,"Mustard seeds, curry leaves",None,Does not contain
Caramelized Onions,Onions,Sugar,Butter,None,None,Does not contain
Beef Burritos,Beef,None,Vegetable oil,Burrito seasoning,None,Does not contain
Stuffed Bell Peppers,Bell peppers,None,Olive oil,"Ground meat, rice",None,Does not contain
Dal Makhani,Lentils,None,Ghee,"Cream, spices",Dairy,Contains
Roasted Brussels Sprouts,Brussels sprouts,None,Olive oil,Balsamic glaze,None,Does not contain
Caesar Wrap,Grilled chicken,None,Caesar dressing,"Lettuce, Parmesan cheese",Dairy,Contains
Berry Parfait,Mixed berries,Sugar,"Yogurt (milk, cultures)",Granola,Dairy,Contains
Key Lime Pie,Lime juice,Sugar,Butter,Graham cracker crust,"Wheat, Dairy",Contains
Ratatouille Tart,Vegetables,None,Olive oil,"Puff pastry, herbs",None,Does not contain
Rice Pudding,Rice,Sugar,Milk,"Cinnamon, raisins","Rice, Dairy",Contains
Pesto Pasta,Pasta,None,Olive oil,"Basil, garlic",None,Does not contain
Pesto Chicken,Chicken,None,Olive oil,Pesto sauce,"Pine nuts, Dairy",Contains
Pumpkin Pie,Pumpkin,Sugar,Butter,"Pumpkin spice, pastry","Wheat, Dairy",Contains
Lentil Salad,Lentils,None,Olive oil,"Lemon juice, vegetables",None,Does not contain
Greek Salad,Cucumbers,None,Olive oil,"Feta cheese, olives",Dairy,Contains
Caramel Popcorn,Popcorn,Sugar,Butter,Salt,Dairy,Contains
Teriyaki Salmon,Salmon fillet,Sugar,Soy sauce,"Ginger, garlic","Fish, Soybeans",Contains
Chicken Stir-Fry,Chicken,None,Vegetable oil,Soy sauce,None,Does not contain
Soy Milk,Soybeans,Sugar,None,Emulsifiers,Soybeans,Contains
Stuffed Mushrooms,Mushrooms,None,None,"Garlic, herbs",None,Does not contain
Shrimp Scampi,Shrimp,None,Butter,"Garlic, lemon",Shellfish,Contains
Chicken Malai Tikka,Chicken,None,Cream,Spices,Dairy,Contains
Oatmeal Raisin Cookies,Oats,Sugar,Butter,Flour,"Wheat, Dairy",Contains
Caramelized Onions,Onions,Sugar,Butter,None,None,Does not contain
Cucumber Salad,Cucumbers,None,Olive oil,"Vinegar, herbs",None,Does not contain
Baked Salmon,Salmon fillet,None,Olive oil,"Lemon, herbs",Fish,Contains
Lemon Garlic Shrimp,Shrimp,None,Olive oil,"Lemon juice, garlic",Shellfish,Contains
Honey Soy Glazed Salmon,Salmon,Honey,Soy sauce,"Garlic, ginger","Fish, Soybeans",Contains
Vegetable Biryani,Mixed vegetables,None,Ghee,"Basmati rice, spices",None,Does not contain
Caprese Sandwich,Tomatoes,None,Olive oil,"Mozzarella cheese, basil",Dairy,Contains
Spaghetti Bolognese,Ground beef,Sugar,Olive oil,Tomato sauce,None,Contains
Apple Crisp,Apples,Sugar,Butter,"Cinnamon, oats","Wheat, Dairy",Contains
Pancake Stack,Flour,Sugar,Butter,Maple syrup,"Wheat, Dairy",Contains
Chicken Pot Pie,Chicken,None,Butter,"Vegetables, pastry",Wheat,Contains
Caesar Salad Wrap,Grilled chicken,None,Caesar dressing,"Lettuce, Parmesan cheese",Dairy,Contains
Bacon-Wrapped Shrimp,Shrimp,None,Bacon,Seasonings,"Shellfish, Pork",Contains
Salsa,Tomatoes,None,None,"Onion, cilantro",None,Does not contain
Chicken Alfredo Pizza,Pizza dough,None,None,"Chicken, Alfredo sauce","Wheat, Dairy",Contains
Chicken Teriyaki,Chicken,None,Vegetable oil,Teriyaki sauce,None,Does not contain
Caesar Wrap,Grilled chicken,None,Caesar dressing,"Lettuce, Parmesan cheese",Dairy,Contains
Banana Pudding,Bananas,Sugar,Milk,"Vanilla pudding mix, cookies",Dairy,Contains
Pesto Pasta Salad,Pasta,None,Pesto sauce,"Tomatoes, vegetables",None,Does not contain
Miso Soup,Miso paste,None,None,"Tofu, seaweed",Soybeans,Contains
Greek Moussaka,Eggplant,None,Olive oil,"Ground meat, potatoes",None,Does not contain
S'mores,Graham crackers,Marshmallows,Chocolate,None,"Wheat, Dairy",Contains
Aloo Paratha,Potatoes,None,Ghee,"Wheat flour, spices",Wheat,Contains
Chicken Curry,Chicken,None,Oil,Curry spices,None,Does not contain
Caramel Popcorn,Popcorn,Sugar,Butter,Salt,Dairy,Contains
Stuffed Mushrooms,Mushrooms,None,None,"Garlic, herbs",None,Does not contain
Teriyaki Salmon,Salmon fillet,Sugar,Soy sauce,"Ginger, garlic","Fish, Soybeans",Contains
Key Lime Pie,Lime juice,Sugar,Butter,Graham cracker crust,"Wheat, Dairy",Contains
Black Bean Soup,Black beans,None,Olive oil,Vegetables,None,Does not contain
Mango Salsa,Mango,None,None,"Lime juice, cilantro",None,Does not contain
Sausage Pizza,Sausage,None,None,Mozzarella cheese,None,Does not contain
Spinach and Feta Stuffed Chicken,Chicken,None,Olive oil,"Spinach, feta cheese",Dairy,Contains
Raspberry Cheesecake,Cream cheese,Sugar,Butter,"Graham cracker crust, raspberries","Wheat, Dairy",Contains
Mushroom Soup,Mushrooms,None,Butter,Vegetable broth,Dairy,Contains
Miso Soup,Miso paste,None,None,"Tofu, seaweed",Soybeans,Contains
Butter Chicken,Chicken,Sugar,Butter,"Tomato sauce, cream",Dairy,Contains
Chicken Curry,Chicken,None,Coconut milk,Curry powder,None,Does not contain
Gulab Jamun,Milk solids,Sugar,Ghee,Cardamom syrup,Dairy,Contains
Baked Ziti,Pasta,None,None,"Tomato sauce, cheese","Wheat, Dairy",Contains
Strawberry Smoothie,Strawberries,Sugar,Yogurt,Milk,Dairy,Contains
Tofu Curry,Tofu,None,Coconut milk,Curry paste,None,Does not contain
Dal Makhani,Lentils,None,Ghee,"Cream, spices",Dairy,Contains
Greek Lemon Chicken,Chicken,None,Olive oil,"Lemon juice, herbs",None,Does not contain
Malai Kofta,Cottage cheese,None,Ghee,Creamy tomato sauce,Dairy,Contains
Tuna Salad,Tuna,Mayonnaise,None,"Celery, onion","Fish, Eggs",Contains
Baked Cod,Cod,None,Butter,"Lemon, herbs","Fish, Dairy",Contains
Ratatouille Tart,Vegetables,None,Olive oil,"Puff pastry, herbs",None,Does not contain
Chicken Alfredo Pizza,Pizza dough,None,None,"Chicken, Alfredo sauce","Wheat, Dairy",Contains
Beef Tacos,Ground beef,None,Vegetable oil,Taco seasoning,None,Does not contain
Beef and Mushroom Stir-Fry,Beef,None,Vegetable oil,Soy sauce,None,Does not contain
Wheat Bread,Wheat flour,None,None,Salt,Wheat,Contains
Blueberry Pancakes,Flour,Sugar,Butter,Blueberries,"Wheat, Dairy",Contains
Stuffed Cabbage Rolls,Cabbage,None,Olive oil,"Ground meat, rice",None,Does not contain
Vegetable Lasagna,Vegetables,None,Olive oil,"Tomato sauce, cheese","Wheat, Dairy",Contains
Onion Rings,Onions,None,Vegetable oil,Flour,Wheat,Contains
Banana Bread,Bananas,Sugar,Butter,Flour,"Wheat, Dairy",Contains
Vegetable Stir-Fry,Mixed vegetables,None,Vegetable oil,Soy sauce,None,Does not contain
Baked Ziti,Pasta,None,Cheese,Tomato sauce,"Wheat, Dairy",Contains
Butternut Squash Soup,Butternut squash,None,Butter,Vegetable broth,Dairy,Contains
Caprese Salad,Tomatoes,None,Olive oil,"Mozzarella cheese, basil",Dairy,Contains
Greek Gyro Wrap,Lamb,None,None,"Tzatziki sauce, tomatoes, onions",Dairy,Contains
Vegetable Lasagna,Vegetables,None,Olive oil,"Tomato sauce, cheese","Wheat, Dairy",Contains
Greek Spanakopita,Spinach,None,Olive oil,"Feta cheese, phyllo dough",Dairy,Contains
Chocolate Mousse,Chocolate,Sugar,Heavy cream,Vanilla extract,"Dairy, Cocoa",Contains
Stuffed Tomatoes,Tomatoes,None,None,"Herbs, breadcrumbs",None,Does not contain
Tiramisu,Ladyfingers,Sugar,Mascarpone cheese,"Coffee, cocoa","Wheat, Dairy",Contains
Zucchini Noodles,Zucchini,None,Olive oil,"Garlic, herbs",None,Does not contain
Baked Chicken Wings,Chicken wings,None,Olive oil,Seasonings,None,Does not contain
Malai Kofta,Cottage cheese,None,Ghee,Creamy tomato sauce,Dairy,Contains
Chicken Stir-Fry,Chicken,None,Vegetable oil,Soy sauce,None,Does not contain
Oatmeal,Oats,Sugar,Milk,Cinnamon,"Oats, Dairy",Contains
Blueberry Muffins,Flour,Sugar,Butter,Blueberries,"Wheat, Dairy",Contains
Beef Stroganoff,Beef,None,Sour cream,"Mushrooms, onions",Dairy,Contains
Tomato Bruschetta,Tomatoes,None,Olive oil,"Garlic, basil",None,Does not contain
Spinach Artichoke Dip,Spinach,None,"Cream cheese, sour cream","Parmesan cheese, garlic",Dairy,Contains
Oatmeal Raisin Cookies,Oats,Brown sugar,Butter,"Raisins, cinnamon","Wheat, Dairy",Contains
Rogan Josh,Lamb,None,Ghee,"Yogurt, Kashmiri red chili",Dairy,Contains
Milk Chocolate,Sugar,Cocoa butter,Milk powder,Vanilla extract,Milk,Contains
Chicken and Rice Soup,Chicken,None,Vegetable oil,"Rice, vegetables",None,Does not contain
Masala Dosa,Rice,None,Oil,"Potato masala, spices",None,Does not contain
Sausage and Pepper Pizza,Pizza dough,None,None,"Sausage, bell peppers","Wheat, Dairy",Contains
Chicken Pot Pie,Chicken,None,Butter,"Vegetables, pastry",Wheat,Contains
Cucumber Salad,Cucumber,None,Olive oil,"Lemon juice, dill",None,Does not contain
Teriyaki Beef,Beef,None,Soy sauce,"Teriyaki sauce, vegetables",Soybeans,Contains
Malai Chicken Tikka,Chicken,None,Cream,Spices,Dairy,Contains
Samosa,Potatoes,None,Ghee,Spices,None,Contains
Garlic Shrimp,Shrimp,None,Olive oil,Garlic,Shellfish,Contains
Omelette,Eggs,None,Butter,"Salt, pepper",Eggs,Contains
Vegetable Soup,Mixed vegetables,None,Olive oil,Seasonings,None,Does not contain
Beef Chili,Ground beef,None,None,Chili powder,None,Does not contain
Ratatouille Tart,Vegetables,None,Olive oil,"Puff pastry, herbs",None,Does not contain
Sushi Bowl,Sushi rice,None,Soy sauce,"Raw fish, vegetables","Fish, Soybeans",Contains
Lobster Roll,Lobster,None,Mayonnaise,"Celery, lemon juice","Shellfish, Eggs",Contains
Chicken Satay,Chicken,None,Peanut butter,Soy sauce,Peanuts,Contains
Tuna Salad,Tuna,Mayonnaise,None,"Celery, onion","Fish, Eggs",Contains
Honey Soy Glazed Salmon,Salmon,Honey,Soy sauce,"Garlic, ginger","Fish, Soybeans",Contains
Apple Pie,Apples,Sugar,Butter,Cinnamon,"Wheat, Dairy",Contains
Tiramisu,Ladyfingers,Sugar,Mascarpone cheese,"Coffee, cocoa","Wheat, Dairy",Contains
Jalebi,Flour,Sugar,Ghee,Saffron syrup,"Wheat, Dairy",Contains
Spinach and Feta Stuffed Chicken,Chicken,None,Olive oil,"Spinach, feta cheese",Dairy,Contains
Tofu Curry,Tofu,None,Coconut milk,Curry paste,None,Does not contain
Stuffed Tomatoes,Tomatoes,None,None,"Herbs, breadcrumbs",None,Does not contain
Greek Moussaka,Eggplant,None,Olive oil,"Ground meat, potatoes",None,Does not contain
Brussels Sprouts,Brussels sprouts,None,Olive oil,Balsamic glaze,None,Does not contain
Matar Paneer,Paneer,None,Ghee,"Peas, spices",Dairy,Contains
Rice Pudding,Rice,Sugar,Milk,"Cinnamon, raisins","Rice, Dairy",Contains
Lemon Pepper Chicken,Chicken,None,Olive oil,Lemon pepper seasoning,None,Does not contain
Beef Stir-Fry,Beef,None,Vegetable oil,Soy sauce,None,Does not contain
Chicken Tikka Masala,Chicken,None,Ghee,Tikka masala sauce,"Dairy, Ghee",Contains
Spinach Artichoke Dip,Spinach,None,"Cream cheese, sour cream","Parmesan cheese, garlic",Dairy,Contains
Malai Kofta,Cottage cheese,None,Ghee,Creamy tomato sauce,Dairy,Contains
Spinach Artichoke Dip,Spinach,None,"Cream cheese, sour cream","Parmesan cheese, garlic",Dairy,Contains
Honey Mustard Chicken,Chicken breast,Honey,Mustard,Vegetable oil,None,Contains
Pesto Pasta Salad,Pasta,None,Pesto sauce,"Tomatoes, vegetables",None,Does not contain
Egg Salad,Eggs,Mayonnaise,None,"Celery, onion",Eggs,Contains
Hyderabadi Biryani,Basmati rice,None,Ghee,"Meat/vegetables, spices",None,Does not contain
Margherita Pasta,Pasta,None,Olive oil,"Fresh tomatoes, mozzarella",Dairy,Contains
Chicken Caesar Wrap,Chicken,None,Caesar dressing,"Romaine lettuce, Parmesan cheese",Dairy,Contains
Palak Paneer,Spinach,None,Ghee,"Paneer, spices",Dairy,Contains
BBQ Ribs,Pork ribs,Brown sugar,Vegetable oil,BBQ sauce,None,Contains
Gulab Jamun,Milk solids,Sugar,Ghee,Cardamom syrup,Dairy,Contains
Vegetable Stir-Fry,Mixed vegetables,None,Vegetable oil,Soy sauce,None,Does not contain
Berry Cobbler,Mixed berries,Sugar,Butter,Flour,"Wheat, Dairy",Contains
Egg Salad Sandwich,Eggs,Mayonnaise,None,"Celery, mustard","Eggs, Mustard",Contains
Chocolate Mousse,Chocolate,Sugar,Heavy cream,Vanilla extract,Dairy,Contains
Chocolate Cake,Flour,Sugar,Butter,Cocoa powder,"Wheat, Dairy, Cocoa",Contains
Chicken Caesar Salad,Chicken breast,None,Olive oil,Parmesan cheese,"Dairy, Anchovies",Contains
Veggie Omelette,Mixed vegetables,None,Olive oil,"Salt, pepper",None,Does not contain
Soy Milk,Soybeans,Sugar,None,Emulsifiers,Soybeans,Contains
Samosa,Potatoes,None,Ghee,Spices,None,Contains
Blueberry Muffins,Blueberries,Sugar,Butter,Flour,"Wheat, Dairy",Contains
Mango Salsa,Mango,None,None,"Lime juice, cilantro",None,Does not contain
Berry Parfait,Berries,Honey,Yogurt,Granola,Dairy,Contains
Apple,Apples,None,None,None,None,Does not contain
Chicken Teriyaki,Chicken,None,Soy sauce,"Honey, ginger",Soybeans,Contains
Jalebi,Flour,Sugar,Ghee,Saffron syrup,"Wheat, Dairy",Contains
Mutton Biryani,Mutton,None,Ghee,"Basmati rice, spices",None,Does not contain
Stuffed Bell Peppers,Bell peppers,None,Olive oil,"Ground meat, rice",None,Does not contain
Chicken Fajitas,Chicken,None,Vegetable oil,Fajita seasoning,None,Does not contain
Zucchini Bread,Zucchini,Sugar,Butter,"Cinnamon, nuts","Wheat, Dairy, Nuts",Contains
Lemon Poppy Seed Muffins,Flour,Sugar,Butter,"Lemon zest, poppy seeds","Wheat, Dairy",Contains
Stuffed Tomatoes,Tomatoes,None,None,"Herbs, breadcrumbs",None,Does not contain
Rice Pudding,Rice,Sugar,Milk,"Cinnamon, raisins","Rice, Dairy",Contains
Baked Apple,Apples,Sugar,Butter,"Cinnamon, oats","Wheat, Dairy",Contains
Vegetable Lasagna,Vegetables,None,Olive oil,"Tomato sauce, cheese","Wheat, Dairy",Contains
Spaghetti Bolognese,Ground beef,Sugar,Olive oil,Tomato sauce,None,Contains
Chole Bhature,Chickpeas,Sugar,Ghee,"Chole masala, spices",None,Does not contain
Banana Bread,Bananas,Sugar,Butter,Flour,"Wheat, Dairy",Contains
Chicken and Rice Soup,Chicken,None,Vegetable oil,"Rice, vegetables",None,Does not contain
French Onion Soup,Onions,None,Butter,"Beef broth, cheese, bread","Dairy, Wheat",Contains
Beef Tacos,Ground beef,None,Vegetable oil,Taco seasoning,None,Does not contain
Caramel Apple,Apples,Caramel,None,None,None,Does not contain
Caesar Wrap,Grilled chicken,None,Caesar dressing,"Lettuce, Parmesan cheese",Dairy,Contains
Chocolate Mousse,Chocolate,Sugar,Heavy cream,Vanilla extract,Dairy,Contains
Lemon Garlic Shrimp,Shrimp,None,Olive oil,"Lemon juice, garlic",Shellfish,Contains
Mango Salsa,Mango,None,None,"Lime juice, cilantro",None,Does not contain
Wheat Bread,Wheat flour,None,None,Salt,Wheat,Contains
Brussels Sprouts,Brussels sprouts,None,Olive oil,Balsamic glaze,None,Does not contain
Chicken Shawarma,Chicken,None,Olive oil,Shawarma spices,None,Does not contain
Caramel Apple,Apples,Caramel,None,None,None,Does not contain
Rice Pudding,Rice,Sugar,Milk,"Cinnamon, raisins","Rice, Dairy",Contains
Stuffed Bell Peppers,Bell peppers,None,Olive oil,"Ground meat, rice",None,Does not contain
Butter Chicken,Chicken,Sugar,Butter,"Tomato sauce, cream",Dairy,Contains
Beef and Broccoli,Beef,None,Vegetable oil,Soy sauce,None,Does not contain
Greek Lemon Potatoes,Potatoes,None,Olive oil,"Lemon juice, herbs",None,Does not contain
Prawn Biryani,Prawns,None,Ghee,"Basmati rice, spices",Shellfish,Contains
Chicken Noodle Soup,Chicken,None,Vegetable oil,"Noodles, vegetables",None,Does not contain
Fruit Salad,Mixed fruits,Sugar,None,Lemon juice,None,Does not contain
Beef Tacos,Ground beef,None,Vegetable oil,Taco seasoning,None,Does not contain
Pumpkin Pie,Pumpkin,Sugar,Butter,"Pumpkin spice, pastry","Wheat, Dairy",Contains
Chocolate Mousse,Chocolate,Sugar,Heavy cream,Vanilla extract,Dairy,Contains
Quiche Lorraine,Bacon,None,Heavy cream,"Cheese, eggs","Dairy, Eggs",Contains
Baked Garlic Parmesan Chicken,Chicken,None,Butter,"Parmesan cheese, garlic",Dairy,Contains
Honey Soy Glazed Salmon,Salmon,Honey,Soy sauce,"Garlic, ginger","Fish, Soybeans",Contains
Greek Gyro,Lamb/Chicken,None,None,"Tzatziki sauce, vegetables","Dairy, Wheat",Contains
Chocolate Chip Cookies,Flour,Sugar,Butter,Chocolate chips,"Wheat, Dairy",Contains
Bacon-Wrapped Shrimp,Shrimp,None,Bacon,Seasonings,"Shellfish, Pork",Contains
Caramelized Onions,Onions,Sugar,Butter,None,None,Does not contain
Berry Cobbler,Mixed berries,Sugar,Butter,Flour,"Wheat, Dairy",Contains
Chicken Korma,Chicken,None,Ghee,"Creamy sauce, spices",Dairy,Contains
Caramelized Onions,Onions,Sugar,Butter,None,None,Does not contain
Apple Crisp,Apples,Sugar,Butter,Cinnamon,"Wheat, Dairy",Contains
Blueberry Muffins,Flour,Sugar,Butter,Blueberries,"Wheat, Dairy",Contains
Caesar Pasta Salad,Pasta,None,Caesar dressing,"Romaine lettuce, Parmesan cheese","Wheat, Dairy",Contains
Tandoori Chicken,Chicken,None,Yogurt,Tandoori spices,Dairy,Contains
Pesto Chicken,Chicken,None,Olive oil,Pesto sauce,"Pine nuts, Dairy",Contains
Rasgulla,Paneer,Sugar,None,"Rose water, syrup",Dairy,Contains
Aloo Paratha,Potatoes,None,Ghee,"Wheat flour, spices",Wheat,Contains
Garlic Shrimp,Shrimp,None,Olive oil,Garlic,Shellfish,Contains
Baked Chicken Wings,Chicken wings,None,Olive oil,Seasonings,None,Does not contain
Lentil Soup,Lentils,None,Olive oil,Vegetables,None,Does not contain
Teriyaki Salmon,Salmon fillet,Sugar,Soy sauce,"Ginger, garlic","Fish, Soybeans",Contains
Margherita Pizza,Cheese,None,None,"Tomato sauce, basil",Dairy,Contains
Rajma Chawal,Kidney beans,None,Ghee,Spices,None,Contains
Apple Cider,Apples,Sugar,None,Cinnamon,None,Does not contain
Stuffed Bell Peppers,Bell peppers,None,Olive oil,"Ground meat, rice",None,Does not contain
Sausage and Pepper Pizza,Pizza dough,None,None,"Sausage, bell peppers","Wheat, Dairy",Contains
Tofu Stir-Fry,Tofu,None,Vegetable oil,Soy sauce,Soybeans,Contains
Peanut Butter,Peanuts,Sugar,Vegetable oil,Salt,Peanuts,Contains
Stuffed Bell Peppers,Bell peppers,None,Olive oil,"Ground meat, rice",None,Does not contain
Baked Garlic Parmesan Chicken,Chicken,None,Butter,"Parmesan cheese, garlic",Dairy,Contains
Dosa,Rice,None,Oil,"Potato masala, chutney",None,Does not contain
Oatmeal Raisin Cookies,Oats,Brown sugar,Butter,"Raisins, cinnamon","Wheat, Dairy",Contains
Ratatouille,Vegetables,None,Olive oil,Herbs,None,Does not contain
Banana Pudding,Bananas,Sugar,Milk,"Vanilla pudding mix, cookies",Dairy,Contains
Lobster Roll,Lobster,None,Mayonnaise,"Celery, lemon juice","Shellfish, Eggs",Contains
Chicken Noodle Soup,Chicken broth,None,None,Salt,"Chicken, Wheat, Celery",Contains
Beef and Broccoli,Beef,None,Vegetable oil,Soy sauce,None,Does not contain
Onion Rings,Onions,None,Vegetable oil,Flour,Wheat,Contains
Cucumber Salad,Cucumber,None,Olive oil,"Lemon juice, dill",None,Does not contain
Spaghetti Bolognese,Ground beef,Sugar,Olive oil,Tomato sauce,None,Contains
Vegetable Biryani,Mixed vegetables,None,Ghee,"Basmati rice, spices",None,Does not contain
Mushroom and Goat Cheese Flatbread,Mushrooms,None,Olive oil,"Goat cheese, herbs",Dairy,Contains
Cucumber Salad,Cucumbers,None,Olive oil,"Vinegar, herbs",None,Does not contain
Egg Salad,Eggs,Mayonnaise,None,"Celery, onion",Eggs,Contains
Blueberry Muffins,Flour,Sugar,Butter,Blueberries,"Wheat, Dairy",Contains
Honey Glazed Carrots,Carrots,Honey,Butter,None,None,Does not contain
Lemon Garlic Shrimp,Shrimp,None,Olive oil,"Lemon juice, garlic",Shellfish,Contains
Caprese Salad,Tomatoes,None,Olive oil,"Mozzarella cheese, basil",Dairy,Contains
Prawn Biryani,Prawns,None,Ghee,"Basmati rice, spices",Shellfish,Contains
Chicken Curry,Chicken,None,Vegetable oil,Curry powder,None,Does not contain
Pav Bhaji,Mixed vegetables,None,Butter,"Pav bread, spices",None,Does not contain
Chicken Noodle Soup,Chicken broth,None,None,Salt,"Chicken, Wheat, Celery",Contains
Beef Burritos,Beef,None,Vegetable oil,Burrito seasoning,None,Does not contain
Beef and Mushroom Stir-Fry,Beef,None,Vegetable oil,Soy sauce,None,Does not contain
Malai Chicken Tikka,Chicken,None,Cream,Spices,Dairy,Contains
Tofu Curry,Tofu,None,Coconut milk,Curry paste,None,Does not contain
Vada Pav,Potato,None,Oil,"Pav bun, chutney",None,Does not contain
Hawaiian Pizza,Pizza dough,None,None,"Pineapple, ham","Wheat, Pork, Dairy",Contains
Honey Soy Glazed Salmon,Salmon,Honey,Soy sauce,"Garlic, ginger","Fish, Soybeans",Contains
Vegetable Soup,Mixed vegetables,None,Olive oil,Seasonings,None,Does not contain
Watermelon Salad,Watermelon,None,None,"Feta cheese, mint",Dairy,Contains
Beef Tacos,Beef,None,Vegetable oil,Taco seasoning,None,Does not contain
Chicken Alfredo Pizza,Pizza dough,None,None,"Chicken, Alfredo sauce","Wheat, Dairy",Contains
Quinoa Salad,Quinoa,None,Olive oil,"Lemon juice, herbs",None,Does not contain
Prawn Curry,Prawns,None,Coconut milk,Curry spices,"Shellfish, Dairy",Contains
Strawberry Smoothie,Strawberries,Honey,"Yogurt (milk, cultures)",None,Dairy,Contains
Baked Ziti,Pasta,None,None,"Tomato sauce, cheese","Wheat, Dairy",Contains
Mashed Potatoes,Potatoes,None,Butter,"Salt, Pepper",Dairy,Contains
Quinoa Salad,Quinoa,None,Olive oil,"Lemon juice, herbs",None,Does not contain
Strawberry Shortcake,Strawberries,Sugar,Whipped cream,Shortcake,"Wheat, Dairy",Contains
Salsa,Tomatoes,None,None,"Onion, cilantro",None,Does not contain
Ratatouille,Eggplant,None,Olive oil,"Tomatoes, zucchini",None,Does not contain
Beef Wellington,Beef,None,Butter,"Mushrooms, puff pastry","Wheat, Dairy",Contains
Shrimp Fried Rice,Shrimp,None,Vegetable oil,Soy sauce,"Shellfish, Soybeans",Contains
Apple Pie,Apples,Sugar,Butter,"Cinnamon, pastry","Wheat, Dairy",Contains
Cilantro Lime Chicken,Chicken,None,Olive oil,"Cilantro, lime",None,Does not contain
Avocado Toast,Avocado,None,Olive oil,"Salt, pepper",None,Does not contain
Chocolate Mousse,Chocolate,Sugar,Heavy cream,Vanilla extract,"Dairy, Cocoa",Contains
Stuffed Bell Peppers,Bell peppers,None,Olive oil,"Ground meat, rice",None,Does not contain
Banana Smoothie,Bananas,Honey,"Yogurt (milk, cultures)",None,Dairy,Contains
Banana Smoothie,Bananas,Honey,"Yogurt (milk, cultures)",None,Dairy,Contains
Greek Salad,Cucumbers,None,Olive oil,"Feta cheese, olives",Dairy,Contains
Lentil Soup,Lentils,None,Olive oil,Vegetables,None,Does not contain
Banana Pudding,Bananas,Sugar,Milk,"Vanilla pudding mix, cookies",Dairy,Contains
Stuffed Mushrooms,Mushrooms,None,None,"Garlic, herbs",None,Does not contain
Baked Apple,Apples,Sugar,Butter,"Cinnamon, oats","Wheat, Dairy",Contains
Caramel Apple,Apples,Caramel,None,None,None,Does not contain
Pecan Pie,Pecans,Sugar,Butter,Corn syrup,"Wheat, Dairy, Nuts",Contains
Lemon Herb Roasted Chicken,Chicken,None,Olive oil,"Lemon, herbs",None,Does not contain
Chicken Teriyaki,Chicken,None,Soy sauce,"Honey, ginger",Soybeans,Contains
Quinoa Stuffed Peppers,Quinoa,None,Olive oil,"Vegetables, spices",None,Does not contain
Mango Lassi,Mango,Sugar,"Yogurt (milk, cultures)",Cardamom,Dairy,Contains
Oatmeal Raisin Cookies,Oats,Sugar,Butter,Flour,"Wheat, Dairy",Contains
Baked Ziti,Pasta,None,Cheese,Tomato sauce,"Wheat, Dairy",Contains
Mutton Biryani,Mutton,None,Ghee,"Basmati rice, spices",None,Does not contain
Gazpacho,Tomatoes,None,Olive oil,"Garlic, herbs",None,Does not contain
Mushroom Risotto,Mushrooms,None,Butter,"Arborio rice, Parmesan cheese",Dairy,Contains
Chicken Biryani,Chicken,None,Ghee,"Basmati rice, spices",None,Does not contain
Banana Pudding,Bananas,Sugar,Milk,"Vanilla pudding mix, cookies",Dairy,Contains
Pesto Chicken,Chicken,None,Pesto sauce,None,None,Does not contain
Baked Apple,Apples,Sugar,Butter,"Cinnamon, oats","Wheat, Dairy",Contains
Fish Sticks,Fish fillets,None,Vegetable oil,Salt,Fish,Contains
Stuffed Mushrooms,Mushrooms,None,None,"Garlic, herbs",None,Does not contain
Stuffed Bell Peppers,Bell peppers,None,Olive oil,"Ground meat, rice",None,Does not contain
Berry Cobbler,Mixed berries,Sugar,Butter,Flour,"Wheat, Dairy",Contains
Beef and Mushroom Stir-Fry,Beef,None,Vegetable oil,Soy sauce,None,Does not contain
Egg Salad,Eggs,Mayonnaise,None,"Celery, onion",Eggs,Contains
Caesar Salad Wrap,Romaine lettuce,None,Caesar dressing,"Parmesan cheese, croutons","Wheat, Dairy",Contains
Ratatouille Pasta,Pasta,None,Olive oil,Ratatouille vegetables,None,Does not contain
Dal Makhani,Lentils,None,Ghee,"Cream, spices",Dairy,Contains
Beef Burritos,Ground beef,None,Vegetable oil,Taco seasoning,None,Does not contain
Stuffed Bell Peppers,Bell peppers,None,Olive oil,"Ground meat, rice",None,Does not contain
Honey Soy Glazed Salmon,Salmon,Honey,Soy sauce,"Garlic, ginger","Fish, Soybeans",Contains
Chana Masala,Chickpeas,None,Oil,Masala spices,None,Does not contain
Apple Crisp,Apples,Sugar,Butter,"Cinnamon, oats","Wheat, Dairy",Contains
Prawn Curry,Prawns,None,Coconut milk,Curry spices,"Shellfish, Dairy",Contains
Chicken Piccata,Chicken,None,Butter,"Lemon, capers","Dairy, Fish",Contains
Brussels Sprouts,Brussels sprouts,None,Olive oil,Balsamic glaze,None,Does not contain
Blueberry Muffins,Flour,Sugar,Butter,Blueberries,"Wheat, Dairy",Contains
Blueberry Pancakes,Flour,Sugar,Butter,Blueberries,"Wheat, Dairy",Contains
Greek Yogurt,"Yogurt (milk, cultures)",Honey,None,None,Dairy,Contains
Lentil Curry,Lentils,None,Coconut milk,Curry powder,None,Does not contain
Chicken Parmesan,Chicken,None,"Bread crumbs, Parmesan cheese",Marinara sauce,Dairy,Contains
Chicken Caesar Salad,Chicken,None,Caesar dressing,"Romaine lettuce, croutons","Wheat, Dairy",Contains
Egg Salad,Eggs,Mayonnaise,None,"Celery, onion",Eggs,Contains
Rabri,Milk,Sugar,Ghee,"Cardamom, nuts",Dairy,Contains
Mango Salsa,Mango,None,None,"Lime juice, cilantro",None,Does not contain
Chicken Shawarma,Chicken,None,Olive oil,Shawarma seasoning,None,Does not contain
Chicken Teriyaki,Chicken,None,Soy sauce,"Honey, ginger",Soybeans,Contains
Chicken Caesar Wrap,Chicken,None,Caesar dressing,"Romaine lettuce, Parmesan cheese",Dairy,Contains
Baked Apple,Apples,Sugar,Butter,"Cinnamon, oats","Wheat, Dairy",Contains
Garlic Shrimp,Shrimp,None,Olive oil,Garlic,Shellfish,Contains
Caesar Shrimp Skewers,Shrimp,None,Olive oil,Caesar dressing,"Shellfish, Dairy",Contains
Baked Apple,Apples,Sugar,Butter,"Cinnamon, oats","Wheat, Dairy",Contains
Mutton Biryani,Mutton,None,Ghee,"Basmati rice, spices",None,Does not contain
French Fries,Potatoes,None,Vegetable oil,Salt,None,Does not contain
Fish Sticks,Fish fillets,None,Vegetable oil,Salt,Fish,Contains
Caesar Salad,Romaine lettuce,None,Olive oil,Caesar dressing,Dairy,Contains
Matar Paneer,Paneer,None,Ghee,"Peas, spices",Dairy,Contains
Chicken Fajitas,Chicken,None,Vegetable oil,Fajita seasoning,None,Does not contain
Strawberry Smoothie,Strawberries,Honey,"Yogurt (milk, cultures)",None,Dairy,Contains
Cinnamon Rolls,Dough,Sugar,Butter,"Cinnamon, icing","Wheat, Dairy",Contains
Baked Ziti,Pasta,None,Cheese,Tomato sauce,"Wheat, Dairy",Contains
Stuffed Tomatoes,Tomatoes,None,None,"Herbs, breadcrumbs",None,Does not contain
Chicken Alfredo Pizza,Pizza dough,None,None,"Chicken, Alfredo sauce","Wheat, Dairy",Contains
Baked Chicken Wings,Chicken wings,None,Olive oil,Seasonings,None,Does not contain
Beef Stroganoff,Beef,None,Sour cream,"Mushrooms, onions",Dairy,Contains
Gobi Manchurian,Cauliflower,None,Oil,Manchurian sauce,None,Does not contain
Chicken Noodle Soup,Chicken broth,None,None,Salt,"Chicken, Wheat, Celery",Contains
Lobster Roll,Lobster,None,Mayonnaise,"Celery, lemon juice","Shellfish, Eggs",Contains
Vegetable Curry,Mixed vegetables,None,Coconut milk,Curry paste,None,Does not contain
Chicken Alfredo Pizza,Pizza dough,None,None,"Chicken, Alfredo sauce","Wheat, Dairy",Contains
Honey Glazed Carrots,Carrots,Honey,Butter,None,None,Does not contain
Vada Pav,Potato,None,Oil,"Pav bun, chutney",None,Does not contain
Sushi Bowl,Sushi rice,None,Soy sauce,"Raw fish, vegetables","Fish, Soybeans",Contains
Garlic Bread,Bread,None,Butter,Garlic,"Wheat, Dairy",Contains
Caprese Skewers,Tomatoes,None,Olive oil,"Mozzarella cheese, basil",Dairy,Contains
Beef Tacos,Beef,None,Vegetable oil,Taco seasoning,None,Does not contain
Butter Naan,Flour,None,Butter,None,"Wheat, Dairy",Contains
Margherita Pasta,Pasta,None,Olive oil,"Fresh tomatoes, mozzarella",Dairy,Contains
Chicken Enchiladas,Chicken,None,Vegetable oil,Enchilada sauce,None,Does not contain
Lemon Herb Roasted Chicken,Chicken,None,Olive oil,"Lemon, herbs",None,Does not contain
Chana Masala,Chickpeas,None,Oil,Masala spices,None,Does not contain
Oatmeal Raisin Cookies,Oats,Brown sugar,Butter,"Raisins, cinnamon","Wheat, Dairy",Contains
Spinach Artichoke Dip,Spinach,None,"Cream cheese, sour cream","Parmesan cheese, garlic",Dairy,Contains
Garlic Shrimp,Shrimp,None,Olive oil,Garlic,Shellfish,Contains
Chicken Tikka Masala,Chicken,Sugar,Ghee,"Tomato sauce, cream",Dairy,Contains
Beef Stir-Fry,Beef,None,Vegetable oil,Soy sauce,None,Does not contain
Sausage and Pepper Pizza,Pizza dough,None,None,"Sausage, bell peppers","Wheat, Dairy",Contains
Butter Chicken,Chicken,Sugar,Butter,"Tomato sauce, cream",Dairy,Contains
Dosa,Rice,None,Oil,"Potato masala, chutney",None,Does not contain
Banana Smoothie,Bananas,Honey,"Yogurt (milk, cultures)",None,Dairy,Contains
Chocolate Mousse,Chocolate,Sugar,Heavy cream,Vanilla extract,Dairy,Contains
Lemon Garlic Chicken,Chicken,None,Olive oil,"Lemon juice, garlic",None,Does not contain
Spinach Salad,Spinach,None,Olive oil,Balsamic vinaigrette,None,Does not contain
Orange Juice,Oranges,Sugar,None,None,None,Does not contain
Stuffed Bell Peppers,Bell peppers,None,Olive oil,"Ground meat, rice",None,Does not contain
Chicken Alfredo,Chicken,None,Butter,"Cream, Parmesan cheese",Dairy,Contains
Ratatouille Tart,Vegetables,None,Olive oil,"Puff pastry, herbs",None,Does not contain
Bacon-Wrapped Shrimp,Shrimp,None,Bacon,Seasonings,"Shellfish, Pork",Contains
Strawberry Smoothie,Strawberries,Honey,"Yogurt (milk, cultures)",None,Dairy,Contains
Lobster Bisque,Lobster,None,Butter,"Cream, brandy","Shellfish, Dairy",Contains
Honey Soy Glazed Salmon,Salmon,Honey,Soy sauce,"Garlic, ginger","Fish, Soybeans",Contains
Carrot Cake,Carrots,Sugar,Vegetable oil,Cinnamon,"Wheat, Dairy",Contains
Lemon Poppy Seed Muffins,Flour,Sugar,Butter,"Lemon zest, poppy seeds","Wheat, Dairy",Contains
Banana Bread,Bananas,Sugar,Butter,"Cinnamon, nuts","Wheat, Dairy, Nuts",Contains
Chicken Piccata,Chicken,None,Butter,"Lemon, capers","Dairy, Fish",Contains
Wheat Bread,Wheat flour,None,None,Salt,Wheat,Contains
Greek Salad,Cucumbers,None,Olive oil,"Feta cheese, olives",Dairy,Contains
Banana Pudding,Bananas,Sugar,Milk,"Vanilla pudding mix, cookies",Dairy,Contains
Stuffed Mushrooms,Mushrooms,None,None,"Garlic, herbs",None,Does not contain
Pav Bhaji,Mixed vegetables,None,Butter,"Pav bread, spices",None,Does not contain
Beef and Mushroom Stir-Fry,Beef,None,Vegetable oil,Soy sauce,None,Does not contain
Caprese Skewers,Tomatoes,None,Olive oil,"Mozzarella cheese, basil",Dairy,Contains
Mushroom and Goat Cheese Flatbread,Mushrooms,None,Olive oil,"Goat cheese, herbs",Dairy,Contains
Chocolate Mousse,Chocolate,Sugar,Heavy cream,Vanilla extract,Dairy,Contains
Stuffed Portobello Mushrooms,Portobello mushrooms,None,None,"Cheese, breadcrumbs",Dairy,Contains
Oatmeal Raisin Cookies,Oats,Sugar,Butter,Flour,"Wheat, Dairy",Contains
Baked Ziti,Pasta,None,None,"Tomato sauce, cheese","Wheat, Dairy",Contains
Brussels Sprouts,Brussels sprouts,None,Olive oil,Balsamic glaze,None,Does not contain
Beef Stroganoff,Beef,None,Sour cream,"Mushroom, onion",Dairy,Contains
Oatmeal,Oats,Sugar,Milk,Cinnamon,"Oats, Dairy",Contains
Chicken Shawarma,Chicken,None,Olive oil,Shawarma seasoning,None,Does not contain
Baked Brie,Brie cheese,None,None,"Herbs, nuts","Dairy, Nuts",Contains
Fish Sticks,Fish fillets,None,Vegetable oil,Salt,Fish,Contains
Raspberry Spinach Salad,Spinach,None,None,"Raspberries, vinaigrette",None,Does not contain
Pesto Chicken,Chicken,None,Pesto sauce,None,None,Does not contain
Coconut Curry,Chicken,None,Coconut milk,Curry paste,None,Does not contain
Mango Lassi,Mango,Sugar,"Yogurt (milk, cultures)",Cardamom,Dairy,Contains
Onion Rings,Onions,None,Vegetable oil,Flour,Wheat,Contains
Apple,Apples,None,None,None,None,Does not contain
Tandoori Chicken,Chicken,None,Yogurt,Tandoori spices,Dairy,Contains
Baked Salmon,Salmon,None,Olive oil,"Lemon, herbs",Fish,Contains
Cucumber Salad,Cucumber,None,Olive oil,"Lemon juice, dill",None,Does not contain
Chocolate Mousse,Chocolate,Sugar,Heavy cream,Vanilla extract,Dairy,Contains
Beef Tacos,Beef,None,Vegetable oil,Taco seasoning,None,Does not contain
Lemon Dill Salmon,Salmon,None,Olive oil,"Lemon, dill",Fish,Contains
French Onion Soup,Onions,None,Butter,"Beef broth, cheese, bread","Dairy, Wheat",Contains
French Onion Soup,Onions,None,Butter,"Beef broth, cheese, bread","Dairy, Wheat",Contains
Mango Salsa,Mango,None,None,"Red onion, lime",None,Does not contain
Tomato Soup,Tomatoes,None,None,"Salt, Sugar",None,Does not contain
Caramelized Onions,Onions,Sugar,Butter,None,None,Does not contain
Soy Milk,Soybeans,Sugar,None,Emulsifiers,Soybeans,Contains
Garlic Bread,Bread,None,Butter,Garlic,"Wheat, Dairy",Contains
Chocolate Chip Pancakes,Flour,Sugar,Butter,Chocolate chips,"Wheat, Dairy, Cocoa",Contains
Vegetable Soup,Mixed vegetables,None,Olive oil,Seasonings,None,Does not contain
Greek Gyro Wrap,Lamb,None,None,"Tzatziki sauce, tomatoes, onions",Dairy,Contains
Pesto Pasta Salad,Pasta,None,Pesto sauce,"Tomatoes, vegetables",None,Does not contain
Chicken Alfredo Pizza,Pizza dough,None,None,"Chicken, Alfredo sauce","Wheat, Dairy",Contains
Tomato Soup,Tomatoes,None,None,"Salt, Sugar",None,Does not contain
Cinnamon Rolls,Dough,Sugar,Butter,"Cinnamon, icing","Wheat, Dairy",Contains
Banana Pudding,Bananas,Sugar,Milk,"Vanilla pudding mix, cookies",Dairy,Contains
Oatmeal Raisin Cookies,Oats,Brown sugar,Butter,"Raisins, cinnamon","Wheat, Dairy",Contains
Tofu Stir-Fry,Tofu,None,Vegetable oil,Soy sauce,Soybeans,Contains
Blueberry Muffins,Flour,Sugar,Butter,Blueberries,"Wheat, Dairy",Contains
Honey Glazed Carrots,Carrots,Honey,Butter,None,None,Does not contain
Chicken Fajitas,Chicken,None,Vegetable oil,Fajita seasoning,None,Does not contain
Matar Paneer,Paneer,None,Ghee,"Peas, spices",Dairy,Contains
Vegetable Biryani,Mixed vegetables,None,Ghee,"Basmati rice, spices",None,Does not contain
Tiramisu,Ladyfingers,Sugar,Mascarpone cheese,"Coffee, cocoa","Wheat, Dairy",Contains
Banana Pudding,Bananas,Sugar,Milk,"Vanilla pudding mix, cookies",Dairy,Contains
Beef and Mushroom Stir-Fry,Beef,None,Vegetable oil,Soy sauce,None,Does not contain
Chicken Malai Tikka,Chicken,None,Cream,Spices,Dairy,Contains
Stuffed Bell Peppers,Bell peppers,None,Olive oil,"Ground meat, rice",None,Does not contain
S'mores,Graham crackers,Marshmallows,Chocolate,None,"Wheat, Dairy",Contains
Chicken Parmesan,Chicken,None,"Bread crumbs, Parmesan cheese",Marinara sauce,Dairy,Contains
Avocado Toast,Avocado,None,Olive oil,"Salt, pepper",None,Does not contain
Chicken Satay,Chicken,None,Peanut butter,Soy sauce,Peanuts,Contains
Jalebi,Flour,Sugar,Ghee,Saffron syrup,"Wheat, Dairy",Contains
Greek Yogurt,"Yogurt (milk, cultures)",Honey,None,None,Dairy,Contains
Vegetable Lasagna,Vegetables,None,Olive oil,"Tomato sauce, cheese","Wheat, Dairy",Contains
Greek Gyro Wrap,Lamb,None,None,"Tzatziki sauce, tomatoes, onions",Dairy,Contains
Brussels Sprouts,Brussels sprouts,None,Olive oil,Balsamic glaze,None,Does not contain
Beef Kabobs,Beef,None,Olive oil,Seasonings,None,Does not contain
Chicken Noodle Soup,Chicken,None,Vegetable oil,"Noodles, vegetables",None,Does not contain
Baked Apple,Apples,Sugar,Butter,"Cinnamon, oats","Wheat, Dairy",Contains
Baked Cod,Cod,None,Butter,"Lemon, herbs","Fish, Dairy",Contains
Cucumber Salad,Cucumbers,None,Olive oil,"Vinegar, herbs",None,Does not contain
Egg Salad,Eggs,Mayonnaise,None,"Celery, onion",Eggs,Contains
Spinach and Feta Stuffed Chicken,Chicken,None,Olive oil,"Spinach, feta cheese",Dairy,Contains
BBQ Ribs,Pork ribs,Brown sugar,Vegetable oil,BBQ sauce,None,Contains
Strawberry Smoothie,Strawberries,Sugar,Yogurt,Milk,Dairy,Contains
Pesto Chicken,Chicken,None,Pesto sauce,None,None,Does not contain
Chocolate Cake,Flour,Sugar,Butter,Cocoa powder,"Wheat, Dairy, Cocoa",Contains
Baked Chicken Wings,Chicken wings,None,Olive oil,Seasonings,None,Does not contain
Orange Juice,Oranges,Sugar,None,None,None,Does not contain
Strawberry Spinach Salad,Spinach,None,None,"Strawberries, vinaigrette",None,Does not contain
Vegetable Stir-Fry,Mixed vegetables,None,Vegetable oil,Soy sauce,None,Does not contain
French Onion Soup,Onions,None,Butter,"Beef broth, cheese, bread","Dairy, Wheat",Contains
Blueberry Muffins,Flour,Sugar,Butter,Blueberries,"Wheat, Dairy",Contains
Rajma Chawal,Kidney beans,None,Ghee,Spices,None,Contains
Sweet Potato Casserole,Sweet potatoes,Brown sugar,Butter,"Cinnamon, nutmeg","Dairy, Nuts",Contains
Stuffed Cabbage Rolls,Cabbage,None,Olive oil,"Ground meat, rice",None,Does not contain
Chicken Satay,Chicken,None,Peanut oil,"Satay sauce, spices",Peanuts,Contains
Mango Salsa,Mango,None,None,"Lime juice, cilantro",None,Does not contain
Sushi Rolls,Sushi rice,None,Soy sauce,"Nori (seaweed), fish","Soybeans, Fish",Contains
Teriyaki Salmon,Salmon,None,Vegetable oil,Teriyaki sauce,Fish,Contains
Chicken Parmesan,Chicken,None,Olive oil,"Tomato sauce, cheese","Wheat, Dairy",Contains
Apple,Apples,None,None,None,None,Does not contain
Peanut Butter,Peanuts,Sugar,Vegetable oil,Salt,Peanuts,Contains
Blueberry Pancakes,Flour,Sugar,Butter,Blueberries,"Wheat, Dairy",Contains
Baked Apple,Apples,Sugar,Butter,"Cinnamon, oats","Wheat, Dairy",Contains
Zucchini Noodles with Pesto,Zucchini,None,Olive oil,Pesto sauce,"Pine nuts, Dairy",Contains
Caprese Sandwich,Tomatoes,None,Olive oil,"Mozzarella cheese, basil",Dairy,Contains
Vegetable Lasagna,Vegetables,None,Olive oil,"Tomato sauce, cheese","Wheat, Dairy",Contains
Greek Spanakopita,Spinach,None,Olive oil,"Feta cheese, phyllo dough",Dairy,Contains
Chicken Caesar Wrap,Chicken,None,Caesar dressing,"Romaine lettuce, Parmesan cheese",Dairy,Contains
Baked Chicken Wings,Chicken wings,None,Olive oil,Seasonings,None,Does not contain
Chicken Noodle Soup,Chicken broth,None,None,Salt,"Chicken, Wheat, Celery",Contains
Chole Bhature,Chickpeas,Sugar,Ghee,"Chole masala, spices",None,Does not contain
Avocado Toast,Avocado,None,Olive oil,"Salt, pepper",None,Does not contain
Shrimp Scampi,Shrimp,None,Butter,"Garlic, lemon","Shellfish, Dairy",Contains
Garlic Bread,Bread,None,Butter,Garlic,"Wheat, Dairy",Contains
Baked Garlic Parmesan Chicken,Chicken,None,Butter,"Parmesan cheese, garlic",Dairy,Contains
Samosa,Potatoes,None,Ghee,Spices,None,Contains
Almond Cookies,Almonds,Sugar,Butter,Flour,"Almonds, Wheat, Dairy",Contains
Fish Sticks,Fish fillets,None,Vegetable oil,Salt,Fish,Contains
Chicken Quesadilla,Chicken,None,Butter,Cheese,"Wheat, Dairy",Contains
Baked Chicken Wings,Chicken wings,None,Olive oil,Seasonings,None,Does not contain
Salsa,Tomatoes,None,None,"Onion, cilantro",None,Does not contain
Rasmalai,Paneer,Sugar,"Milk, Ghee","Cardamom, nuts",Dairy,Contains
Mutton Biryani,Mutton,None,Ghee,"Basmati rice, spices",None,Does not contain
Teriyaki Salmon,Salmon,None,Vegetable oil,Teriyaki sauce,Fish,Contains
Green Smoothie,Spinach,Honey,Avocado,Almond milk,None,Does not contain
Lemon Dill Salmon,Salmon,None,Olive oil,"Lemon, dill",Fish,Contains
Butter Naan,Flour,None,Butter,None,"Wheat, Dairy",Contains
Greek Moussaka,Eggplant,None,Olive oil,"Ground meat, potatoes",None,Does not contain
Spinach Stuffed Chicken,Chicken,None,Olive oil,"Spinach, garlic",None,Does not contain
Baked Brie,Brie cheese,None,None,"Herbs, nuts","Dairy, Nuts",Contains
Mutton Biryani,Mutton,None,Ghee,"Basmati rice, spices",None,Does not contain
Lemonade,Lemon juice,Sugar,Water,None,None,Does not contain
Blueberry Pancakes,Flour,Sugar,Butter,Blueberries,"Wheat, Dairy",Contains
Tandoori Chicken,Chicken,None,Yogurt,Tandoori spices,Dairy,Contains
Green Smoothie,Spinach,Honey,Avocado,Almond milk,None,Does not contain
Omelette,Eggs,None,Butter,"Salt, pepper",Eggs,Contains
Stuffed Tomatoes,Tomatoes,None,None,"Herbs, breadcrumbs",None,Does not contain
Honey Glazed Carrots,Carrots,Honey,Butter,None,None,Does not contain
Beef Stroganoff,Beef,None,Sour cream,"Mushrooms, onions",Dairy,Contains
Pesto Pizza,Pesto sauce,None,None,"Mozzarella cheese, basil",Dairy,Contains
Beef Stir-Fry,Beef,None,Vegetable oil,Soy sauce,None,Does not contain
Chicken Korma,Chicken,None,Ghee,"Creamy sauce, spices",Dairy,Contains
Chicken Korma,Chicken,None,Ghee,"Creamy sauce, spices",Dairy,Contains
Zucchini Bread,Zucchini,Sugar,Butter,"Cinnamon, nuts","Wheat, Dairy, Nuts",Contains
Teriyaki Salmon,Salmon,None,Vegetable oil,Teriyaki sauce,Fish,Contains
Vegetable Curry,Mixed vegetables,None,Coconut milk,Curry paste,None,Does not contain
Avocado Toast,Avocado,None,Olive oil,"Salt, pepper",None,Does not contain
Zucchini Noodles,Zucchini,None,Olive oil,"Garlic, herbs",None,Does not contain
Sushi Bowl,Sushi rice,None,Soy sauce,"Raw fish, vegetables","Fish, Soybeans",Contains
Caesar Pasta Salad,Pasta,None,Caesar dressing,"Romaine lettuce, Parmesan cheese","Wheat, Dairy",Contains
Green Smoothie,Spinach,Honey,Avocado,Almond milk,None,Does not contain
Caprese Salad,Tomatoes,None,Olive oil,"Mozzarella cheese, basil",Dairy,Contains
Watermelon Salad,Watermelon,None,None,"Feta cheese, mint",Dairy,Contains
Cucumber Salad,Cucumbers,None,Olive oil,"Vinegar, herbs",None,Does not contain
Sushi,"Fish (salmon, tuna)",Rice vinegar,Sesame oil,Soy sauce,"Fish, Soybeans",Contains
Quiche,Eggs,None,Cheese,Vegetables,"Eggs, Dairy",Contains
Chicken Fettuccine Alfredo,Chicken,None,Butter,"Cream, Parmesan cheese",Dairy,Contains
Beef Kabobs,Beef,None,Olive oil,Seasonings,None,Does not contain
Caesar Salad Wrap,Romaine lettuce,None,Caesar dressing,"Parmesan cheese, croutons","Wheat, Dairy",Contains
Sausage and Pepper Pizza,Pizza dough,None,None,"Sausage, bell peppers","Wheat, Dairy",Contains
Shrimp Scampi,Shrimp,None,Butter,"Garlic, lemon","Shellfish, Dairy",Contains
Greek Yogurt Parfait,Greek yogurt,Honey,None,"Granola, mixed berries",Dairy,Contains
Chicken Teriyaki,Chicken,None,Soy sauce,"Honey, ginger",Soybeans,Contains
Strawberry Smoothie,Strawberries,Honey,"Yogurt (milk, cultures)",None,Dairy,Contains
Chicken Caesar Salad,Chicken breast,None,Olive oil,Parmesan cheese,"Dairy, Anchovies",Contains
Raspberry Cheesecake,Cream cheese,Sugar,Butter,"Graham cracker crust, raspberries","Wheat, Dairy",Contains
Cheese Pizza,Cheese,None,None,Tomato sauce,Dairy,Contains
Tandoori Chicken,Chicken,None,Yogurt,Tandoori spices,Dairy,Contains
Chicken Piccata,Chicken,None,Butter,"Lemon, capers",Dairy,Contains
Pancetta Pasta,Pasta,None,Pancetta,"Garlic, herbs",None,Does not contain
Sushi Bowl,Sushi rice,None,Soy sauce,"Raw fish, vegetables","Fish, Soybeans",Contains
Ratatouille,Vegetables,None,Olive oil,Herbs,None,Does not contain
Chicken Alfredo Pizza,Pizza dough,None,None,"Chicken, Alfredo sauce","Wheat, Dairy",Contains
Ratatouille,Vegetables,None,Olive oil,"Herbs, garlic",None,Does not contain
Strawberry Yogurt,"Yogurt (milk, cultures)",Sugar,None,Pectin,"Milk, Strawberries",Contains
Shrimp Fried Rice,Shrimp,None,Vegetable oil,Soy sauce,"Shellfish, Soybeans",Contains
Baked Apple,Apples,Sugar,Butter,"Cinnamon, oats","Wheat, Dairy",Contains
Pesto Chicken,Chicken,None,Olive oil,Pesto sauce,"Pine nuts, Dairy",Contains
Chicken Quesadilla,Chicken,None,Butter,Cheese,"Wheat, Dairy",Contains
Banana Pudding,Bananas,Sugar,Milk,"Vanilla pudding mix, cookies",Dairy,Contains
Spinach Artichoke Dip,Spinach,None,"Cream cheese, sour cream","Parmesan cheese, garlic",Dairy,Contains
Banana Bread,Bananas,Sugar,Butter,Flour,"Wheat, Dairy",Contains
Fish Sticks,Fish fillets,None,Vegetable oil,Salt,Fish,Contains
Garlic Shrimp,Shrimp,None,Olive oil,Garlic,Shellfish,Contains
Butternut Squash Soup,Butternut squash,None,Butter,"Nutmeg, cream",Dairy,Contains
Mango Coconut Popsicles,Mango,Sugar,Coconut milk,None,None,Does not contain
Pancakes,Flour,Sugar,Butter,Baking powder,"Wheat, Dairy",Contains
Banana Bread,Bananas,Sugar,Butter,Flour,"Wheat, Dairy",Contains
Baked Salmon,Salmon,None,Olive oil,"Lemon, herbs",Fish,Contains
Chocolate Mousse,Chocolate,Sugar,Heavy cream,Vanilla extract,"Dairy, Cocoa",Contains
Onion Rings,Onions,None,Vegetable oil,Flour,Wheat,Contains
Tofu Stir-Fry,Tofu,None,Vegetable oil,Soy sauce,Soybeans,Contains
Black Bean Soup,Black beans,None,Olive oil,Vegetables,None,Does not contain
Peanut Butter,Peanuts,Sugar,Vegetable oil,Salt,Peanuts,Contains
Garlic Bread,Bread,None,Butter,Garlic,"Wheat, Dairy",Contains
Fruit Salad,Mixed fruits,Sugar,None,Lemon juice,None,Does not contain
Teriyaki Salmon,Salmon,None,Vegetable oil,Teriyaki sauce,Fish,Contains
Apple Pie,Apples,Sugar,Butter,Cinnamon,"Wheat, Dairy",Contains
Baked Apple,Apples,Sugar,Butter,"Cinnamon, oats","Wheat, Dairy",Contains
Cinnamon Rolls,Dough,Sugar,Butter,"Cinnamon, icing","Wheat, Dairy",Contains
Wheat Bread,Wheat flour,None,None,Salt,Wheat,Contains
Tofu Stir-Fry,Tofu,None,Vegetable oil,Soy sauce,Soybeans,Contains
Zucchini Noodles with Pesto,Zucchini,None,Olive oil,Pesto sauce,"Pine nuts, Dairy",Contains
Eggplant Parmesan,Eggplant,None,Olive oil,"Marinara sauce, cheese",Dairy,Contains
Mango Salsa,Mango,None,None,"Red onion, lime",None,Does not contain
Zucchini Bread,Zucchini,Sugar,Butter,"Cinnamon, nuts","Wheat, Dairy, Nuts",Contains
Raspberry Cheesecake,Cream cheese,Sugar,Butter,"Graham cracker crust, raspberries","Wheat, Dairy",Contains
Tuna Salad,Tuna,Mayonnaise,None,"Celery, onion","Fish, Eggs",Contains
Lentil Salad,Lentils,None,Olive oil,"Lemon juice, vegetables",None,Does not contain
S'mores,Graham crackers,Marshmallows,Chocolate,None,"Wheat, Dairy",Contains
Chocolate Cake,Flour,Sugar,Butter,Cocoa powder,"Wheat, Dairy, Cocoa",Contains
Beef Stir-Fry,Beef,None,Vegetable oil,Soy sauce,None,Does not contain
Fish Sticks,Fish fillets,None,Vegetable oil,Salt,Fish,Contains
Chicken Noodle Soup,Chicken broth,None,None,Salt,"Chicken, Wheat, Celery",Contains
Baked Chicken Wings,Chicken wings,None,Olive oil,Seasonings,None,Does not contain
Chicken Pot Pie,Chicken,None,Butter,"Vegetables, pastry",Wheat,Contains
Shrimp Scampi Pasta,Shrimp,None,Butter,"Garlic, lemon",Shellfish,Contains
Mushroom Risotto,Mushrooms,None,Butter,"Arborio rice, Parmesan cheese",Dairy,Contains
Chocolate Mousse,Chocolate,Sugar,Heavy cream,Vanilla extract,"Dairy, Cocoa",Contains
Beef Burritos,Ground beef,None,Vegetable oil,Taco seasoning,None,Does not contain
Chicken Curry,Chicken,None,Vegetable oil,Curry powder,None,Does not contain
Blueberry Pancakes,Flour,Sugar,Butter,Blueberries,"Wheat, Dairy",Contains
Caprese Salad,Tomatoes,None,Olive oil,"Mozzarella cheese, basil",Dairy,Contains
Prawn Biryani,Prawns,None,Ghee,"Basmati rice, spices",Shellfish,Contains
Rogan Josh,Lamb,None,Ghee,"Yogurt, Kashmiri red chili",Dairy,Contains
Blueberry Muffins,Blueberries,Sugar,Butter,Flour,"Wheat, Dairy",Contains
Soy Milk,Soybeans,Sugar,None,Emulsifiers,Soybeans,Contains
Caprese Sandwich,Tomatoes,None,Olive oil,"Mozzarella cheese, basil",Dairy,Contains
Brussels Sprouts,Brussels sprouts,None,Olive oil,Balsamic glaze,None,Does not contain
Beef Kabobs,Beef,None,Olive oil,Seasonings,None,Does not contain
Rice Pudding,Rice,Sugar,Milk,"Cinnamon, raisins","Rice, Dairy",Contains
Brussels Sprouts,Brussels sprouts,None,Olive oil,Balsamic glaze,None,Does not contain
Aloo Gobi,Potatoes,None,Oil,"Cauliflower, spices",None,Does not contain
Garlic Bread,Bread,None,Butter,Garlic,"Wheat, Dairy",Contains
Greek Gyro,Lamb/Chicken,None,None,"Tzatziki sauce, vegetables","Dairy, Wheat",Contains
Buffalo Wings,Chicken wings,None,Vegetable oil,Buffalo sauce,None,Does not contain
Honey Mustard Chicken,Chicken,Honey,Olive oil,"Mustard, herbs",None,Does not contain
Baked Salmon,Salmon,None,Olive oil,"Lemon, herbs",Fish,Contains
Chicken Fajitas,Chicken,None,Vegetable oil,Fajita seasoning,None,Does not contain
Egg Salad,Eggs,Mayonnaise,None,"Celery, onion",Eggs,Contains
Baked Brie,Brie cheese,None,None,"Herbs, nuts","Dairy, Nuts",Contains
Roasted Brussels Sprouts,Brussels sprouts,None,Olive oil,Balsamic glaze,None,Does not contain
Chicken Korma,Chicken,None,Ghee,"Creamy sauce, spices",Dairy,Contains
Lemon Pepper Chicken,Chicken,None,Olive oil,Lemon pepper seasoning,None,Does not contain
Apple Crisp,Apples,Sugar,Butter,"Cinnamon, oats","Wheat, Dairy",Contains
Caesar Salad,Romaine lettuce,None,Olive oil,Caesar dressing,Dairy,Contains
Pav Bhaji,Mixed vegetables,None,Butter,"Pav bread, spices",None,Does not contain
Ratatouille,Vegetables,None,Olive oil,Herbs,None,Does not contain
Caesar Pasta Salad,Pasta,None,Caesar dressing,"Romaine lettuce, Parmesan cheese","Wheat, Dairy",Contains
Lobster Roll,Lobster,None,Mayonnaise,"Celery, lemon juice","Shellfish, Eggs",Contains
Beef Burritos,Beef,None,Vegetable oil,Burrito seasoning,None,Does not contain
Chicken Shawarma,Chicken,None,Olive oil,Shawarma seasoning,None,Does not contain
Omelette,Eggs,None,Butter,"Salt, pepper",Eggs,Contains
Almond Cookies,Almonds,Sugar,Butter,Flour,"Almonds, Wheat, Dairy",Contains
Ratatouille,Eggplant,None,Olive oil,"Tomatoes, zucchini",None,Does not contain
Lobster Bisque,Lobster,None,Butter,"Cream, brandy","Shellfish, Dairy",Contains
Greek Salad,Cucumbers,None,Olive oil,"Feta cheese, olives",Dairy,Contains
Baked Ziti,Pasta,None,Cheese,Tomato sauce,"Wheat, Dairy",None
Brussels Sprouts,Brussels sprouts,None,Olive oil,Balsamic glaze,None,Does not contain
Beef Tacos,Ground beef,None,Vegetable oil,Taco seasoning,None,Does not contain
Black Bean Soup,Black beans,None,Olive oil,Vegetables,None,Does not contain
Spinach and Feta Stuffed Chicken,Chicken,None,Olive oil,"Spinach, feta cheese",Dairy,Contains
Tiramisu,Ladyfingers,Sugar,"Mascarpone cheese, coffee liqueur",Cocoa powder,"Wheat, Dairy, Alcohol",Contains
Apple Crisp,Apples,Sugar,Butter,Cinnamon,"Wheat, Dairy",Contains
Sausage Pizza,Sausage,None,None,Mozzarella cheese,None,Does not contain
Greek Moussaka,Eggplant,None,Olive oil,"Ground meat, potatoes",None,Does not contain
Bacon-Wrapped Shrimp,Shrimp,None,Bacon,Seasonings,"Shellfish, Pork",Contains
Pecan Pie,Pecans,Sugar,Butter,Corn syrup,"Wheat, Dairy, Nuts",Contains
Chocolate Mousse,Chocolate,Sugar,Heavy cream,Vanilla extract,Dairy,Contains
Banana Bread,Bananas,Sugar,Butter,"Cinnamon, nuts","Wheat, Dairy, Nuts",Contains
Caramel Apple,Apples,Caramel,None,None,None,Does not contain
Garlic Bread,Bread,None,Butter,Garlic,"Wheat, Dairy",Contains
Spinach Salad,Spinach,None,Olive oil,Balsamic vinaigrette,None,Does not contain
Mushroom Risotto,Mushrooms,None,Butter,"Arborio rice, Parmesan cheese",Dairy,Contains
Chicken Shawarma,Chicken,None,Olive oil,Shawarma spices,None,Does not contain
Stuffed Bell Peppers,Bell peppers,None,Olive oil,"Ground meat, rice",None,Does not contain
Baked Salmon,Salmon,None,Olive oil,"Lemon, herbs",Fish,Contains
Prawn Curry,Prawns,None,Coconut milk,Curry spices,"Shellfish, Dairy",Contains
Ratatouille,Eggplant,None,Olive oil,"Tomatoes, zucchini",None,Does not contain
Mango Coconut Popsicles,Mango,Sugar,Coconut milk,None,None,Does not contain
Lemon Bars,Lemon juice,Sugar,Butter,"Flour, eggs","Wheat, Dairy, Eggs",Contains
Chocolate Mousse,Chocolate,Sugar,Heavy cream,Vanilla extract,Dairy,Contains
Chicken Biryani,Chicken,None,Ghee,"Basmati rice, spices",None,Does not contain
Dal Makhani,Lentils,None,Ghee,"Cream, spices",Dairy,Contains
Lemon Bars,Flour,Sugar,Butter,Lemon juice,"Wheat, Dairy",Contains
Prawn Curry,Prawns,None,Coconut milk,Curry spices,"Shellfish, Dairy",Contains
Margherita Pasta,Pasta,None,Olive oil,"Fresh tomatoes, mozzarella",Dairy,Contains
Almond Cookies,Almonds,Sugar,Butter,Flour,"Almonds, Wheat, Dairy",Contains
Caesar Salad,Romaine lettuce,None,Olive oil,Parmesan cheese,Dairy,Contains
Greek Salad,Cucumber,None,Olive oil,Lemon juice,None,Does not contain
Mango Salsa,Mango,None,None,"Lime juice, cilantro",None,Does not contain
Chicken Curry,Chicken,None,Coconut milk,Curry powder,None,Does not contain
Chicken Enchiladas,Chicken,None,Enchilada sauce,"Cheese, tortillas","Wheat, Dairy",Contains
Sweet and Sour Chicken,Chicken,Sugar,Vegetable oil,"Pineapple, bell peppers",None,Does not contain
Egg Salad,Eggs,Mayonnaise,None,"Celery, onion",Eggs,Contains
Sweet Potato Fries,Sweet potatoes,None,Vegetable oil,"Salt, paprika",None,Does not contain
Honey Soy Glazed Salmon,Salmon,Honey,Soy sauce,"Garlic, ginger","Fish, Soybeans",Contains
Beef Stroganoff,Beef,None,Sour cream,"Mushroom, onion",Dairy,Contains
Greek Lemon Chicken,Chicken,None,Olive oil,"Lemon juice, herbs",None,Does not contain
Tiramisu,Ladyfingers,Sugar,Mascarpone cheese,"Coffee, cocoa","Wheat, Dairy",Contains
Ratatouille,Vegetables,None,Olive oil,"Herbs, garlic",None,Does not contain
Cheddar Cheese,Cheese,None,None,Salt,Dairy,Contains
Chicken Quesadilla,Chicken,None,Butter,Cheese,"Wheat, Dairy",Contains
French Onion Soup,Onions,None,Butter,"Beef broth, cheese, bread","Dairy, Wheat",Contains
Lentil Curry,Lentils,None,Coconut milk,Curry powder,None,Does not contain
Stuffed Tomatoes,Tomatoes,None,None,"Herbs, breadcrumbs",None,Does not contain
Matar Paneer,Paneer,None,Ghee,"Peas, spices",Dairy,Contains
Malabar Fish Curry,Fish,None,Coconut oil,"Tamarind, spices","Fish, Coconut",Contains
Caesar Wrap,Grilled chicken,None,Caesar dressing,"Lettuce, Parmesan cheese",Dairy,Contains
Gazpacho,Tomatoes,None,Olive oil,"Garlic, herbs",None,Does not contain
Chocolate Chip Pancakes,Flour,Sugar,Butter,Chocolate chips,"Wheat, Dairy, Cocoa",Contains
Greek Yogurt,"Yogurt (milk, cultures)",None,None,None,Dairy,Contains
Fish Sticks,Fish fillets,None,Vegetable oil,Salt,Fish,Contains
Chicken Alfredo Pizza,Pizza dough,None,None,"Chicken, Alfredo sauce","Wheat, Dairy",Contains
Margherita Pasta,Pasta,None,Olive oil,"Mozzarella cheese, tomatoes, basil",Dairy,Contains
Chicken Parmesan,Chicken,None,"Bread crumbs, Parmesan cheese",Marinara sauce,Dairy,Contains
Chicken Curry,Chicken,None,Coconut milk,Curry powder,None,Does not contain
Spinach Artichoke Dip,Spinach,None,"Cream cheese, sour cream","Parmesan cheese, garlic",Dairy,Contains
Caramelized Onions,Onions,Sugar,Butter,None,None,Does not contain
Blueberry Muffins,Blueberries,Sugar,Butter,Flour,"Wheat, Dairy",Contains
Chicken Parmesan,Chicken,None,Olive oil,"Tomato sauce, cheese","Wheat, Dairy",Contains
Mushroom Soup,Mushrooms,None,Butter,Vegetable broth,Dairy,Contains
Banana Smoothie,Bananas,Honey,"Yogurt (milk, cultures)",None,Dairy,Contains
Beef and Mushroom Stir-Fry,Beef,None,Vegetable oil,Soy sauce,None,Does not contain
Mango Coconut Popsicles,Mango,Sugar,Coconut milk,None,None,Does not contain
Egg Salad,Eggs,Mayonnaise,None,"Celery, onion",Eggs,Contains
Lemon Bars,Lemon juice,Sugar,Butter,"Flour, eggs","Wheat, Dairy, Eggs",Contains
Chicken Teriyaki,Chicken,None,Soy sauce,"Honey, ginger",Soybeans,Contains
Cinnamon Rolls,Dough,Sugar,Butter,"Cinnamon, icing","Wheat, Dairy",Contains
Eggplant Parmesan,Eggplant,None,Olive oil,"Marinara sauce, cheese",Dairy,Contains
Chicken Fajitas,Chicken,None,Vegetable oil,Fajita seasoning,None,Does not contain
Margherita Pizza,Cheese,None,None,"Tomato sauce, basil",Dairy,Contains
Lemon Poppy Seed Muffins,Flour,Sugar,Butter,"Lemon zest, poppy seeds","Wheat, Dairy",Contains
Raspberry Spinach Salad,Spinach,None,None,"Raspberries, vinaigrette",None,Does not contain
Baked Garlic Parmesan Chicken,Chicken,None,Butter,"Parmesan cheese, garlic",Dairy,Contains
Ratatouille Tart,Vegetables,None,Olive oil,"Puff pastry, herbs",None,Does not contain
Chicken Parmesan,Chicken,None,Olive oil,"Tomato sauce, cheese","Wheat, Dairy",Contains
Cheese Pizza,Cheese,None,None,Tomato sauce,Dairy,Contains
Chicken Curry,Chicken,None,Oil,Curry spices,None,Does not contain
Chicken Biryani,Chicken,None,Ghee,"Basmati rice, spices",None,Does not contain
Baked Ziti,Pasta,None,Cheese,Tomato sauce,"Wheat, Dairy",None
Beef Stir-Fry,Beef,None,Vegetable oil,Soy sauce,None,Does not contain
Rasmalai,Paneer,Sugar,"Milk, Ghee","Cardamom, nuts",Dairy,Contains
Apple,Apples,None,None,None,None,Does not contain
Stuffed Mushrooms,Mushrooms,None,None,"Garlic, herbs",None,Does not contain
Soy Milk,Soybeans,Sugar,None,Emulsifiers,Soybeans,Contains
Lemon Garlic Shrimp,Shrimp,None,Olive oil,"Lemon juice, garlic",Shellfish,Contains
Ranch Dressing,Buttermilk,Sugar,Vegetable oil,"Garlic, herbs",Dairy,Contains
Caramelized Onions,Onions,Sugar,Butter,None,None,Does not contain
Beef and Mushroom Stir-Fry,Beef,None,Vegetable oil,Soy sauce,None,Does not contain
Teriyaki Salmon,Salmon,None,Vegetable oil,Teriyaki sauce,Fish,Contains
Wheat Bread,Wheat flour,None,None,Salt,Wheat,Contains
Greek Salad,Cucumber,None,Olive oil,Lemon juice,None,Does not contain
Rasgulla,Paneer,Sugar,None,"Rose water, syrup",Dairy,Contains
Chicken Satay,Chicken,None,Peanut oil,"Satay sauce, spices",Peanuts,Contains
French Onion Soup,Onions,None,Butter,"Beef broth, cheese, bread","Dairy, Wheat",Contains
Vegetable Soup,Mixed vegetables,None,Olive oil,Seasonings,None,Does not contain
Cabbage Rolls,Cabbage,None,Olive oil,"Ground meat, rice",None,Does not contain
Spinach Salad,Spinach,None,Olive oil,Balsamic vinaigrette,None,Does not contain
Honey Soy Glazed Salmon,Salmon,Honey,Soy sauce,"Garlic, ginger","Fish, Soybeans",Contains
Stuffed Mushrooms,Mushrooms,None,None,"Garlic, herbs",None,Does not contain
Soy Milk,Soybeans,Sugar,None,Emulsifiers,Soybeans,Contains
French Onion Soup,Onions,None,Butter,"Beef broth, cheese, bread","Dairy, Wheat",Contains
Watermelon Salad,Watermelon,None,None,"Feta cheese, mint",Dairy,Contains
Gulab Jamun,Milk solids,Sugar,Ghee,Cardamom syrup,Dairy,Contains
Chicken Noodle Soup,Chicken broth,None,None,Salt,"Chicken, Wheat, Celery",Contains
Chicken Curry,Chicken,None,Vegetable oil,Curry powder,None,Does not contain
Rajma Chawal,Kidney beans,None,Ghee,Spices,None,Contains
Stuffed Mushrooms,Mushrooms,None,None,"Garlic, herbs",None,Does not contain
Shrimp Scampi,Shrimp,None,Butter,"Garlic, lemon","Shellfish, Dairy",Contains
Ratatouille Pasta,Pasta,None,Olive oil,Ratatouille vegetables,None,Does not contain
Chicken Caesar Salad,Chicken,None,Caesar dressing,"Romaine lettuce, croutons","Wheat, Dairy",Contains
Chicken Alfredo Pizza,Pizza dough,None,None,"Chicken, Alfredo sauce","Wheat, Dairy",Contains
S'mores,Graham crackers,Marshmallows,Chocolate,None,"Wheat, Dairy",Contains
Gulab Jamun,Milk solids,Sugar,Ghee,Cardamom syrup,Dairy,Contains
Stuffed Tomatoes,Tomatoes,None,None,"Herbs, breadcrumbs",None,Does not contain
Sweet Potato Fries,Sweet potatoes,None,Vegetable oil,"Salt, paprika",None,Does not contain
Stuffed Tomatoes,Tomatoes,None,None,"Herbs, breadcrumbs",None,Does not contain
Baked Ziti,Pasta,None,Cheese,Tomato sauce,"Wheat, Dairy",None
Hyderabadi Biryani,Basmati rice,None,Ghee,"Meat/vegetables, spices",None,Does not contain
Tandoori Chicken,Chicken,None,Yogurt,Tandoori spices,Dairy,Contains
Baked Garlic Parmesan Chicken,Chicken,None,Butter,"Parmesan cheese, garlic",Dairy,Contains
Baked Apple,Apples,Sugar,Butter,"Cinnamon, oats","Wheat, Dairy",Contains
BBQ Ribs,Pork ribs,Brown sugar,Vegetable oil,BBQ sauce,None,Contains
Zucchini Bread,Zucchini,Sugar,Vegetable oil,Flour,Wheat,Contains
Garlic Bread,Bread,None,Butter,Garlic,"Wheat, Dairy",Contains
Pesto Chicken,Chicken,None,Olive oil,Pesto sauce,"Pine nuts, Dairy",Contains
Chicken Alfredo Pizza,Pizza dough,None,None,"Chicken, Alfredo sauce","Wheat, Dairy",Contains
Chocolate Cake,Flour,Sugar,Butter,Cocoa powder,"Wheat, Dairy, Cocoa",Contains
Beef Tacos,Ground beef,None,Vegetable oil,Taco seasoning,None,Does not contain
Honey Glazed Carrots,Carrots,Honey,Butter,None,None,Does not contain
Sweet and Sour Chicken,Chicken,Sugar,Vegetable oil,"Pineapple, bell peppers",None,Does not contain
Chicken Alfredo Pizza,Pizza dough,None,None,"Chicken, Alfredo sauce","Wheat, Dairy",Contains
Cinnamon Rolls,Flour,Sugar,Butter,Cinnamon,"Wheat, Dairy",Contains
Beef Burger,Ground beef,None,Vegetable oil,"Salt, Pepper",None,Does not contain
Wheat Bread,Wheat flour,None,None,Salt,Wheat,Contains
Lentil Soup,Lentils,None,Olive oil,Vegetables,None,Does not contain
S'mores,Graham crackers,Marshmallows,Chocolate,None,"Wheat, Dairy",Contains
Egg Salad,Eggs,Mayonnaise,None,"Celery, onion",Eggs,Contains
Blueberry Pancakes,Flour,Sugar,Butter,Blueberries,"Wheat, Dairy",Contains
Sushi Rolls,Sushi rice,None,Soy sauce,"Nori (seaweed), fish","Soybeans, Fish",Contains
Shrimp Scampi,Shrimp,None,Butter,"Garlic, lemon",Shellfish,Contains
Beef Kabobs,Beef,None,Olive oil,Seasonings,None,Does not contain
Apple Cider,Apples,Sugar,None,Cinnamon,None,Does not contain
Matar Paneer,Paneer,None,Ghee,"Peas, spices",Dairy,Contains
Ratatouille Pasta,Pasta,None,Olive oil,Ratatouille vegetables,None,Does not contain
Mango Lassi,Mango,Sugar,"Yogurt (milk, cultures)",Cardamom,Dairy,Contains
Apple Crisp,Apples,Sugar,Butter,"Cinnamon, oats","Wheat, Dairy",Contains
Greek Lemon Chicken,Chicken,None,Olive oil,"Lemon juice, herbs",None,Does not contain
Ratatouille Tart,Vegetables,None,Olive oil,"Puff pastry, herbs",None,Does not contain
Veggie Omelette,Mixed vegetables,None,Olive oil,"Salt, pepper",None,Does not contain
Cheddar Cheese,Cheese,None,None,Salt,Dairy,Contains
Caesar Salad Wrap,Grilled chicken,None,Caesar dressing,"Lettuce, Parmesan cheese",Dairy,Contains
Vanilla Yogurt,"Yogurt (milk, cultures)",Sugar,None,Vanilla extract,Milk,Contains
Sweet Potato Fries,Sweet potatoes,None,Vegetable oil,"Salt, paprika",None,Does not contain
Salsa,Tomatoes,None,None,"Onion, cilantro",None,Does not contain
Omelette,Eggs,None,Butter,"Salt, pepper",Eggs,Contains
Lentil Soup,Lentils,None,Olive oil,Vegetables,None,Does not contain
Baked Brie,Brie cheese,None,None,"Herbs, nuts","Dairy, Nuts",Contains
Blueberry Muffins,Blueberries,Sugar,Butter,Flour,"Wheat, Dairy",Contains
Margherita Pasta,Pasta,None,Olive oil,"Mozzarella cheese, tomatoes, basil",Dairy,Contains
Rogan Josh,Lamb,None,Ghee,"Yogurt, Kashmiri red chili",Dairy,Contains
Tandoori Chicken,Chicken,None,Yogurt,Tandoori spices,Dairy,Contains
Stuffed Bell Peppers,Bell peppers,None,Olive oil,"Ground meat, rice",None,Does not contain
Chicken Curry,Chicken,None,Oil,Curry spices,None,Does not contain
Chicken Fajitas,Chicken,None,Vegetable oil,Fajita seasoning,None,Does not contain
Beef Burritos,Beef,None,Vegetable oil,Burrito seasoning,None,Does not contain
Stuffed Bell Peppers,Bell peppers,None,Olive oil,"Ground meat, rice",None,Does not contain
Tiramisu,Ladyfingers,Sugar,Mascarpone cheese,"Coffee, cocoa","Wheat, Dairy",Contains
Vegetable Stir-Fry,Mixed vegetables,None,Vegetable oil,Soy sauce,None,Does not contain
Cheese Pizza,Cheese,None,None,Tomato sauce,Dairy,Contains
Chicken Alfredo Pizza,Pizza dough,None,None,"Chicken, Alfredo sauce","Wheat, Dairy",Contains
Spinach Salad,Spinach,None,Olive oil,Balsamic vinaigrette,None,Does not contain
Quiche Lorraine,Bacon,None,Heavy cream,"Cheese, eggs","Dairy, Eggs",Contains
Baked Apple,Apples,Sugar,Butter,"Cinnamon, oats","Wheat, Dairy",Contains
Stuffed Bell Peppers,Bell peppers,None,Olive oil,"Ground meat, rice",None,Does not contain
Spinach Stuffed Chicken,Chicken,None,Olive oil,"Spinach, garlic",None,Does not contain
Strawberry Shortcake,Strawberries,Sugar,Whipped cream,Shortcake,"Wheat, Dairy",Contains
Miso Soup,Miso paste,None,None,"Tofu, seaweed",Soybeans,Contains
Blueberry Pancakes,Flour,Sugar,Butter,Blueberries,"Wheat, Dairy",Contains
BBQ Ribs,Pork ribs,Brown sugar,Vegetable oil,BBQ sauce,None,Contains
Baked Ziti,Pasta,None,Cheese,Tomato sauce,"Wheat, Dairy",Contains
Chicken Korma,Chicken,None,Ghee,"Creamy sauce, spices",Dairy,Contains
Chicken Teriyaki,Chicken,None,Vegetable oil,Teriyaki sauce,None,Does not contain
Margherita Pasta,Pasta,None,Olive oil,"Mozzarella cheese, tomatoes, basil",Dairy,Contains
Blueberry Muffins,Flour,Sugar,Butter,Blueberries,"Wheat, Dairy",Contains
Rice Pudding,Rice,Sugar,Milk,"Cinnamon, raisins","Rice, Dairy",Contains
Cabbage Rolls,Cabbage,None,Olive oil,"Ground meat, rice",None,Does not contain
Minestrone Soup,Vegetables,None,Olive oil,Tomato broth,None,Does not contain
Vada Pav,Potato,None,Oil,"Pav bun, chutney",None,Does not contain
Beef Burritos,Ground beef,None,Vegetable oil,Taco seasoning,None,Does not contain
Strawberry Yogurt,"Yogurt (milk, cultures)",Sugar,None,Pectin,"Milk, Strawberries",Contains
Beef Tacos,Ground beef,None,Vegetable oil,Taco seasoning,None,Does not contain
Apple,Apples,None,None,None,None,Does not contain
Beef Stroganoff,Beef,None,Sour cream,"Mushroom, onion",Dairy,Contains
Spinach Salad,Spinach,None,Olive oil,Balsamic vinegar,None,Does not contain
Dosa,Rice,None,Oil,"Potato masala, chutney",None,Does not contain
Mango Lassi,Mango,Sugar,"Yogurt (milk, cultures)",Cardamom,Dairy,Contains
Dosa,Rice,None,Oil,"Potato masala, chutney",None,Does not contain
Beef Chili,Ground beef,None,None,Chili powder,None,Does not contain
Chicken Caesar Salad,Chicken,None,Caesar dressing,"Romaine lettuce, croutons","Wheat, Dairy",Contains
Strawberry Spinach Salad,Spinach,None,None,"Strawberries, vinaigrette",None,Does not contain
Chocolate Cake,Flour,Sugar,Butter,Cocoa powder,"Wheat, Dairy, Cocoa",Contains
Jalebi,Flour,Sugar,Ghee,Saffron syrup,"Wheat, Dairy",Contains
Chocolate Mousse,Chocolate,Sugar,Heavy cream,Vanilla extract,Dairy,Contains
Chana Masala,Chickpeas,None,Oil,Masala spices,None,Does not contain
French Onion Soup,Onions,None,Butter,"Beef broth, cheese, bread","Dairy, Wheat",Contains
Hawaiian Pizza,Pizza dough,None,None,"Pineapple, ham","Wheat, Pork, Dairy",Contains
Chole Kulche,Chickpeas,None,Ghee,"Kulcha bread, spices",None,Does not contain
Hawaiian Pizza,Pizza dough,None,None,"Pineapple, ham","Wheat, Pork, Dairy",Contains
Caesar Pasta Salad,Pasta,None,Caesar dressing,"Romaine lettuce, Parmesan cheese","Wheat, Dairy",Contains
Lemon Garlic Shrimp,Shrimp,None,Olive oil,"Lemon juice, garlic",Shellfish,Contains
Strawberry Smoothie,Strawberries,Sugar,Yogurt,Milk,Dairy,Contains
Beef Stir-Fry,Beef,None,Vegetable oil,Soy sauce,None,Does not contain
Quiche,Eggs,None,Cheese,Vegetables,"Eggs, Dairy",Contains
Fish Sticks,Fish fillets,None,Vegetable oil,Salt,Fish,Contains
Ratatouille,Eggplant,None,Olive oil,"Tomatoes, zucchini",None,Does not contain
Beef Stroganoff,Beef,None,Sour cream,"Mushrooms, onions",Dairy,Contains
Mushroom Risotto,Mushrooms,None,Butter,"Arborio rice, Parmesan cheese",Dairy,Contains
Apple Crisp,Apples,Sugar,Butter,"Cinnamon, oats","Wheat, Dairy",Contains
Beef Stroganoff,Beef,None,Sour cream,"Mushrooms, onions",Dairy,Contains
Margherita Pizza,Pizza dough,None,Olive oil,"Mozzarella cheese, tomatoes, basil",Dairy,Contains
Ratatouille,Eggplant,None,Olive oil,"Tomatoes, zucchini",None,Does not contain
Shrimp Fried Rice,Shrimp,None,Vegetable oil,Soy sauce,"Shellfish, Soybeans",Contains
Avocado Toast,Avocado,None,Olive oil,"Salt, pepper",None,Does not contain
Spinach Salad,Spinach,None,Olive oil,Balsamic vinaigrette,None,Does not contain
Sushi Rolls,Sushi rice,None,Soy sauce,"Nori (seaweed), fish","Soybeans, Fish",Contains
Beef Wellington,Beef,None,Butter,"Mushrooms, puff pastry","Wheat, Dairy",Contains
Beef Burritos,Beef,None,Vegetable oil,Burrito seasoning,None,Does not contain
Pumpkin Pie,Pumpkin,Sugar,Butter,"Cinnamon, nutmeg","Wheat, Dairy",Contains
Veggie Burger,Mixed vegetables,None,Vegetable oil,Seasonings,None,Does not contain
Greek Salad,Cucumbers,None,Olive oil,"Feta cheese, olives",Dairy,Contains
Stuffed Mushrooms,Mushrooms,None,None,"Cheese, breadcrumbs",Dairy,Contains
Berry Parfait,Berries,Honey,Yogurt,Granola,Dairy,Contains
Pumpkin Pie,Pumpkin,Sugar,Butter,"Cinnamon, nutmeg","Wheat, Dairy",Contains
Margherita Pasta,Pasta,None,Olive oil,"Mozzarella cheese, tomatoes, basil",Dairy,Contains
Margherita Pizza,Pizza dough,None,Olive oil,"Mozzarella cheese, tomatoes, basil",Dairy,Contains
Tofu Curry,Tofu,None,Coconut milk,Curry paste,None,Does not contain
Strawberry Spinach Salad,Spinach,None,None,"Strawberries, vinaigrette",None,Does not contain
Lemon Dill Salmon,Salmon,None,Olive oil,"Lemon, dill",Fish,Contains
Stuffed Mushrooms,Mushrooms,None,None,"Cheese, breadcrumbs",Dairy,Contains
Milk Chocolate,Sugar,Cocoa butter,Milk powder,Vanilla extract,Milk,Contains
Mango Salsa,Mango,None,None,"Lime juice, cilantro",None,Does not contain
Blueberry Muffins,Flour,Sugar,Butter,Blueberries,"Wheat, Dairy",Contains
Lemon Bars,Lemon juice,Sugar,Butter,"Flour, eggs","Wheat, Dairy, Eggs",Contains
Lemon Bars,Lemon juice,Sugar,Butter,"Flour, eggs","Wheat, Dairy, Eggs",Contains
Baked Apple,Apples,Sugar,Butter,"Cinnamon, oats","Wheat, Dairy",Contains
Butternut Squash Soup,Butternut squash,None,Butter,Vegetable broth,Dairy,Contains
Caesar Pasta Salad,Pasta,None,Caesar dressing,"Romaine lettuce, Parmesan cheese","Wheat, Dairy",Contains
Pesto Pizza,Pesto sauce,None,None,"Mozzarella cheese, basil",Dairy,Contains
Soy Milk,Soybeans,Sugar,None,Emulsifiers,Soybeans,Contains
Shrimp Scampi,Shrimp,None,Butter,"Garlic, lemon",Shellfish,Contains
Zucchini Bread,Zucchini,Sugar,Butter,"Cinnamon, nuts","Wheat, Dairy, Nuts",Contains
Black Bean Soup,Black beans,None,Olive oil,Vegetables,None,Does not contain
Mashed Potatoes,Potatoes,None,Butter,"Salt, Pepper",Dairy,Contains
Chocolate Cake,Flour,Sugar,Butter,Cocoa powder,"Wheat, Dairy, Cocoa",Contains
Pineapple Upside-Down Cake,Pineapple,Sugar,Butter,Flour,"Wheat, Dairy",Contains
BBQ Ribs,Pork ribs,Brown sugar,Vegetable oil,BBQ sauce,None,Contains
Lemon Poppy Seed Muffins,Flour,Sugar,Butter,"Lemon zest, poppy seeds","Wheat, Dairy",Contains
Cucumber Salad,Cucumber,None,Olive oil,"Lemon juice, dill",None,Does not contain
Greek Yogurt,"Yogurt (milk, cultures)",Honey,None,None,Dairy,Contains
Watermelon Salad,Watermelon,None,None,"Feta cheese, mint",Dairy,Contains
Chocolate Cake,Flour,Sugar,Butter,Cocoa powder,"Wheat, Dairy, Cocoa",Contains
Spinach Stuffed Chicken,Chicken,None,Olive oil,"Spinach, garlic",None,Does not contain
French Onion Soup,Onions,None,Butter,"Beef broth, cheese, bread","Dairy, Wheat",Contains
Beef Tacos,Ground beef,None,Vegetable oil,Taco seasoning,None,Does not contain
Lemon Garlic Shrimp,Shrimp,None,Olive oil,"Lemon juice, garlic",Shellfish,Contains
Pesto Chicken,Chicken,None,Olive oil,Pesto sauce,"Pine nuts, Dairy",Contains
Strawberry Smoothie,Strawberries,Honey,"Yogurt (milk, cultures)",None,Dairy,Contains
Cinnamon Rolls,Dough,Sugar,Butter,"Cinnamon, icing","Wheat, Dairy",Contains
Chocolate Cake,Flour,Sugar,Butter,Cocoa powder,"Wheat, Dairy, Cocoa",Contains
Tandoori Chicken,Chicken,None,Yogurt,Tandoori spices,Dairy,Contains
Honey Mustard Chicken,Chicken breast,Honey,Mustard,Vegetable oil,None,Contains
Baked Garlic Parmesan Chicken,Chicken,None,Butter,"Parmesan cheese, garlic",Dairy,Contains
Margherita Pasta,Pasta,None,Olive oil,"Fresh tomatoes, mozzarella",Dairy,Contains
Dahi Vada,Lentil dumplings,None,Yogurt,"Tamarind chutney, spices",Dairy,Contains
Garlic Bread,Bread,None,Butter,Garlic,"Wheat, Dairy",Contains
Ratatouille,Vegetables,None,Olive oil,"Herbs, garlic",None,Does not contain
Mango Salsa,Mango,None,None,"Red onion, lime",None,Does not contain
Caramelized Onions,Onions,Sugar,Butter,None,None,Does not contain
Chicken Shawarma,Chicken,None,Olive oil,Shawarma seasoning,None,Does not contain
Greek Salad,Cucumbers,None,Olive oil,"Feta cheese, olives",Dairy,Contains
Garlic Bread,Bread,None,Butter,Garlic,"Wheat, Dairy",Contains
Chicken Tikka Masala,Chicken,None,Ghee,Tikka masala sauce,"Dairy, Ghee",Contains
Hyderabadi Biryani,Basmati rice,None,Ghee,"Meat/vegetables, spices",None,Does not contain
Caprese Sandwich,Tomatoes,None,Olive oil,"Mozzarella cheese, basil",Dairy,Contains
Sweet and Sour Chicken,Chicken,Sugar,Vegetable oil,"Pineapple, bell peppers",None,Does not contain
Pesto Pasta Salad,Pasta,None,Pesto sauce,"Tomatoes, vegetables",None,Does not contain
Egg Salad Sandwich,Eggs,Mayonnaise,None,"Celery, mustard","Eggs, Mustard",Contains
Chicken Teriyaki,Chicken,None,Soy sauce,"Honey, ginger",Soybeans,Contains
Caprese Salad,Tomatoes,None,Olive oil,"Mozzarella cheese, basil",Dairy,Contains
Sushi Bowl,Sushi rice,None,Soy sauce,"Raw fish, vegetables","Fish, Soybeans",Contains
Spinach Stuffed Chicken,Chicken,None,Olive oil,"Spinach, garlic",None,Does not contain
Stuffed Bell Peppers,Bell peppers,None,Olive oil,"Ground meat, rice",None,Does not contain
Lemon Garlic Chicken,Chicken,None,Olive oil,"Lemon juice, garlic",None,Does not contain
Beef Wellington,Beef,None,Butter,"Mushrooms, puff pastry","Wheat, Dairy",Contains
Ratatouille Pasta,Pasta,None,Olive oil,Ratatouille vegetables,None,Does not contain
Baked Salmon,Salmon,None,Olive oil,"Lemon, herbs",Fish,Contains
Banana Smoothie,Bananas,Honey,"Yogurt (milk, cultures)",None,Dairy,Contains
Chicken Teriyaki,Chicken,None,Soy sauce,"Honey, ginger",Soybeans,Contains
Zucchini Noodles,Zucchini,None,Olive oil,"Garlic, herbs",None,Does not contain
Teriyaki Beef,Beef,None,Soy sauce,"Teriyaki sauce, vegetables",Soybeans,Contains
Baked Brie,Brie cheese,None,None,"Herbs, nuts","Dairy, Nuts",Contains
Blueberry Muffins,Blueberries,Sugar,Butter,Flour,"Wheat, Dairy",Contains
Pecan Pie,Pecans,Sugar,Butter,Corn syrup,"Wheat, Dairy, Nuts",Contains
Caramel Popcorn,Popcorn,Sugar,Butter,Salt,Dairy,Contains
Aloo Gobi,Potatoes,None,Oil,"Cauliflower, spices",None,Does not contain
Caramel Popcorn,Popcorn,Sugar,Butter,Salt,Dairy,Contains
Beef Burritos,Beef,None,Vegetable oil,Burrito seasoning,None,Does not contain
Tuna Sandwich,Tuna,Mayonnaise,None,"Salt, Pepper","Fish, Eggs",Contains
Berry Parfait,Mixed berries,Sugar,"Yogurt (milk, cultures)",Granola,Dairy,Contains
Mushroom Soup,Mushrooms,None,Butter,Vegetable broth,Dairy,Contains
Mango Salsa,Mango,None,None,"Lime juice, cilantro",None,Does not contain
Lentil Soup,Lentils,None,Olive oil,Vegetables,None,Does not contain
Palak Paneer,Spinach,None,Ghee,"Paneer, spices",Dairy,Contains
Greek Lemon Potatoes,Potatoes,None,Olive oil,"Lemon juice, herbs",None,Does not contain
Chicken Alfredo,Chicken,None,Butter,"Cream, Parmesan cheese",Dairy,Contains
Cheese Pizza,Cheese,None,None,Tomato sauce,Dairy,Contains
Blueberry Pancakes,Flour,Sugar,Butter,Blueberries,"Wheat, Dairy",Contains
Butter Naan,Flour,None,Butter,None,"Wheat, Dairy",Contains
Chicken Satay,Chicken,None,Peanut butter,Soy sauce,Peanuts,Contains
Wheat Bread,Wheat flour,None,None,Salt,Wheat,Contains
Chicken Alfredo,Chicken,None,Butter,"Cream, Parmesan cheese",Dairy,Contains
Tofu Stir-Fry,Tofu,None,Vegetable oil,Soy sauce,Soybeans,Contains
Beef Burritos,Ground beef,None,Vegetable oil,Taco seasoning,None,Does not contain
Caesar Salad,Romaine lettuce,None,Olive oil,Caesar dressing,Dairy,Contains
Banana Smoothie,Bananas,Honey,"Yogurt (milk, cultures)",None,Dairy,Contains
French Onion Soup,Onions,None,Butter,"Beef broth, cheese, bread","Dairy, Wheat",Contains
Baked Apple,Apples,Sugar,Butter,"Cinnamon, oats","Wheat, Dairy",Contains
Grilled Portobello Mushroom Burger,Portobello mushrooms,None,None,"Burger bun, vegetables",Wheat,Contains
Lemonade,Lemon juice,Sugar,Water,None,None,Does not contain
Raspberry Spinach Salad,Spinach,None,None,"Raspberries, vinaigrette",None,Does not contain
Fruit Salad,Mixed fruits,Sugar,None,Lemon juice,None,Does not contain
Avocado Toast,Avocado,None,Olive oil,"Salt, pepper",None,Does not contain
Sushi Bowl,Sushi rice,None,Soy sauce,"Raw fish, vegetables","Fish, Soybeans",Contains
Baked Apple,Apples,Sugar,Butter,"Cinnamon, oats","Wheat, Dairy",Contains
Egg Salad Sandwich,Eggs,Mayonnaise,None,"Celery, mustard","Eggs, Mustard",Contains
Baked Cod,Cod,None,Butter,"Lemon, herbs","Fish, Dairy",Contains
Beef Stir-Fry,Beef,None,Vegetable oil,Soy sauce,None,Does not contain
Baked Chicken Wings,Chicken wings,None,Olive oil,Seasonings,None,Does not contain
Avocado Toast,Avocado,None,Olive oil,"Salt, pepper",None,Does not contain
Carrot Cake,Carrots,Sugar,Vegetable oil,Cinnamon,"Wheat, Dairy",Contains
Shrimp Fried Rice,Shrimp,None,Vegetable oil,Soy sauce,"Shellfish, Soybeans",Contains
Tiramisu,Ladyfingers,Sugar,"Mascarpone cheese, coffee liqueur",Cocoa powder,"Wheat, Dairy, Alcohol",Contains
Dal Makhani,Lentils,None,Ghee,"Cream, spices",Dairy,Contains
Avocado Toast,Avocado,None,Olive oil,"Salt, pepper",None,Does not contain
Beef Stir-Fry,Beef,None,Vegetable oil,Soy sauce,None,Does not contain
Brussels Sprouts,Brussels sprouts,None,Olive oil,Balsamic glaze,None,Does not contain
Zucchini Noodles with Pesto,Zucchini,None,Olive oil,Pesto sauce,"Pine nuts, Dairy",Contains
Rajma Chawal,Kidney beans,None,Ghee,Spices,None,Contains
Baked Apple,Apples,Sugar,Butter,"Cinnamon, oats","Wheat, Dairy",Contains
Chicken Parmesan,Chicken,None,Olive oil,"Tomato sauce, cheese","Wheat, Dairy",Contains
